song_id,artist_name,title,tempo,key,mode,time_signature,loudness,duration
SOMZWCG12A8C13C480,Casual,I Didn't Mean To,92.198,1,0,4,-11.197,218.93179
SOCIWDW12A8C13D406,The Box Tops,Soul Deep,121.274,6,0,4,-9.843,148.03546
SOXVLOJ12AB0189215,Sonora Santanera,Amor De Cabaret,100.07,8,1,1,-9.689,177.47546
SONHOTT12A8C13493C,Adam Ant,Something Girls,119.293,0,1,4,-9.013,233.40363
SOFSOCN12A8C143F5D,Gob,Face the Ashes,129.738,2,1,4,-4.501,209.60608
SOYMRWW12A6D4FAB14,Jeff And Sheri Easter,The Moon And I (Ordinary Day Album Version),147.782,5,1,3,-9.323,267.7024
SOMJBYD12A6D4F8557,Rated R,Keepin It Real (Skit),111.787,1,1,1,-17.302,114.78159
SOHKNRJ12A6701D1F8,Tweeterfriendly Music,Drop of Rain,101.43,4,0,3,-11.642,189.57016
SOIAZJW12AB01853F1,Planet P Project,Pink World,86.643,4,1,4,-13.496,269.81832
SOUDSGM12AC9618304,Clp,Insatiable (Instrumental Version),114.041,7,0,4,-6.697,266.39628
SOQHXMF12AB0182363,JennyAnyKind,Young Boy Blues,146.765,5,0,1,-10.021,218.77506
SOKEJEJ12A8C13E0D0,Wayne Watson,The Urgency (LP Version),117.975,7,1,4,-7.545,245.21098
SOMUYGI12AB0188633,Andy Andy,La Culpa,130.04,9,1,4,-6.632,226.35057
SORAMLE12AB017C8B0,Bob Azzam,Auguri Cha Cha,137.334,10,0,1,-7.75,191.84281
SOBONFF12A6D4F84D8,Lionel Richie,Tonight Will Be Alright,125.197,3,1,3,-8.346,307.3824
SOHUOAP12A8AE488E9,Blue Rodeo,Floating,119.826,7,1,4,-8.576,491.12771
SOUQQEA12A8C134B1B,Richard Souther,High Tide,127.756,8,1,5,-16.11,228.5971
SOILPQQ12AB017E82A,Faiz Ali Faiz,Sohna Nee Sohna Data,99.273,6,1,4,-8.032,599.24853
SOXLBJT12A8C140925,Tesla,Caught In A Dream,150.062,7,1,4,-5.271,290.29832
SOZVMJI12AB01808AF,lextrical,Synthetic Dream,138.331,7,1,4,-6.787,165.69424
SOWTBJW12AC468AC6E,Jimmy Wakely,Broken-Down Merry-Go-Round,86.186,1,1,3,-15.221,151.84934
SOBEBDG12A58A76D60,Alice Stuart,Kassie Jones,110.382,11,1,1,-8.514,220.78649
SOZCTXZ12AB0182364,Elena,Setanta matins,111.874,2,1,4,-8.05,269.58322
SOBBUGU12A8C13E95D,The Dillinger Escape Plan,Setting Fire to Sleeping Giants,166.862,7,1,4,-4.264,207.77751
SOBLGCN12AB0183212,SUE THOMPSON,James (Hold The Ladder Steady),137.522,10,1,4,-12.332,124.86485
SOPSWQW12A6D4F8781,Five Bolt Main,Made Like This (Live),164.672,7,1,1,-5.908,225.09669
SOZQDIU12A58A7BCF6,Clp,Superconfidential,125.006,6,0,4,-6.486,338.31138
SONYPOM12A8C13B2D7,Tim Wilson,I Think My Wife Is Running Around On Me (Taco Hell),90.022,5,1,1,-4.516,186.48771
SOBZBAZ12A6D4F8742,Willie Bobo,Spanish Grease,127.025,8,1,4,-9.616,168.25424
SOVYKGO12AB0187199,Faye Adams,Crazy Mixed Up World,95.957,8,1,3,-18.051,156.39465
SOGNCJP12A58A80271,Terry Callier,Do You Finally Need A Friend,110.189,6,1,3,-11.939,342.56934
SOLLHMX12AB01846DC,John Wesley,The Emperor Falls,138.007,4,0,4,-15.335,484.62322
SOYTPEP12AB0180E7B,The Shangri-Las,Twist and Shout,130.1,10,1,1,-10.922,164.80608
SOGXHEG12AB018653E,Billie Jo Spears,It Makes No Difference Now,160.839,4,1,1,-9.983,133.32853
SOOLYAZ12A6701F4A6,Mike Jones (Featuring CJ_ Mello & Lil' Bran),Laws Patrolling (Album Version),41.993,7,1,1,-7.762,173.66159
SOGOSOV12AF72A285E,Sierra Maestra,¿Dónde va Chichi?,189.646,9,1,3,-9.512,313.12934
SOJXVAH12A8C139700,Butthole Surfers,"Barking Dogs (From ""Piouhgd"")",130.586,4,0,4,-9.063,450.84689
SOVXMTN12A8C135A18,Despina Vandi,OUTE ENA EFHARISTO,128.292,8,0,4,-8.879,303.09832
SORSECL12AB0182267,Javier Navarrete,Midnight Swim,90.932,3,1,3,-17.699,128.83546
SOOGFBZ12AC3DF7FF2,Jacob Young,In A Subtle Way,89.667,1,1,4,-19.478,456.30649
SOMSBGZ12AB018C4CB,Scarlet's Remains,Spin,115.061,7,1,4,-7.469,198.73914
SONYRZV12AB018AF70,The Suicide Machines,Burning In The Aftermath,115.887,2,1,4,-2.022,95.68608
SONQBUB12A6D4F8ED0,The Rolling Stones,Angie (1993 Digital Remaster),139.333,9,0,1,-10.358,271.49016
SOHGKJW12AC468A8BD,Roberto Torres,Sabor Guajiro,117.271,0,1,4,-12.716,226.66404
SOINBCU12A6D4F94C0,Loudon Wainwright III,Human Cannonball,102.428,3,1,4,-15.663,190.48444
SOTWVQT12A58A79650,R.L. Burnside,Glory Be,89.984,2,1,4,-6.944,277.78567
SOTSEJY12AB0180F56,Stevie Ray Vaughan,Crossfire,116.721,1,1,4,-7.805,248.78975
SOTSETT12AB01863B8,John Hammond,I Can't Be Satisfied,123.142,7,1,4,-10.7,195.3171
SOTUNMH12A6D4FA3E6,Casiotone For The Painfully Alone,Nashville Parthenon,141.919,0,1,4,-10.93,175.72526
SOEPPKB12AB018418B,Ec8or,Cocain Ducks,95.596,10,0,4,-9.493,217.23383
SOGKIWV12A6D4F86C4,The New York Dolls,Human Being,154.953,11,1,1,-9.253,344.05832
SOPHYIS12AAF3B35A3,Eliane Elias,The More I See You,86.091,7,1,5,-12.009,251.42812
SOFHBAR12A6701D0FE,Lost Boyz,Certain Things We Do,90.218,7,1,4,-11.043,269.7922
SOCPRKM12AB018A2FD,The Germs,Forming,133.144,11,0,1,-11.506,206.05342
SOFGHAM12AB0186412,Yamandu Costa,Mafuá,205.317,2,1,4,-14.179,190.04036
SODHVES12A6701CE6B,Chris Rea,Driving Home For Christmas,180.149,9,1,4,-8.531,241.162
SOXIATP12AAF3B2184,Perrey And Kingsley,Spooks In Space,102.538,0,0,4,-8.541,122.64444
SOGNQWU12A8AE4868F,Eurythmics,Tous Les Garçons Et Les Filles,84.164,0,1,4,-6.629,207.0722
SOYQOFI12A6D4F76E1,Francis Dunnery,Too Much Saturn,124.175,7,1,4,-13.33,300.79955
SOVOLGY12A6D4F822B,John Cale,Movement 4 [from Kiss] (Album Version),137.004,7,1,1,-12.412,228.46649
SOMZCVH12AB0182B8E,Suzanne Ciani,Stream,106.33,7,1,4,-21.552,239.59465
SONXJBL12AAF3B2C0C,Vickie Winans,Make Me Over,107.961,11,0,4,-8.686,228.93669
SOYWZTU12AB0180E26,The Berzerker,Deform (live),174.287,1,1,3,-6.222,165.61587
SOLGHDZ12AB0183B11,Kings Of Leon,Wicker Chair,116.823,0,1,4,-5.907,187.92444
SOTNTNJ12AAA15FBD6,Edith Lefel,An ti chans',101.972,0,1,4,-4.638,276.50567
SOXZXXV12AAF3B3A67,Taras,I Will Love Again (JJ's Club Radio),127.97,11,0,4,-5.884,200.25424
SOPIKEG12A58291636,NOFX,Stickin In My Eye,152.622,4,0,4,-7.787,144.50893
SOIRNBO12AC468D207,Murskahumppa,Ota kiinni,110.787,7,1,3,-8.488,285.17832
SOSBDSF12AB0189007,Soda Stereo,Entre Caníbales,112.903,7,1,4,-9.603,246.69995
SOIJXXM12A8C1416D6,Bruce Rowland,Rosemary Recalls,115.642,7,1,4,-26.266,84.03546
SOHMMMC12AB0181C42,Xcultures,Sudanese Dance,125.013,1,1,4,-6.305,273.52771
SOVJXVJ12A8C13517D,White Heart,Where The Thunder Roars (Tales Of Wonder Album Version),113.277,5,1,4,-9.998,298.84036
SOFZCTA12AB0188D8F,Heavy D / McGruff,Wanna Be A Player,96.979,5,0,4,-9.161,161.38404
SOLRYQR12A670215BF,Van Halen,Panama (Remastered Album Version),140.995,8,1,1,-4.865,209.29261
SOCHRXB12A8AE48069,Black Eyed Peas,Let's Get It Started,105.206,11,0,4,-4.882,229.61587
SOKBBXO12A6701DEA0,Nine Inch Nails,Metal,63.017,0,0,4,-12.951,426.89261
SOWHYUG12A58A77FAB,Nick Cave & The Bad Seeds,She Fell Away (2009 Digital Remaster),144.603,9,0,4,-11.751,269.26975
SOYSTDI12A6D4F6500,Nadine Renee,Next Time,167.92,2,1,4,-6.693,249.41669
SOOOROX12A6D4F8400,Lesley Gore,It's My Party,129.122,9,1,1,-9.091,136.48934
SONSPZE12AB01819CE,Smartbomb,Complicate It,132.022,0,1,4,-2.658,233.27302
SOHWGFU12AB017B036,Suburbs,Monde De Fou,183.92,1,1,1,-4.42,187.24526
SOQQVQJ12AB0185192,Emperor,Opus a Satana (Part 2),89.867,9,0,4,-11.051,72.61995
SODRHHD12AB0189F2A,Julien Clerc,This Melody (Live),119.896,2,1,5,-9.97,272.63955
SOQGFVO12A8C13C8C3,Glen Campbell,I'm Gone This Time,137.29,1,0,4,-11.335,142.75873
SORABMD12A8C136672,T.G. Sheppard,You Feel Good All Over,82.343,5,1,1,-15.581,194.11546
SOTUBVH12AB018D2EC,Slim Whitman,Indian Love Call,91.487,3,1,4,-11.98,195.91791
SOMQAGT12A8C132DB4,Savage Garden,You Can Still Be Free,84.69,9,0,5,-11.215,118.33424
SOKLLOH12A67020F2C,Queens Of The Stone Age,I Never Came,115.606,2,1,4,-8.165,288.41751
SONRLQH12AB017C232,Hank Penny & The Lincoln Penny Orchestra,Dixie,126.523,7,0,1,-12.69,123.21914
SODDZAD12A6701DC4C,Inspiral Carpets,Commercial Reign,113.677,2,1,4,-8.7,283.76771
SORENXV12A6701F61F,Borialis,Hourglass,86.938,2,1,4,-5.758,239.3073
SOYMMDY12AB01825B2,The Dirty Skirts,Wake,141.936,0,1,4,-4.907,206.75873
SOJWQIP12A6D4F710A,Flor Silvestre,Caricia Y Herida,106.049,11,1,1,-8.133,134.81751
SOOVOKS12AB017EE57,Bézu,Le tortillard,126.88,8,1,4,-9.093,285.64853
SORWHWY12A6702038E,Redman,WKYA (drop),85.008,1,0,5,-10.296,124.18567
SOGYYLE12A8C13E5EA,Solistiyhtye Suomi,Teräslintu,133.699,4,0,1,-12.839,134.08608
SOITUXQ12AB0183AE9,Eddie Cantor,Now's The Time To Fall In Love,118.975,11,1,1,-13.71,155.61098
SOTWEZZ12A8C142B60,Schizoid,Grim Prospects (Gross Prospects - Bad Trip Remix),102.408,9,1,4,-2.119,275.40853
SOUVRGZ12A58A77F90,Kai Winding,Mangos,112.006,0,1,4,-14.438,223.4771
SOBLTSM12A6D4F9EEA,Sonny Simmons,A Distant Voice,45.527,1,1,4,-13.002,443.24526
SOUQVUD12A8C142DCE,Mira,Openbare Weg,85.621,4,1,4,-12.004,177.81506
SOCRPDR12AB0185B75,Citizen Kaned,President Johnson,108.061,8,0,4,-8.37,385.33179
SOXVBVL12AF72A600C,The Brooklyn Tabernacle Choir,Lead Me Lord,216.195,7,1,5,-11.829,324.44036
SOIQHDR12AB01896C8,Ellen McIlwaine,Spontanous Combustion,132.428,7,1,4,-6.29,275.12118
SODLSHA12AAF3B29F2,Vince Guaraldi / Bola Sete,Choro,168.307,5,0,4,-15.761,294.66077
SOAGHMH12AB0180285,Maurice Chevalier,Ma Louise,140.956,0,1,7,-27.433,193.20118
SORAVUP12AB018556E,Carl Cox Vs Yousef,I Want You (Forever),130.016,1,1,5,-5.701,357.82485
SOFXNQP12AB0184F1A,Organized Konfusion,Hate,175.769,11,0,4,-8.709,198.3473
SOGQTRZ12A8C13C8B0,Martina McBride,I Can't Stop Loving You,100.194,7,1,3,-13.627,261.95546
SOBHVZQ12AC9618285,Horace Andy,Thank You Lord,151.911,2,1,4,-11.479,176.27383
SOYPBCY12AB0181EF3,Nazz,How Can You Call That Beautiful (Stewkey Vocal),119.691,9,1,4,-6.302,220.89098
SOWRLSY12AC4687694,Tyrone Davis,Cheatin' In The Next Room,161.976,10,1,4,-10.466,235.91138
SOOGQWR12A8C142505,Hot Tuna,Candy Man,172.398,0,1,1,-9.275,239.59465
SOJDYQY12AB0188C97,Richard Burton,I See The Boys Of Summer,109.823,2,1,3,-37.398,171.49342
SOBHQUF12AB018B03E,Rory Block,Three Is a Crowd,90.101,1,1,1,-13.836,266.05669
SOFRAZJ12A8C143CDB,Boyz II Men,On Bended Knee,116.473,8,1,4,-7.103,329.27302
SONNDHT12A8C13F20B,Howard Armstrong,My Four Reasons,126.821,9,0,4,-13.495,198.922
SOYZOXW12A8C13E195,Donny Hathaway,Little Girl (LP Version),111.191,2,1,3,-15.144,283.21914
SOSGJTX12AB0181F7C,Miguel Gallardo,Eternamente Amame,125.508,5,1,4,-12.991,238.68036
SOBQBWP12AB018611B,Les Ogres De Barback,Niev nietch nievitch,137.888,4,0,1,-6.01,254.06649
SODULLV12AB017FA09,DJ X-Change featuring DJ Joey A,Come Over,150.012,6,0,4,-5.58,184.31955
SOYAGJM12A8C13DCCE,Morel,Blue Taxi,108.367,10,1,4,-4.313,311.40526
SORXUZZ12A8AE4798A,Tony Joe White,I Want Love (Tween You & Me) (Album Version),173.482,2,1,4,-17.285,162.53342
SOCHXAE12AF72A25D6,Wolfmother,White Feather,110.745,4,0,4,-5.931,212.37506
SOCRHCQ12A58A7C8C6,The Roches,Christlike Roche,130.027,2,0,4,-14.248,338.33751
SOSEJIQ12AB017E7EB,Bob Margolin,You Rascal You,110.168,11,1,4,-12.651,126.51057
SOMXWXQ12AC3DFA002,Thomas Battenstein,Sympathy,97.976,9,0,3,-16.056,205.58322
SOGMXBW12A6D4FB8D7,Jupiter Rising,They Say (Album),119.979,0,0,4,-5.913,193.4624
SOOPUTF12AB018DFAA,Dharma Bums,Simon's Folly,156.968,6,1,1,-5.541,127.4771
SOFDTRZ12AB018DD11,Saafir,Crawl Before You Ball (Album Version),188.886,5,1,4,-6.019,234.762
SOOGNJP12A8C1381AD,The Verve Pipe,Medicate Myself,133.306,9,1,4,-4.953,292.8322
SOFUBCP12A8C13D5EF,Bob Neuwirth,Biding Her Time,152.267,4,1,3,-18.114,241.10975
SOVZBDR12A6702012E,Marvin Sapp,More And More  (LP Version),166.275,1,1,4,-11.061,270.68036
SOPWKSS12AC468E659,James Hunter,Cowboy Ways,114.971,2,1,4,-7.04,188.73424
SOCCQIQ12A8C13C76B,Nelson Ned,Brasas Vivas,144.651,9,0,4,-15.358,211.80036
SODBMZD12A8C134232,Mish Mash,Kolomeyke,152.005,2,1,1,-11.213,254.32771
SOBUWPY12A8C1446C0,Cama,In This Life,155.074,1,0,1,-5.904,210.36363
SORWXUP12A58A79E65,Maxi Priest,Groovin' In The Midnight,61.971,10,0,1,-8.095,301.81832
SOJEVZW12A8C133988,Porcupine Tree,Waiting,124.04,6,0,5,-7.982,416.80934
SOOODKC12AB018462F,Ragheb Alama,A'chek Ouyounik (2009 Digital Remaster),191.196,7,0,4,-8.804,413.36118
SODOLVO12B0B80B2F4,Foo Fighters,Hell,152.127,7,1,4,-5.699,117.002
SOEHWGF12A6D4F8B2B,Shakira Featuring Wyclef Jean,Hips Don't Lie (featuring Wyclef Jean),100.023,10,0,4,-5.152,217.36444
SOOZLTC12A6D4FBE91,The Avengers,Juoksuhauta-twist (Elämä juoksuhaudoissa),192.688,10,1,4,-9.965,122.72281
SOOSYMY12AB01888CD,Robben Ford,I Got Over It (Album Version),154.322,11,0,4,-11.976,203.98975
SOPBKEB12A6D4FD777,Brazilian Tropical Orchestra,One Less Bell To Answer,236.006,5,1,4,-10.229,192.44363
SOEWQYW12AB0183FDE,Gil Semedo,Festa,150.666,11,1,5,-6.284,285.36118
SOFBQIA12AB0182219,Soda Stereo,Te Hacen Falta Vitaminas,175.421,11,0,1,-3.818,225.12281
SOHDDHR12AB0183552,Xmilk,Sense And Trick,104.153,9,0,4,-4.633,123.66322
SONWQQX12AC3DF6762,Dolce; Oscar G.,Fire (Oscar G Space Vocal Mix),127.278,11,0,4,-5.602,525.16526
SOGXFIF12A58A78CC4,Britt Nicole,Hanging On (Medium Key Performance Track Without Background Vocals),160.165,6,1,4,-5.157,204.06812
SOIPNSZ12A8C144128,Schizoid,Grim Prospects (Version 2 Remix),86.091,5,1,3,-1.925,166.00771
SOEXSIN12A8C133B0A,Toni Braxton Featuring Shaggy,Christmas In Jamaica,149.94,0,1,4,-5.21,219.01016
SOTSMNJ12AB018365E,Perrey And Kingsley,Gossippo Perpetuo,135.78,0,1,4,-12.717,127.9473
SOLGRUN12A8C140543,Sven Tasnadi,2190 Dias Contigo,122.967,7,1,4,-12.28,570.90567
SOQCHGV12AC4688FC6,Eddie,No Control,142.024,9,1,4,-9.748,230.00771
SOXCWTT12AC9075756,Enthroned,The Vitalized Shell,135.535,2,0,7,-4.878,240.74404
SOAFIPD12A8C13A261,Suzanne Ciani,Mozart,139.189,2,1,3,-23.988,192.20853
SOMJPML12A8C13D74E,Milan Band,Ciao Milan,128.598,8,1,5,-9.414,152.0322
SOCVDYI12AC4687DDB,Johnny Osbourne,Lend Me Your Chopper,163.445,3,0,4,-9.741,215.30077
SOEVGMZ12A8C1421B5,Dolly Parton,Letter To Heaven,114.027,7,0,3,-11.965,155.21914
SOCGURJ12AB0182AEE,Rance Allen Group,Heaven is Where The Heart Is,111.316,7,1,1,-12.779,207.12444
SOHTWLT12A8C13CFE1,Pearl Jam,Inside Job,105.994,4,0,3,-8.403,428.56444
SOVQZYP12A8C144692,Natalie Cole,Take A Look  (LP Version),88.489,8,1,1,-13.251,185.7824
SOHHANU12A58A77C66,Mastodon,The Czar: Usurper/Escape/Martyr/Spiral (Album Version),118.433,7,0,4,-5.884,654.28853
SOTHWPG12AB018C90E,Kiril Valeri,Bulgarian Dream,96.007,11,1,4,-6.929,306.72934
SOOQHNV12AB0186CD4,Word,Amalgama,187.807,9,1,4,-4.198,229.51138
SOSGXRU12AAF3B2B07,DJ Quik,Born and Raised In Compton,181.115,7,0,4,-6.998,205.58322
SOFRUDU12A8C13A40C,Hank Locklin,We're Gonna Go Fishin',148.357,2,1,4,-12.772,127.05914
SONXLQQ12AB0184B54,BT,Robbers Kill Cop,136.164,1,0,4,-18.147,44.35546
SOKPHVH12AB0187460,2-4 Grooves feat. Reki D.,Relax,126.941,4,0,4,-7.661,203.83302
SOIUGDX12A6D4FDECA,The Jordanaires,Sweet By And By,159.582,5,1,3,-17.308,176.50893
SOAYYDM12AB01817E6,Descendents,Orgofart,89.495,6,0,4,-28.347,140.66893
SORAJXA12A58A7A4C9,L.A. Guns,Bitch Is Back,102.259,5,0,3,-2.869,201.09016
SODJUNF12A8C13337F,Bare Jr.,Naked Albino,107.529,10,1,3,-7.309,254.79791
SOVDDWO12A6D4F9A78,Shelley Fabares,Johnny Loves Me (LP Version),99.408,0,1,4,-15.351,143.0722
SOFGQAP12AB0185946,Norrie Paramor,Dearly Beloved,79.731,9,1,4,-25.694,163.49995
SORGLCR12AB0184B69,Gary Hobbs,The Look Of Love,188.502,0,1,1,-9.435,289.64526
SOLBIIE12AB0184DFC,Diesel Boy,Cooler Than You,133.729,11,1,1,-4.793,124.15955
SORHOEV12A81C20F71,Angelo Badalamenti,Taryns Deepest Fear,139.136,4,0,4,-17.623,167.3922
SOFPYXC12A58A7A4B9,Cradle Of Filth,Summer Dying Fast,193.693,2,0,4,-6.2,321.35791
SOFQGCQ12AB0183609,Jim Chappell,Still,76.693,0,1,4,-19.821,263.94077
SOEBDBO12AC4688712,Ladybug,Snapshot,126.95,10,1,4,-9.632,341.36771
SONIQSB12AB0189829,Bandido,End Of The Road (Head Hornys Remix),144.812,6,1,1,-5.671,333.13914
SOYNEII12AB0181DB6,Brixx,7 Miles,138.003,11,0,4,-11.708,349.12608
SOKIGWD12A6701DE9D,Nine Inch Nails,The Frail,130.284,7,0,4,-16.968,168.56771
SOHXKAN12AC46872F1,Susana Seivane,Para Milladoiro,152.013,10,1,4,-13.038,350.71955
SOQZHMH12A8C13A393,Leland Martin,Stone Cold Fingers (Bonus Track),159.968,4,1,4,-10.647,175.62077
SOLEYPL12A6D4F83CE,Test Icicles,Snowball,75.031,4,0,4,-4.172,190.24934
SOZFCNC12A6D4F76F3,Heaven 17,(We Don't Need This) Fascist Groove Thang,150.837,7,1,4,-10.756,255.16363
SOPUQFS12A8C13DE1E,React,Drunk Alone,143.231,10,0,1,-3.422,120.2673
SOPNRDT12AB018A2D8,Sven Tasnadi,Charisma,123.993,11,1,4,-12.26,557.26975
SOGTLVU12A8AE47D5D,Mance Lipscomb,Going Down Slow,97.981,11,1,1,-23.527,187.53261
SOXNMDZ12A6D4FA20D,Scott Wesley Brown,All Rise,137.288,2,1,4,-9.435,295.60118
SOGOJBW12AB018513B,Flávio José,Jogo Limpo,168.323,3,1,4,-8.639,252.02893
SONNOCP12A8C145220,Moss,Silent Hill,111.079,2,1,4,-7.672,329.35138
SOUDHTP12AB0183403,Pery Ribeiro,Our Love Is Here To Stay,133.009,0,1,4,-13.668,180.00934
SOWDEPU12A8C137B14,Soular,Everything Changes,146.577,6,1,5,-6.885,244.45342
SOJBYGW12A8C13A497,Dimmu Borgir,Master Of Disharmony,140.458,6,0,3,-4.2,282.53995
SOQDTQP12A6D4F793F,Public Image Ltd,(This Is Not A) Love Song (Live),132.506,0,1,4,-16.433,388.28363
SOJHKYL12A6D4FA0AC,Gary Moore,What Are We Here For,153.862,2,1,4,-6.951,345.93914
SOJVWBA12AB018C326,Pascal Sangla,Une petite pause,93.238,9,1,4,-14.737,243.1473
SONRSQW12A6D4F6D1C,The B-52's,Wig,124.086,0,1,4,-9.628,261.74649
SONTBYD12A58A77A29,Dakis,Perasmena Mesanihta,66.765,2,0,1,-8.46,172.25098
SOMKMPB12A8C1447D0,Sex Pistols,God Save the Queen (Live),145.518,9,1,4,-3.736,216.60689
SOSGQPS12A8AE48538,Chris Brown,Forever,139.998,1,1,4,-4.376,363.59791
SOKENJQ12AB017EC8C,Deekline & Wizard,Sun Is Shining,90.648,0,1,3,-6.947,271.77751
SOBNTXB12A8C1428BA,Daniela Dessì,New Age,140.334,2,0,4,-12.279,330.65751
SOIKIJC12AC3DFB3D2,Hem,Have Yourself A Merry Little Christmas,89.86,5,1,1,-15.736,133.27628
SOFJNQR12A6D4FAE92,Lily Allen,U Killed It,156.097,9,1,4,-5.871,264.69832
SOGDFIT12AB018528B,Pentangle,Rain And Snow,179.501,5,1,1,-12.053,228.51873
SOOIZTH12AB018C12E,DJ Dips,Gerra De De,86.689,1,1,3,-6.248,240.3522
SOQPJUL12AB0189379,Ana Bekuta,Kako mi je pitas sad,160.261,0,1,5,-13.703,145.57995
SOMBQEO12A8C135018,Jason Miles,Voices On The Corner,101.03,10,0,4,-9.716,235.80689
SOCQWKZ12A8C13CE4C,Busdriver,(Bloody Paw On The) Kill Floor,155.038,6,1,4,-6.258,192.1824
SONETAN12A58A7ACEB,Byther Smith,I Wish My Mother Was Here,117.168,1,1,3,-11.702,418.87302
SOKEXTF12A8C13AE7E,Bebo & Cigala,Inolvidable,132.967,2,0,1,-14.509,198.26893
SOUJISW12CF4E09416,Bizarre Inc,Miracle,139.91,11,1,4,-9.062,420.10077
SOJKDKH12A58A761A2,Bongzilla,Witch Weed (Live),95.882,9,1,4,-6.788,397.26975
SOTWWBZ12AB01845E0,The Gone Jackals,Not Buried Deep Enough,135.175,4,1,3,-12.772,229.79873
SOKZTUH12AB018B938,The Willis Brothers,Give Me 40 Acres (To Turn This Rig Around),121.983,7,1,3,-9.258,150.64771
SOQDTZG12A8C1442E3,Laurindo Almeida / Carlos Barbosa-Lima / Charlie Byrd,Ernesto Nazareth,169.775,9,0,3,-24.597,286.14485
SOIFOLA12AB017CDA1,S.U.P,The Cube (Live),137.862,11,0,4,-8.161,384.70485
SOKHVZO12AB0184C4D,Boogie Pimps,Get Back Down,83.326,1,1,3,-6.751,415.03302
SOMISOP12AC468D9D5,Brian Keane,Battle Of The Rosebud / Cries,117.667,4,1,3,-29.295,133.53751
SOOZKNQ12A6D4F6FD4,Aberdeen,Beyond the Light,90.908,9,1,3,-12.658,266.70975
SOGOQGE12AB0182907,The Killers,Spaceman,151.953,4,1,4,-6.546,284.3424
SOWTIDJ12AB018808C,Gloriana,Pulecenella 'e mò,161.054,0,0,4,-17.522,179.06893
SONIHLC12AB0187B0C,Butterfly Temple,Iskorosten' (instr.),159.895,8,1,5,-10.777,100.5971
SOLBHCO12AB018769A,Grant Geissman,Big Stax/High Volts (Album Version),128.219,9,1,4,-9.993,320.60036
SOVZVPT12AB018A59E,20/20,It Goes On,101.229,6,1,4,-12.99,302.36689
SOZWDHS12AB0188A33,José Augusto,Pecado De Amor,98.859,0,1,4,-8.339,284.70812
SOFSKON12A8C13B3B5,Orbital,Illuminate,125.975,0,1,4,-6.531,327.8624
SOBOCAG12A6BD55D56,Bone Thugs-N-Harmony / Akon,Never Forget Me,154.09,1,1,4,-6.933,286.30159
SONCYFS12A8C14261E,Moonsorrow,Ukkosenjumalan poika,124.237,9,1,4,-4.178,356.49261
SOTNBNN12A6D4F6CC7,N.W.A.,A B***** Is A B***** (Edited),97.099,9,1,4,-8.91,168.75057
SOXZLDX12A58A7CE52,Rage Against The Machine,Kick Out The Jams,140.63,9,1,1,-2.069,201.56036
SOEESQT12A8C13C7D5,Jazz Gillum,Me And My Buddy,101.41,0,0,1,-16.844,185.67791
SOSKUNI12AB0187F12,Rise Against,Amber Changing,186.254,4,1,4,-3.803,218.8273
SOSLFMU12AB018FFEA,Ultraviolence,Murder Academy,210.47,1,1,4,-10.57,303.04608
SOOKISK12AB0180667,Korn,Hey Daddy,94.057,7,1,4,-6.694,224.522
SOVGBEK12A8C134E04,Sir Neville Marriner,4 Sea Interludes Op. 33a: Storm,100.349,4,1,1,-16.753,315.27138
SORJOMF12AB0186F78,Agnes,I Need You Now,124.009,7,1,4,-4.376,275.06893
SOVTGXQ12A6D4FB9CA,James Horner,Atmosphere Station,90.084,9,1,1,-38.525,191.81669
SOLKTEK12AB018BE1A,Tantric,Walk Away,106.698,2,1,1,-1.843,177.24036
SODYZIU12A8C13FBD9,Mastodon,Shadows That Move,89.78,2,1,4,-3.937,233.58649
SOJRCDU12AB0189D27,Xcultures,Smile,107.177,9,0,7,-16.006,38.3473
SOBMHTY12AC9097B7C,The Irish Tenors,Mountains Of Mourne,152.258,10,1,4,-19.794,100.85832
SOZWHVZ12A6D4F90E7,U2,Kite Live from Sydney,134.083,3,1,4,-7.614,485.19791
SOQAHUW12AB0181F04,Little Joe,Loco (Crazy),106.398,5,1,3,-10.274,239.01995
SOVHRBI12A81C22E02,Korn,Ever Be,160.022,10,1,3,-5.912,288.49587
SOHULHF12AB017F6CF,Blind Blake & The Royal Victoria Hotel Calypsos,Oh Look Misery,101.492,7,1,4,-7.108,151.53587
SOFWWGY12AB0185BC5,Percy Faith,Yesterdays,86.141,0,0,4,-15.578,160.28689
SOEETVW12A6D4F93B8,Extreme,Teacher's Pet,120.097,1,1,4,-9.334,181.55057
SOJTIKK12A8C13B15E,Alexandre Desplat,Palmer enquête,128.173,7,0,4,-16.942,70.26893
SOQBQWN12AB0186782,Prozak,Go To Hell,88.835,8,1,4,-6.021,173.24363
SOKLQWF12A8C1423F2,Jerry Butler,Moon River - Original,105.24,2,1,4,-13.135,155.74159
SORQLMX12A8C133FCD,Yvette Horner,La Plus Bath Des Javas,162.385,7,1,1,-6.893,148.03546
SOCLQKJ12AF72A4AB0,Delta 9,Infidel,109.636,2,1,5,-9.506,94.06649
SODWXQV12A6310F10D,Placebo,English Summer Rain,108.264,10,0,4,-7.255,241.52771
SORKRKK12A8C13C12F,Tam Tam Go!,Spanish Shuffle (Album Version),119.524,9,1,4,-7.684,226.82077
SOQPPKZ12A58A7B1EC,Gertrudis,Intro,97.76,9,0,4,-12.385,106.52689
SOXSUNF12A8C134195,Warrior King,Empress So Divine,241.877,10,1,4,-4.779,224.28689
SOVRJYX12AB01844E1,Soda Stereo,Terapia De Amor Intensiva,91.328,7,1,4,-11.356,340.29669
SOMOHEI12AB018785F,LORE,Haunting,130.062,8,1,4,-8.147,216.55465
SOOGRLD12A8C132B2F,Soul Asylum,Lies Of Hate,68.734,11,0,4,-6.582,279.2224
SODAEVD12AB01886BB,Carl Doy with NZSO,The First Noel,94.658,2,1,3,-16.527,158.56281
SOAESJW12A8C137CC2,Horace Andy,Musical Episode,102.055,10,0,1,-10.173,234.44853
SOHCYVK12AB017BBF2,Jimmy Wakely,Beautiful Brown eyes,109.065,2,1,1,-14.123,155.95057
SOCWXYM12AB018BDF3,The Nightraver & The Magican,Drop the Bass,184.981,6,1,4,-5.483,233.53424
SOSYVIZ12A8C141964,Rah Digga (Featuring Outsidaz),The Last Word (Amended Version),201.802,7,1,3,-7.307,256.80934
SOTVEKK12A8C1392E1,RUN-DMC,Hard Times,119.67,1,1,4,-12.75,234.65751
SOHGAJH12A6D4F8F58,Bert Kaempfert And His Orchestra,Just As Much As Ever,105.181,0,1,1,-10.328,163.76118
SOCTSJA12AC9618325,Hank Locklin,Filipino Baby,165.668,9,1,3,-9.668,159.03302
SOTYCYE12AC468AA08,Lady May,The Boss,188.056,1,1,3,-5.444,214.04689
SOAKXET12CF5F86E71,Nightwish,Escapist,143.97,3,1,4,-4.144,301.06077
SOYDHCW12A6D4F9A2E,Angelo Badalamenti,Jeffrey's Dark Side,61.883,6,1,1,-18.349,109.37424
SOGBJSK12AB018D052,Frank Chacksfield,Someone to Watch Over Me,0.0,7,1,1,-20.964,151.82322
SOSTFTW12A8C13B84A,Cesar Camargo Mariano/Helio Delmiro,Milagre Dos Peixes/ Musica Incidental: Cais/ Music Incidental: San Vicente,163.167,9,1,4,-11.877,287.11138
SOLHFZF12AB018AB3E,Buzzhorn,Pinned To The Ground (album version),144.836,9,0,3,-5.627,239.98649
SOZEHMC12A6D4F9F30,Silverstein,Always And Never (Album Version),108.499,2,1,4,-1.998,229.642
SOYHNTG12A6D4F5703,!!!,Myth Takes,193.978,11,0,4,-7.901,143.98649
SOGBRIU12A582A214C,The Secret Life of Teenage Girls,Carpe PM,88.935,0,1,4,-8.798,153.20771
SOLCPEB12A58A7BF47,The Notorious B.I.G.,Who Shot Ya (Amended Album Version),91.69,4,1,4,-5.934,316.65587
SOFOGMR12A8C140FFF,Led Zeppelin,Poor Tom (Album Version),210.8,1,1,7,-10.7,182.09914
SOBJYXZ12A8AE45FF1,Sandi Thom,Wounded Hearts,82.205,4,1,4,-4.332,205.21751
SOGJSEF12AB01847D4,Carl Belew,Love's Been Good To Me,121.563,4,1,1,-15.672,131.05587
SOCVGQS12A8C13D7DF,The Field Mice,When Morning Comes To Town,162.682,3,1,4,-15.54,316.73424
SOGVRHK12A8AE47FFB,Billy Higgins_ Bob Berg_ Cedar Walton_ Tony Dumas,Estate,106.219,11,0,1,-14.621,431.64689
SOGGYSM12A58A79111,Catherine Howe,Freedom Enough (From Silent Mother Nature),172.337,4,1,4,-11.428,183.37914
SOHCENZ12A8C13AC85,Malkit Singh,Hai Shava,210.305,5,1,4,-11.273,324.51873
SOIKVVS12AB0184063,Rodney O & Joe Cooley,Nutty Block,175.393,1,0,4,-9.745,172.01587
SOYCTBG12A8C144341,Dean Martin,Until You Love Someone,128.459,0,0,5,-10.917,165.66812
SOMCCPJ12A8C142B6B,Strata,Part One From Triomusic,109.671,2,1,5,-21.787,377.67791
SOVKCDB12A6D4FB2AB,James Darren,Hello Young Lovers (LP Version),141.024,5,0,4,-14.449,145.00526
SOONOZL12A6D4FC475,Till West & DJ Delicious,Same Man,125.558,1,1,4,-7.535,153.28608
SOIHZMH12AB017DF93,Carlos Nuñez,Quiero Ir Ao Mar,211.327,9,0,3,-10.918,215.35302
SOCQJBX12AF72AA6F2,Igor Stravinsky,The Owl and the Pussy-cat,147.637,11,1,4,-21.25,156.70812
SOMWLCK12A8C135D69,Gene Clark,Set You Free This Time,98.49,9,1,1,-12.77,168.38485
SORHXYU12A8C13716B,Maysa,Bloco Da Solidao (1996 Digital Remaster),137.673,10,0,7,-15.574,150.25587
SOEMLQO12AB01808B6,The Shirelles,Will You Love Me Tomorrow,68.283,0,1,4,-9.79,159.76444
SOITEVV12A6D4F5969,The American Boychoir,Stille nacht_ heilige nacht,0.0,2,1,1,-32.017,230.26893
SOWNSZY12AB0180BCF,JDS,Nine Ways,134.014,1,1,4,-5.533,465.60608
SOQKKPE12A8C13C2CD,Panic At The Disco,Northern Downpour (Album Version),85.157,5,1,4,-8.901,247.77098
SORJXPY12AB0182839,Jan Howard,Bad Seed,86.162,1,1,4,-15.915,165.98159
SOIRGRL12AB0186BC2,Abraham Laboriel,Exchange,93.106,11,0,4,-8.489,368.16934
SOEGTAN12A6D4F8726,Michèle Arnaud,Marie D'Aquitaine,49.262,3,1,4,-13.366,176.27383
SODTRPJ12A8C1377E9,Sticky Fingaz,Oh My God,80.149,6,0,4,-5.947,266.4224
SOKPFTZ12A6D4FA141,Dame Joan Sutherland / New Philharmonia Orchestra / Richard Bonynge,Joy To The World,82.422,6,1,4,-13.826,111.0722
SOFVRCJ12AB018B4DA,The Jeff Healey Band,Hoochie Coochie Man,107.197,7,1,3,-11.488,313.7824
SORWMLD12A8C137D1A,Angela Dimitriou,Ftei O Erotas,124.177,9,0,4,-9.28,265.37751
SOFHQCR12A8C138A74,Danny Wilson,The Second Summer Of Love,196.034,7,1,4,-7.928,167.20934
SOCPGVG12AB018AA84,Lionel Rogg,Prelude And Fugue In C Major BWV 531 : Fugue,64.401,0,1,4,-14.367,240.61342
SOYUFEN12AB018BF99,Java,Don't Phunk With My Heart,130.861,1,1,4,-7.598,356.41424
SOLWQFA12AB01899E8,SWAMI featuring Asuivre,Give It What U Got,90.008,10,0,4,-2.939,260.28363
SOAMXQV12AB018775F,The Black Velvet Band,Dancing To A Standstill,122.174,9,1,4,-8.632,256.39138
SOENDOQ12A8C139A41,Lisa Lynne,Isla del Luna,95.981,2,1,4,-14.544,316.49914
SOWHAEF12A8C13EF0C,Pe'z,Spirit,75.955,0,0,5,-7.605,252.57751
SOTTXNS12AB0187861,Shawn Colvin,Another Long One,210.871,8,1,4,-13.256,224.60036
SOXSLOL12AB0188039,Stephy Tang,Leng Jing,105.196,4,0,1,-7.225,214.12526
SOQLGFP12A58A7800E,Casual,OAKtown,106.689,4,0,1,-8.422,259.44771
SOPVXLX12A8C1402D5,Backstreet Boys,Larger Than Life,112.787,0,1,4,-5.12,236.25098
SOAOIBZ12AB01815BE,Tiny Tim,I Hold Your Hand In Mine [Live At Royal Albert Hall],93.779,6,1,3,-23.996,43.36281
SOZHPGD12A8C1394FE,Kenny G featuring Daryl Hall,Baby Come To Me,89.865,0,1,4,-8.041,236.93016
SOSLAVG12A8C13397F,Christos Dantis,Den Pai Alo,133.339,5,0,4,-10.957,243.82649
SOTTDKS12AB018D69B,David Martin,It Wont Be Christmas,98.718,0,1,4,-14.835,241.47546
SOMVWWT12A58A7AE05,John Davis,Knocked Out Of The Park,74.072,5,1,1,-22.289,183.17016
SOQVMXR12A81C21483,Trafik,Salt In NYC,130.006,8,0,4,-10.683,424.12363
SODUJBS12A8C132150,Nick Ingman;Gavyn Wright,Wessex Loses a Bride,104.394,4,0,3,-18.703,111.62077
SOBBXLX12A58A79DDA,Eddie Calvert,Erica (2005 Digital Remaster),159.587,4,1,1,-9.672,138.63138
SOTUKVB12AB0181477,Glad,Blessed Assurance,192.702,2,1,5,-10.754,270.602
SOOJPRH12A8C141995,Steel Rain,Loaded Like A Gun,98.11,3,0,4,-8.372,173.19138
SOBCOSW12A8C13D398,Los Manolos,Rumba De Barcelona,118.595,7,0,4,-4.37,218.38322
SOQOTLQ12AB01868D0,Gloriana,Clementina Santafè,143.601,2,1,1,-15.599,153.33832
SOBKWDJ12A8C13B2F3,Bombay Rockers,Wild Rose (Back 2 Basics Mix),81.319,4,0,3,-6.358,230.71302
SOFNOQK12AB01840FC,Jinx,Kutt Free (DJ Volume Remix),89.345,6,1,5,-7.884,407.37914
SOGVQGJ12AB017F169,Chase & Status,Ten Tonne,174.993,4,0,4,-5.134,337.68444
SOFFKZS12AB017F194,Tom Petty,A Higher Place (Album Version),129.122,9,1,4,-4.954,236.17261
SOBAYLL12A8C138AF9,Montserrat Caballé;Placido Domingo;Vicente Sardinero;Judith Blegen;Sherrill Milnes;Georg Solti,Sono andati? Fingevo di dormire,86.666,8,1,3,-26.358,511.16363
SOLEYHO12AB0188A85,Pucho & His Latin Soul Brothers,Got My Mojo Workin,231.867,8,1,4,-15.672,338.23302
SOPEGZN12AB0181B3D,Soul Mekanik,Get Your Head Stuck On Your Neck,190.698,5,1,4,-21.593,45.66159
SOXILUQ12A58A7C72A,Mitch Ryder,Jenny Take a Ride,97.538,9,1,4,-11.255,207.43791
SOTCKKY12AB018A141,Blingtones,Sonnerie lalaleulé hi houuu,95.225,6,1,3,-11.494,29.54404
SOSWKAV12AB018FC91,Luna Orbit Project,Midnight Star,139.993,5,0,4,-7.427,335.51628
SONSKXP12A8C13A2C9,Danilo Perez,Native Soul,159.233,7,1,1,-16.113,197.19791
SOUPIRU12A6D4FA1E1,Line Renaud,Der Kleine Dompfaff,124.75,1,1,3,-9.843,152.92036
SODREIN12A58A7F2E5,King Curtis,A Whiter Shade Of Pale (Live @ Fillmore West),100.415,0,1,4,-17.492,326.00771
SONWXQJ12A8C134D94,Sophie B. Hawkins,The Ballad Of Sleeping Beauty,105.003,9,1,4,-6.301,305.162
SOWQTQZ12A58A7B63E,Lupe Fiasco,Streets On Fire (Explicit Album Version),110.218,7,0,4,-6.294,279.97995
SOLYIBD12A8C135045,Wilks,Music is what we love,88.973,10,0,4,-7.64,261.51138
SOINLJW12A8C13314C,Marc Shaiman,City Slickers,134.566,4,1,4,-18.341,149.86404
SOGDBUF12A8C140FAA,40 Grit,Intro,186.882,11,1,3,-22.752,75.67628
SORRZGD12A6310DBC3,Gwen Stefani,Harajuku Girls,113.995,1,1,4,-4.169,290.55955
SODAUVL12A8C13D184,Steve Morse,Prognosis,90.199,4,1,1,-6.977,363.85914
SOFCHDR12AB01866EF,Bitter End,Living Hell,111.032,10,0,3,-14.041,282.43546
SOHUTDD12AB018A94F,Ethel Merman,Small World,124.184,0,1,1,-16.994,135.31383
SOHNDEQ12A6D4F9FBE,Leon Russell & New Grass Revival,Truck Driving Man/Down In The Caribbean,157.746,5,1,1,-12.0,221.30893
SOLCALW12A8C132870,Story Of The Year,Swallow The Knife (Live) (Segue),100.032,6,1,4,-7.626,75.57179
SOPOIQJ12A6701C8CF,Natural Elements,Mayday,185.88,1,1,4,-6.318,338.1024
SOUMWOQ12A8C13A949,Lisa Lynne,Lake Of Dreams,94.031,0,1,5,-12.811,298.10893
SOIUJEF12A8C13C878,Neil Sedaka,Because Of You,76.013,4,0,3,-9.448,170.84036
SOXXFEW12AB017F2A8,Maurice Larcange,Un Peu D'Amour Et D'Amitié,133.553,1,1,4,-10.398,215.37914
SOLUIMX12AB0189599,A Static Lullaby,Rattlesnake!,202.233,2,1,4,-5.537,213.49832
SODLRRT12AB0189535,John Wesley_ John Wesley,Disappeared,133.405,7,1,5,-7.513,351.08526
SOCTPFZ12AAF3B45AE,Coph Nia,Doppelgänger [Qliphothic Phantasmagoria],116.819,5,0,3,-17.16,658.02404
SOPDILX12AF72AA3C2,Tabu feat. Mitzib,Ain't No Love Ain't No Use (Love To Infinity Full Funk Mix),127.887,11,1,4,-9.788,474.61832
SOMYOQU12A8C13C2B4,Nights Like These,Ghost Town Rituals (Album Version),124.872,5,1,1,-4.053,305.89342
SOWETWO12A6D4FA5F3,Oasis,Morning Glory,136.948,0,1,4,-3.159,301.92281
SOFGVWR12A8C141D19,John Davis & Emma Doyle,Rudolph The Red-Nosed Reindeer,169.878,0,1,4,-13.781,135.52281
SOADEBB12A8C1345D9,Stew,Tomorrow Gone,100.621,7,1,1,-10.968,179.9571
SORZLRP12AB017D68D,Jauida,I don't Want to Be Alone Tonight,101.01,7,1,4,-6.996,269.76608
SOMGTTY12AB0185986,Eddy Arnold,Just A Little Lovin' (Will Go A Long Way),157.779,11,1,4,-14.014,166.16444
SOIKYMH12AB0186452,All Time Low,Shameless,91.483,2,1,4,-2.838,221.67465
SOILUPR12AB0186FC1,Brian Dullaghan,And I Love You So,99.109,10,1,4,-15.046,212.94975
SOAXGUT12AB0184D53,Richard Galliano,L' Envers Du Décor,76.296,9,1,3,-15.008,261.74649
SOWHNGE12A8C133D07,Regina Belle,Quiet Time,92.672,7,0,4,-8.916,307.33016
SOLULNS12A8C13008E,Debbie Davies,Little Sister,116.984,7,1,4,-6.908,225.67138
SOPMNJT12A8C13AC24,STEVE CAMP,Song For Mom (LP Version),139.07,5,1,4,-9.371,296.14975
SOPLBWU12AB01894DE,Jay Tee & Baby Bash,All Over Me,98.983,6,1,4,-5.234,203.67628
SOJFCDO12AB01852EE,The Stolen Minks,I Hate You,123.695,2,1,4,-2.704,56.42404
SOISHVF12A8AE496BB,Daath,From The Blind (LP Version),97.151,0,1,4,-3.325,230.86975
SOLEQYS12AB017D59D,Extasick,Misanthrope,91.459,2,1,4,-8.933,134.03383
SOPHMAS12AB0186B88,UFO,Chains Chains (Live In Hammersmith),116.11,7,1,4,-8.548,212.61016
SOVCZHI12A6D4FAB0D,Avril - Remix By Ana Rago,The Date (Remix By Ana Rago),85.282,6,1,3,-18.397,188.39465
SOFZJFU12A8C1420A1,Pat Travers,As My Fire Flies,140.872,9,1,4,-7.812,152.99873
SOEWJWO12AB01865EB,SNOWPATROL,We Wish You A Merry Christmas,144.003,0,0,4,-8.499,233.03791
SOISSLO12AC96185B0,Die Fantastischen Vier,Böse,120.001,9,0,4,-5.165,149.99465
SOCYAKZ12AB018708F,Jeanie Lambe & The Danny Moss Quartet,Saturday Night Is The Loneliest Night In The Week,168.558,8,1,4,-10.274,152.0322
SOAXABK12A8C13C76F,Nelson Ned,A Mi No Me Importa,146.061,10,1,4,-12.708,200.48934
SOOBSJW12A6D4FA2B2,Yung Joc,BYOB (Explicit Album Version),174.019,4,0,4,-5.797,193.64526
SOWFQKL12AB017D754,Philippe Sarde,Le Presbytère n'a rien perdu de son Charme,85.691,2,0,3,-22.35,158.82404
SOACHGQ12AB018590E,Orquesta Aragón,Ven Morena,92.606,7,1,4,-7.113,173.68771
SOKQFOM12A8C13E738,Jason Miles,Brighton by the Sea,163.97,0,1,4,-7.467,269.40036
SOZEMEV12A6D4F9317,State of Chaos,CHAOS INTRO,97.619,2,1,3,-18.724,176.90077
SOQGZBE12A8C139160,Dropkick Murphys,Bloody Pig Pile (Live),183.808,9,0,4,-5.386,196.72771
SONMGHJ12A8C137426,Taint,Hex Breaker,92.044,1,0,3,-4.583,281.46893
SOFRROW12A6701CBEA,VHS Or Beta,The Melting Moon (Edit),126.806,9,0,4,-5.893,224.20853
SOIMFZR12AB017F041,Leonard Kwan,Hawaiian Chimes,108.912,5,1,4,-17.805,170.31791
SOCPSFM12A8C136A50,True Believers,Turn Around,160.731,6,0,4,-4.228,361.53424
SOPWBZR12AB017C46D,Les Hurlements D'leo,L'accordéoniste,104.307,7,1,3,-7.693,182.04689
SORSTBQ12A8C144986,Charanga Forever,Tumba Tumba,203.964,1,1,5,-6.622,367.43791
SOSVQVA12A8C137DEA,Zuzu Bollin,Why don't you eat where you slept last night ?,131.683,10,1,4,-19.263,175.90812
SOHXSRS12CF530E601,Bullet For My Valentine,Suffocating Under Words Of Sorrow (What Can I Do),188.924,0,1,4,-2.315,215.53587
SOETFVQ12A8151E8B3,The Hit Factory,Im Moving On,126.342,7,1,3,-8.299,234.70975
SOAFUDP12A6D4F7211,Terry Snyder,Deep Night/Softly As In A Morning Sunrise (Medley),112.097,10,0,4,-12.752,340.11383
SOQZWXR12AB017FDE3,Marcus Miller,Let Me Show You [I Just Want To Make You Smile],125.147,0,1,4,-13.078,280.13669
SOTNQRU12A8C131FEF,Beatnuts,Monster For Music,87.634,6,1,4,-10.231,170.52689
SOGXQRO12A8AE47D50,Ayo,Complain,128.689,0,1,4,-11.26,212.71465
SOFDHHB12AB0187788,Kid Sister,Daydreaming [Jakwob Remix],140.026,11,0,4,-3.573,277.2371
SOOCMUD12AC4686532,Mons Leidvin Takle,Dansende Foran Speilet,147.576,7,1,1,-25.146,120.92036
SOPDAMI12A58A782EA,Public Image Ltd,Ease,193.56,9,1,4,-12.091,492.30322
SORZHIP12A8C13EEB8,Rise Against,Everchanging,122.006,11,1,4,-8.576,260.8322
SOIHMBZ12AC4688FD5,Sizzla,Too much informa,190.01,7,0,4,-6.832,203.96363
SOSLSTE12AB0180800,Richard Galliano,L'insidieuse (Live),111.663,0,1,4,-13.481,309.65506
SOWEMDM12AC3DFA56B,Helen Love,So Hot,100.76,2,0,4,-6.746,81.97179
SOOUWXD12AB0181D16,David Mingyue Liang,Youlan_ Lonely Orchid (solo guqin),163.67,2,0,4,-16.077,757.99465
SOONDHS12A58A7CADA,Pursuit Of Happiness,Forbidden Fruit,127.298,7,1,4,-10.324,196.49261
SODYVBO12AB017C3A5,Bobby Hutcherson,Recorda-Me,95.633,9,0,1,-13.456,352.57424
SOXKVHN12AB0184051,Gregory Isaacs,Lady Of Your Calibre,160.011,3,0,3,-12.084,221.83138
SOLZTXD12AB0189AEB,The Pharcyde,Italian For Goodbye (skit),38.233,0,1,4,-19.461,11.59791
SOKBJCQ12A6D4F9DCB,Azis,Anti Geroi,98.151,0,1,4,-6.608,281.88689
SOXLVKX12A6310E1C9,Amy Winehouse,Stronger Than Me,91.198,10,1,4,-7.758,256.10404
SOOWWPQ12AB018E4B7,George Lopez,Only For The Young,75.467,4,1,5,-8.832,345.23383
SOIOEMI12AB0182C50,Les Hou-Lops,T'as 16 ans demain,103.29,2,1,4,-7.458,122.69669
SOHVUPT12AB0180D45,The Cosmosamatics,Serene,65.054,3,1,4,-14.952,338.36363
SOZQKUN12A58A7BE4B,Jackie Edwards,So Jah Seh,161.796,1,1,4,-12.102,256.62649
SOFDXJM12A58A75955,Michael Card,Joy In The Journey (The Final Word Album Version),115.258,6,1,1,-15.598,182.72608
SOFPXKK12AB01807D3,Richard Galliano,Chorinho Pra Ele (Live),230.992,0,1,4,-12.01,197.17179
SOCOQUZ12AB0181A1E,Ensiferum,Warrior's Quest,179.988,7,1,3,-4.507,291.02975
SOZLDXZ12A8C1427BE,Leila Chicot,Medley Leïla Chico,90.008,2,1,4,-5.568,293.27628
SOXTQOC12A6D4F6C56,The Pharcyde / Big Boy / Schmooche Cat / Randy Mack,The Hustle,95.816,1,1,4,-9.636,334.78485
SOSLEMJ12A8C13F86B,Erkki Junkkarinen,Rakkauden satu - Histoire d'un Amour -,100.612,4,0,4,-9.559,215.82322
SOXHJSE12A8C1364FF,A Static Lullaby,God Bless You (Goddamn it),80.41,7,1,4,-4.621,237.42649
SODUYOC12A67ADC8ED,Scar Symmetry,The Illusionist,150.086,6,0,4,-3.536,271.5424
SOTAGIH12AB018152A,Oztara,La Route Est Belle,191.929,3,0,4,-5.786,207.51628
SONKANV12AB017E5F0,Sonia Dersion,Urgence,173.936,5,0,4,-8.089,269.87057
SOBCKIM12A8C13936C,Christina Aguilera,Pero Me Acuerdo De Tí,117.984,6,1,4,-7.834,266.73587
SOPEYWY12A8C13A9EC,Headhunter,Trapped In Reality,153.551,8,0,4,-3.319,312.76363
SOPYZLU12A8C14193C,Eighteen Visions,Our Darkest Days,131.079,6,1,4,-4.806,172.19873
SOVSLSQ12A6D4F8F77,Baby Huey & The Baby Sitters,California Dreamin' (LP Version),132.973,2,0,1,-10.895,288.36526
SOOBPLB12AB018ABBA,Elmore James,Dumb Woman Blues,97.03,0,1,3,-10.862,191.13751
SOKAYCT12AB018ACE9,Rising Lion,Letting You Back In,88.137,7,1,4,-9.513,280.45016
SODQWRC12A8C13D19B,George Harrison,Hear Me Lord (2001 Digital Remaster),133.383,6,0,4,-7.301,359.73179
SOHSGTX12A67020685,Weezer,Don't Let Go,142.68,2,1,4,-3.637,180.97587
SOARVHI12AB018C588,Rodney O & Joe Cooley,U Don't Hear Me Tho' (Street Mix),107.185,1,1,4,-7.041,217.41669
SOQLNGZ12A8C1314E8,Boots Randolph,Lonely Street,101.485,0,1,3,-11.927,150.20363
SOUOYDQ12AB017EFFC,Jackson United,Undertow,90.636,11,1,4,-4.941,204.93016
SONPXHA12AB017D876,The Cosmosamatics,12 Seasons of Love,61.487,8,1,5,-13.103,515.97016
SONETAK12A6D4FB69A,Bobbie Gentry,Courtyard,152.434,2,1,1,-13.134,177.57995
SOSOMQZ12AB0180900,Creedence Clearwater Revived,Have You Ever Seen The Rain,121.232,0,1,4,-9.224,257.59302
SOUIYTT12A8C137D45,The Johnny Otis Orchestra,Cry Baby,105.268,5,1,3,-20.842,182.15138
SOKIXDM12A8C136E04,B.A.D.,Interlude,95.655,0,1,4,-5.653,102.03383
SOPJIAU12A8C13DF3A,Luar Na Lubre,Terra,229.913,2,0,3,-8.654,251.81995
SOMMMJG12AB0188A1C,Circular,Mother,75.127,1,1,1,-27.806,59.89832
SOWCGOU12A81C2194D,Fruko Y Sus Tesos,A La Memoria Del Muerto,106.769,10,0,4,-6.206,261.90322
SOAQFIX12A6D4F8A72,The Bucketheads,Sayin' Dope,120.876,9,1,5,-14.979,365.71383
SOSHODS12A6D4F79BC,The Police,When The World Is Running Down_ You Make The Best Of What's Still Around,123.657,7,1,4,-10.45,216.42404
SOMVEML12A8C13473F,Kinky,My Bonnie Lies Over the Ocean,144.954,7,1,4,-4.179,101.14567
SOLHMFG12A81C21E88,The Real Kids,Now You Know,147.661,11,1,4,-8.471,222.11873
SORNGOF12A8C144013,Eddie Boyd,I'm Sitting Here Waiting,84.224,2,1,1,-14.688,203.36281
SOXIPMV12A8C135AB0,Tha Chamba,Korrupted - Remix,172.287,8,0,4,-6.816,281.75628
SOYBTTM12AB01899E8,Jack Orsen & Taktlo$$,Sex Objekt,167.902,10,1,4,-6.609,200.51546
SOUDYEW12AB0183E5C,Olov Johansson_ Catriona Mckay,Rain / Ekoln,74.046,7,1,4,-14.217,469.68118
SOBXYZM12A8C140450,Shriekback,Reason With The Beast,100.15,2,1,1,-11.661,113.60608
SOJISRJ12A8C1323D7,Hatebreed,As Diehard As They Come (Album Version),85.771,0,0,4,-3.806,136.95955
SOXTTCW12A8C1331EF,John Frizzell,No Unexpected Guests,210.898,10,0,4,-23.685,133.19791
SOKMFTY12AB0183216,Sister Hazel,Walls And Cannonballs (Album),140.259,5,1,4,-6.481,195.36934
SONUYNP12C41E0741F,J.J. Cale,Trouble In The City,133.398,6,0,1,-18.863,202.94485
SOSOQET12AB0181A68,Precious Bryant,Dark Angel,91.538,4,1,4,-9.131,193.72363
SOCOICY12A8C140D18,Kings Of Leon,Knocked Up,114.73,9,1,4,-7.714,466.65098
SOVIRCP12AB01891FE,Selena,Ven Conmigo/Perdoname (Live),106.438,9,0,1,-5.68,388.51873
SORCBRS12A8C138350,Brooke Valentine,Taste Of Dis (Explicit Version),111.936,1,1,4,-6.825,261.53751
SOTKKSP12A6BD53D32,Krystof,Prvni vesela,93.015,2,1,4,-7.499,262.55628
SOXZUAY12A58A7B63C,Claire Hamill,If You'd Only Talk To Me (Bonus Track),101.662,9,1,4,-10.225,205.42649
SOCMIYJ12A8C1384E3,Los Originales De San Juan,Librado Maldonado,179.502,5,1,3,-7.711,263.6273
SOGJYZW12A8C134DBD,Black Flag,Crass Commercialism,70.649,0,1,5,-18.91,1030.19057
SOEORMV12A6D4F7455,Barbarito Diez,Flores Negras,85.878,0,1,5,-9.718,183.43138
SOYRLBG12A8C145AD9,Aaron Watson,Rollercoaster Ride,155.896,4,1,4,-8.942,217.39057
SOXBGFT12A8C13B4BF,Mary Black,Turning Away,163.567,5,0,4,-9.464,293.92934
SOYVQII12A81C2115C,Satan's Host,Metal from Hell...22nd Century,121.553,11,0,4,-3.47,332.7473
SOJCFUI12A6D4FC28C,The Impressions,The Girl I Find (LP Version),81.586,1,1,5,-10.453,159.29424
SOEVPYU12CF5827356,Owl City,Panda Bear,150.066,5,0,4,-7.188,187.6371
SODPTKR12AAFF43568,Bobby Bland,Drifting From Town To Town,105.927,2,0,3,-10.269,181.49832
SOLTRLC12A8C13E710,Headliners,Negativ Song,88.001,4,1,3,-4.969,169.56036
SOWMUXA12AB01840EC,Jane Winther,The Lords Prayer,27.163,8,1,1,-16.051,145.68444
SOAIGUM12A6D4F6FCB,The Rascals,Nubia (LP Version),113.058,2,0,1,-9.899,223.89506
SOHGDHJ12A8C13F54D,Blind Blake,Blake's Worried Blues,86.997,0,1,1,-22.825,186.90567
SOWXYMX12AB017F190,Emilia,You're My World,86.62,7,1,4,-3.235,174.81098
SOUSQZF12A8C13BBB9,Cómplices,Ojos Gitanos,100.051,0,1,4,-5.959,307.56526
SOLCIZY12A6D4F6A61,Emilio,Mira Nina,205.333,10,1,4,-13.777,165.22404
SOIKLHC12A6D4FA158,Nana Caymmi,Solamente Una Vez,179.575,11,0,1,-13.774,216.86812
SOQXUJL12A6D4FA238,Kasia Stankiewicz,Zolte Slonie,134.051,0,1,4,-7.114,304.06485
SOKTTZL12A67ADC7CD,Turisas,Sahti Waari,160.009,0,1,4,-7.249,146.59873
SOZDUEQ12A8C14440E,Chéco Feliciano And Joe King,Nina Nina,87.976,5,0,7,-3.865,273.65832
SOJFAFW12A8C142321,Cache Cache,Only Do for Love,125.003,3,1,4,-6.503,245.49832
SOJZZHD12AB01821A2,David Hudson,Arrival,158.321,4,1,4,-13.462,320.91383
SOQVKQN12A8C13B95A,David Summers,Las Murallas De Jericó,132.858,0,1,4,-9.846,321.33179
SOEXHZZ12AB018661D,Rummage,Megatrend,95.503,10,0,4,-6.014,178.12853
SOWOSLT12A8C13F193,Adr Lavey,In The Name of the Father,96.007,6,1,4,-6.181,194.45506
SONBXTX12A8C138834,Bill Boyd's Cowboy Ramblers,I Can't Tame Wild Women,99.487,9,1,4,-14.816,203.75465
SOBEVMI12AB018E480,Canis Dirus,A Somber Wind from a Distant Shore (Album),200.169,9,1,3,-6.435,722.20689
SOVYOMR12AC468ABB9,Vickie Winans,Little Timmy,124.194,10,0,7,-20.284,358.71302
SOVSGKJ12A6D4F9925,Justin,Erica,109.702,11,0,3,-15.148,149.49832
SOXKCIT12A8C13A881,La Portuaria,Marcando El Ritmo Al Caminar,122.113,0,1,4,-11.97,132.25751
SOXXWCZ12AB017D07C,Antonis Remos,To Agalma,117.671,0,0,3,-9.996,140.64281
SOIZXXS12AC468645B,Percy Faith And His Orchestra,Damisela Encantadora,179.264,2,1,5,-17.611,152.13669
SOUYCPO12AAF3B3E0B,Stars Like Fleas,You Are My Memoir,103.936,5,1,1,-7.401,264.51546
SOMKWCF12A8C142BCD,Gaetano Donizetti,Donizetti: Roberto Devereux: L'ore trascorrono...,107.536,4,1,3,-22.271,206.68036
SOSMXVH12A58A7CA6C,Shakira,Pienso En Ti,115.066,4,1,1,-19.976,148.1922
SOKZYGT12A8C139568,Maysa,This Time I'll Be Sweeter,91.191,11,1,1,-8.734,230.3473
SOYSHPW12AC960A4D6,Little Freddie King,Bus Station Blues (Live),100.011,9,1,3,-12.552,443.55873
SOBSKJV12A67AE0CC4,Ms. Dynamite,Mr. Prime Minister,125.916,9,0,3,-9.903,286.32771
SOHRTYN12AB018CCDE,Andy Russell,I Love You And You Love Me,85.311,0,1,1,-9.186,156.94322
SODPLYE12AB01898FB,Blink-182,A New Hope,200.716,7,1,1,-7.315,225.12281
SOQSYGY12A8C137E0F,Selena,Como La Flor (2005 Re-mastering) (Live),182.168,7,0,4,-7.951,329.58649
SOJPXLR12AB018378B,Kali,Ponto,138.048,6,1,4,-6.26,349.83138
SOJCRCV12AC468654B,Vickie Winans,Great Is Thy Faithfulness,79.734,9,1,1,-26.626,287.03302
SOFAJKC12AB018B184,John Brown,Party In The Burbs,87.453,4,0,4,-3.951,151.27465
SOMTZYN12A8AE471C0,Abysmal Dawn,Compulsory Resurrection,125.086,7,1,1,-5.766,250.3571
SOJCHPN12A8C132491,Chaotica,Lobotomy,135.072,4,0,4,-6.883,243.25179
SONVUII12AB0183269,Lara & The Gumbo Lickers,The tears I cried,93.425,8,1,7,-8.72,232.85506
SOLRRKL12A6D4F9A14,Elvin Bishop,Party Til The Cows Come Home,150.013,7,1,4,-5.208,254.56281
SODGOXT12A8C1418DE,Gordon Jenkins,Don't Cry_ Joe,66.988,5,1,4,-11.549,190.48444
SOPMOPR12A6D4FBC72,1. Futurologischer Congress,La Excursion,80.315,0,1,5,-10.918,107.49342
SOLQSUX12AF72AB397,Asleep At The Wheel,Big Balls And Cow Town,126.533,0,1,4,-10.85,251.37587
SOMRFYS12A8C13CCA4,Neil Innes,Lie Down And Be Counted (2007 Digital Remaster),141.116,7,1,4,-10.881,190.74567
SOBDARW12AB018BB05,Marcus Miller,Your Amazing Grace (feat. Raul Midón),152.194,0,1,3,-9.469,409.05098
SOVXNAP12A81C234AE,Siouxsie,Into A Swan,115.033,8,1,4,-6.931,234.55302
SORDNTC12A8C13FE63,Claire Hamill,To The Stars,178.725,9,1,1,-12.677,123.71546
SOKCFEJ12AB017BE83,Alan Silvestri,The Joes Mobilize,154.172,8,1,4,-10.586,504.05832
SOKKRTJ12AB0182F77,Sunnyland Slim,I Got To Quit My Baby,150.867,9,1,5,-12.389,147.77424
SORMWFU12AB0185891,Byther Smith,So Unhappy,94.554,0,1,3,-10.483,269.7922
SOMXSEH12A8C1371EA,Dusminguet,San Cristobal,196.188,5,1,4,-4.314,199.13098
SOTSZZK12AB0189F9D,Rudolph Valentino,Kashmiri Love Song,101.621,7,1,5,-20.846,184.73751
SOUIDWL12A8C13357A,Sylvia Patricia,Marca de Amor Não Sai,144.073,2,1,4,-9.393,259.34322
SOSQIQU12A8C143A53,Zeromancer,Ammonite,90.027,2,1,4,-6.762,362.31791
SOVGKBD12AAF3B4FFB,Regina Belle,If I Ruled The World,67.745,0,1,4,-10.72,274.80771
SOHXBEL12A8C1355E3,Two Man Advantage,The Sweep,210.982,0,1,1,-6.084,50.83383
SOWQROJ12A8AE47400,Green Day,Wake Me Up When September Ends (Live at Foxboro_ MA 9/3/05),101.08,7,1,4,-5.66,340.79302
SOLXOSZ12A8C1432E2,Ayo,I Love You,128.022,10,0,4,-16.113,229.25016
SOTRSHW12A58A79E7C,Donny Hathaway,This Christmas (LP Version),92.98,5,1,1,-9.647,231.18322
SONHURK12A8C131104,Chico,Curvy Cola Bottle Body,126.938,4,0,4,-3.017,332.01587
SOZBOLJ12AB018B0EC,KALIMBA,Volcán,80.484,0,1,4,-6.282,352.67873
SOJBVLG12AB0180412,SKOLD vs. KMFDM,Alkohol,127.0,10,0,4,-5.703,327.88853
SOYOZCL12AB0189C16,Architecture In Helsinki,Heart it Races (Frank Tetaz Remix),100.032,5,0,4,-7.743,345.75628
SOHFVFR12AB0186969,Wailing Souls,Very Well,124.788,0,1,4,-10.275,214.38649
SOXDEEZ12A6D4FBB9A,Kitaro,Village Attack/ The Arrest,143.291,8,0,1,-14.891,81.50159
SOABLAF12AB018E1D9,Alice In Chains,Lesson Learned,107.845,10,0,4,-3.91,256.522
SOWOHNT12A6D4F60EA,Bobby Darin,(I Heard That) Lonesome Whistle,90.18,5,1,3,-13.876,163.52608
SOVLDWE12A8AE47F3E,Ini Kamoze,Here Comes The Hotstepper,100.342,9,0,4,-9.586,248.92036
SOSCKEF12AB0181D6F,9th Wonder featuring Defcon_ Phonte,Almost Genuine,137.534,11,1,3,-7.719,289.54077
SOQFRWV12A8C133D0A,The Real Kids,Can't Shake That Girl,179.13,2,0,4,-14.934,148.06159
SOQYKJX12A8AE4968F,Ill Nino,What You Deserve (Album Version),104.984,8,1,4,-4.44,180.50567
SOTSFFZ12AB0182949,De La Ghetto,Es dificil,97.02,7,1,4,-6.876,280.45016
SOTMYBJ12A58A7A667,Baroness,The Sweetest Curse,176.066,10,0,3,-7.803,270.52363
SOTVHQT12AB0181279,DMX / Eve / Jadakiss,We're Back,185.094,10,0,4,-2.542,265.22077
SOLLKHF12A58A77EE9,Melt Banana,Talk Like POP,86.571,10,1,1,-5.728,51.61751
SOMEUQK12AB017A8FF,M.I.K.E.,Fuego Caliente,140.033,11,0,4,-8.135,514.7424
SOZVBBA12A6D4FD1A8,Willie Rosario,Un Tipo Como Yo,197.458,7,1,4,-5.799,281.41669
SOJDXID12A8C140A22,Jude Taylor & His Burning Flames,The Thrill Is Gone,102.731,10,0,4,-11.937,260.46649
SOCLAYI12A6310F138,Placebo,Slave To The Wage,142.116,8,1,4,-6.033,246.96118
SOGAUIQ12A6D4F8262,Metallica,Hit The Lights,167.486,1,1,4,-3.028,252.3424
SOXVUMX12AB0187374,Sui Generis,Cancion Para Mi Muerte,124.604,7,1,4,-13.992,234.52689
SOYBUNM12A6D4F64B1,The Red Telephone,Have You Seen Her,117.329,2,1,4,-6.464,273.55383
SOVFFIH12A81C217E6,T-Bone,Don't Tell Me,208.416,0,1,4,-8.226,229.09342
SOKMUOE12AAF3B3F2B,Bill Douglas,Karuna,105.535,10,0,4,-15.624,331.07546
SOBBPHG12AB01869CE,DJ Spinn featuring Traxman,Lil Mama Getdown,159.959,4,0,4,-7.461,195.49995
SOVBTZQ12AB0184DC0,The Radio Dept.,Closing Scene,88.02,9,0,1,-5.648,256.02567
SOFMOWZ12AB017F3B7,Mötley Crüe,Get It For Free,127.745,7,1,4,-7.199,254.01424
SOKJKUH12A8AE46FAA,Shy FX & T Power,Feelings,88.973,4,0,4,-3.584,380.44689
SOQVGKZ12A6D4F8244,Becky Baeling,If You Love Me,132.892,7,1,4,-5.963,247.66649
SOMLPQI12A8C13EE3F,Keb' Mo',Still There For Me,89.966,2,1,4,-10.548,190.56281
SOZXPDN12AB018302E,UKW,Allein,97.362,0,1,3,-7.381,266.762
SOTCPOF12AB01885FE,THE CHIFFONS,Doctor Of Hearts (Album Version),120.712,3,0,3,-7.0,166.922
SOERPNN12A58A7D057,S. Solis y Orquesta,La Vida En Rosa,63.007,0,1,1,-11.415,182.20363
SOPILLC12A81C1FA01,Commander Cody And His Lost Planet Airmen,Crying Time,104.823,4,1,3,-16.357,188.70812
SONDOLZ12AB0187777,Commissioned,You Can Always Come Home,157.869,8,1,4,-8.132,342.83057
SOJXMRA12A58A7A875,Dee Clark,Little Bitty Pretty One,91.704,8,1,4,-9.56,141.19138
SOHNDZB12A8C13EDB8,Cauterize,Shooting Stars,97.148,1,1,4,-4.714,240.43057
SOFJWKK12AB01826CD,Laurie Berkner,The Cookie Bakers of the Night,144.71,5,1,4,-16.263,233.45587
SONGTGF12AB017EC2C,DJ Slugo,Whip It,150.056,1,1,4,-9.699,199.20934
SOAPGDK12A6D4FAF5E,Joi,The Blessing,95.973,7,1,4,-4.141,333.24363
SOTETIO12A8151CA26,Simon & Garfunkel,Citizen Of The Planet,151.5,7,1,4,-13.047,194.35057
SOJRNQF12A8C134D57,Beenie Man Featuring Wyclef And Redman,Love Me Now (Rockwilder Remix) (Feat. Wyclef And Redman),79.823,1,1,5,-4.541,228.04853
SOVKUOE12A58A8066E,Robben Ford,Something For The Pain,111.903,9,0,4,-6.311,298.37016
SOEZCYJ12A58A7C0D4,Greater Vision,Everyone_ Everywhere_ Everytime,135.955,10,0,4,-10.3,223.76444
SOUJNFK12AB0186B86,Anti-Flag,This Is NOT a Crass Song,141.334,6,1,1,-10.609,359.6273
SOHWDHV12A8C134426,Joe Lynn Turner,Soul Searcher,86.665,5,1,4,-12.649,247.7971
SOUOZQB12AB0186284,Rickie Lee Jones,Skeletons (Live Acoustic Version),70.331,7,1,1,-21.978,221.12608
SOSVTQX12A8C136D74,Hysterie,Imagination,130.032,0,1,4,-10.976,389.642
SOEDCOB12A8C142CBA,Aesop Rock,Flashflood,167.909,4,1,4,-6.022,234.52689
SOGMGUW12A8C143F44,Bobby Vee,What To Do Crying Waiting Hoping Learning The Game,117.454,7,1,4,-14.489,227.05587
SOEYJEP12AB01816D3,Alfredo Gutiérrez,El niño de la calle,86.199,10,1,4,-8.521,130.16771
SOJWZGJ12A670203B7,Shelby Lynne,Old Times Sake,121.773,7,1,4,-15.546,290.97751
SOYJBVO12AB0189DB3,Tora Tora,Wasted Love,140.984,9,0,4,-8.952,229.8771
SOJBWGF12A8159E883,Franz Ferdinand,Eleanor Put Your Boots On,143.679,7,1,1,-7.329,195.13424
SOKXZEJ12AC3DF5E1E,Hot Chip,Ass Attack (Four Tet Remix),126.14,1,1,4,-6.446,181.02812
SOWSLOF12AB017FE36,Gal Costa,Canta Brasil,137.941,9,0,4,-10.844,193.35791
SOTTJUN12A8C132C22,Kathy Mattea,Sally In the Garden,146.894,1,0,1,-16.504,44.64281
SOBKPCA12A8C131AD9,James Taylor,Steamroller Blues,102.756,7,1,3,-10.086,324.85832
SOHJIJX12AB01821ED,Der Moderne Man,Heute,147.679,4,1,1,-8.579,183.30077
SOFDOAD12A58A7BAD3,Jeff Beck,A Day In The Life (Album Version),145.917,4,0,1,-7.74,286.27546
SOEDDXY12AC907580A,Taboo,Sous la Tour Eiffel,131.968,9,0,4,-6.366,301.71383
SOQFWIS12A58A7BD61,BigElf,Falling Bombs,64.006,0,1,1,-4.683,298.13506
SOWRILA12A8C1360D0,Tanto Metro & Devonte,Sometimes,105.671,6,0,4,-9.01,207.56853
SOGDLDE12AB017A28E,Ray Kane,Wa'ahila (Instrumental - Bonus Track),163.385,9,0,4,-19.157,107.7024
SOZAFEC12AB018C519,Ashes to Ashes,Drive In Saturday - (Tribute to David Bowie),94.888,7,1,3,-12.22,254.32771
SOYMPFK12A8C141D1A,Kelly Clarkson,My Life Would Suck Without You,135.914,9,1,4,-5.953,230.63465
SOZTDIN12AB018AAD1,Fudge Tunnel,Bed Crumbs,120.703,11,1,4,-7.31,124.94322
SOGSBKB12AC9097E0F,Edgar Bori,J'l'ai pas dit,117.295,11,0,1,-8.224,264.61995
SOCOTRH12A8C13840D,Jimmy Witherspoon,I'm Just Wonderin' Part 2,94.105,3,1,3,-12.437,147.69587
SOIEJUL12AB0181C12,Eliane Elias,No More Blues (Chega de Saudade),95.111,5,1,3,-24.83,326.42567
SONNDRB12A8AE46705,Dave Eggar,Wave,100.893,1,1,4,-23.15,225.04444
SOVOYJL12A8C142B2A,Donnie Brooks,What'd I Say,113.082,0,1,4,-10.362,174.34077
SOUDSJF12A8C13C36D,2raumwohnung,Ja (Hanno's Poppersmonstermix),125.995,7,1,5,-8.525,357.85098
SOJCOPL12AB01886A1,SOJA,Time to come true,145.949,5,0,4,-7.7,235.17995
SONFOLB12AB01841B9,Dinosaur Jr.,Whatever's Cool With Me (LP Version),152.461,0,1,4,-6.051,271.12444
SOBDHIZ12AB0182E18,Ulytau,Winter (Four Seasons),140.13,5,0,4,-5.779,233.76934
SOGIAKH12AB0184D05,The Nelons,Hallelujah,108.914,7,1,4,-11.236,200.202
SOSBJHW12A6D4FAAB2,The Exies,Creeper Kamikaze,113.326,10,0,4,-4.998,201.87383
SOHZNER12AAFF43D08,Babylon Disco,Error,89.927,0,1,4,-10.196,208.90077
SODTDRC12A81C22C7C,Kaija Koo,Seuraavassa elämässä,121.981,2,1,4,-8.521,227.36934
SOJUZCX12AB0181D3E,Gus Viseur,Fausse monnaie,90.177,2,0,4,-13.512,180.00934
SOKBBBJ12AB018A3BF,Dino,Chariots Of Fire,95.179,0,1,3,-20.193,245.39383
SODUNOD12A58A79381,GG Allin,I Live to Be Hated,74.82,8,1,4,-12.298,121.70404
SOJUTCU12AB017EDB4,Zimbabwe Legit,Siyabonga (Unreleased Bonus Track),100.145,1,1,4,-10.203,235.91138
SOHOXXV12A6701BEBF,Spinal Tap,The Majesty Of Rock,129.318,4,1,4,-5.492,235.41506
SOTNLBM12AB0185DD2,Der Moderne Man,Blaue Matrosen (live),105.29,4,0,4,-9.848,159.55546
SONPVKR12A58A7BA4A,Buzzcocks,Strange Thing,176.153,4,1,4,-7.736,219.19302
SOBPHTZ12A8C134095,Stanley Clarke,Journey To Love,84.064,2,1,3,-12.714,282.69669
SOULLZX12A8C13491F,La Portuaria,Alguna Vez,112.071,9,1,4,-13.607,148.00934
SOAHRFR12A8C142155,Hemdale,Rotting Fumes,108.917,10,0,1,-9.883,107.57179
SOAGCNO12AB0187A1A,Jesse Malin and The St. Marks Social,Revelations,126.105,9,1,4,-4.852,243.722
SOYSRRY12A6310E1C1,3 Doors Down,It's Not Me,86.82,4,0,4,-5.981,230.42567
SOFPGXP12A58A78AAB,Ma Rainey,Ma Rainey's Black Bottom,99.076,4,1,1,-17.714,188.94322
SOEIIYR12AB01825B8,Zombie Girl,I Want It,129.984,1,1,4,-5.202,260.54485
SOHWWOM12AB0186627,Daniel Johnston,Story Of An Artist (Don't Be Scared),106.742,0,1,4,-12.743,311.53587
SOFFLLP12AB018ED52,Niraj Chag,Sajana (Ft Faheem Mazhar),90.013,9,1,5,-5.644,262.5824
SODPNJR12A6D4FA52D,João Gilberto,Segredo,127.782,4,1,4,-29.75,197.19791
SOBOAQC12A8C13E3E9,Bone Thugs-N-Harmony,Murder One,101.167,9,1,1,-5.724,255.73832
SODKUVJ12AB0187A4A,Ultraviolence,I Destructor (Lenny Dee Mix),174.57,1,1,4,-9.249,367.41179
SOGDQZK12A8C13F37C,Los Chichos,No Quieras Marcharte,150.955,0,1,4,-10.764,191.68608
SOZVLXO12AF72ABCDB,Christian McBride,D Shuffle Jam (Part 2),121.201,0,1,4,-9.479,692.06159
SOINHKC12AB01836E0,Jim Kweskin,When I Was A Cowboy (Western Plains) (LP Version),160.981,10,1,4,-15.279,208.90077
SOKVLHX12AB0187B39,Utopia,On My Feet Again,173.841,2,1,3,-10.653,239.59465
SODMVJR12A6D4F985D,Foxy Brown,If I...,93.056,1,1,4,-9.035,222.92853
SOMMSMW12A8C13FCCC,Muse,Bedroom Acoustics,127.547,4,0,1,-20.816,156.96934
SOVBVJW12AAF3B5F77,String Trio Of New York,Ju Ju,130.316,9,0,5,-18.245,392.4371
SOHCCIA12AC907577F,Enthroned,Ad Te Clamamus Exsvles Mortva Liberi,90.66,2,1,3,-20.359,89.15546
SOVLGJY12A8C13FBED,Mastodon,Deep Sea Creature,173.205,5,1,5,-3.306,280.21506
SOIWBDR12A8C13A4AC,Ramón Vargas;Vladimir Jurowski,Werther - Lyric Drama in four Acts/Act I/Alors_ c'est bien ici la maison du bailli?,127.113,7,1,1,-23.095,278.38649
SOZSPTD12A8C143BFD,Portable,Theresa,116.005,10,0,4,-18.152,362.60526
SOTLYRR12A8C13951F,Hank Locklin,Danny Boy,90.61,7,1,4,-13.12,146.83383
SOOOUDM12AAA15EE2D,Lili Ivanova,Pak shte te obicham,124.025,6,0,4,-6.097,253.70077
SOCZQSZ12A8AE4604D,Wailing Souls,Old Broom,146.445,7,1,4,-9.99,204.85179
SOPPEBK12A8C13B9CE,Furry Lewis,Good Looking Girl Blues,136.915,8,1,1,-14.876,171.49342
SOKCDWG12A8C1398E7,Bröderna Djup,Råskevärsrock,135.407,9,1,4,-9.221,126.6673
SOAQCDC12A8C139378,Jo-El Sonnier,Cajun Blood,169.235,7,1,4,-6.589,233.01179
SONZEZK12A8C13A421,Naughty By Nature;Naughty By Nature featuring Zhane,Jamboree,91.981,0,1,4,-8.983,213.91628
SONTUMS12AC468A9AA,Murskahumppa,Poikamies (2009),130.756,9,1,1,-8.189,145.76281
SOCUDXX12A58A76EF9,Vanessa Bell Armstrong,Til The Victory's Won,120.977,2,1,5,-2.001,231.54893
SOSYMSX12A6310DFE2,Radiohead,Subterranean Homesick Alien,150.848,0,1,3,-9.148,267.20608
SOCSEYN12A6D4F8178,Dave Hollister,Tell Me Why,118.052,6,1,4,-7.232,305.34485
SOKVTFS12A8C1336D6,Seamus Egan,Lullaby,60.11,0,1,1,-18.263,205.21751
SOEBXFH12AB018607F,Arthur Tracy,Dance_ Gypsy_ Dance,138.25,5,0,4,-15.01,161.38404
SOAWMWQ12A8C13AF1D,Angelo Badalamenti,Love Me,67.405,9,0,1,-21.835,168.51546
SOGCMMV12AB0184BBB,C.C. Adcock,Good Loving,172.716,7,1,1,-7.071,121.0771
SOVQWEN12A8C141BD9,DMX,Damien,106.769,10,1,4,-7.974,222.09261
SOMFSJZ12A8C13358D,James Horner,The President's Speech,76.499,2,0,5,-36.835,269.7922
SOVCECZ12A6D4FA35E,Kitaro,Trong Com,35.931,10,1,4,-23.874,43.51955
SOVNZNG12A6D4F763D,Las Ketchup,Doble Bombo,167.954,0,1,1,-4.134,171.80689
SOUYGWL12A58A7A474,C-Side & Petit Mal,Mudhump,135.087,4,0,4,-11.828,212.47955
SOJMDES12A6D4FD717,Don Gibson,A Legend In My Time,80.738,2,1,3,-14.28,152.58077
SORPGNH12A6D4FCDE2,Jewel,Serve The Ego (Hani Num Dub),85.316,0,1,5,-6.076,529.91955
SONIVCV12AB017FEED,John Legend [feat. Buju Banton],Fall In Love [Rub A Dub Mix],162.876,5,1,4,-7.397,184.73751
SOERWEA12A6D4F4CB8,Izzy,Going Home,88.761,1,1,1,-17.91,277.10649
SOWJNKL12A81C21F17,Nick Cave & The Bad Seeds,Still In Love,116.621,0,1,1,-11.766,283.74159
SOZUOAK12AB018AA82,Bury Your Dead,Closed Eyes,123.635,4,1,4,-6.664,290.63791
SOWAIRN12AC468B37C,Our Time Down Here,Big Guys Throw Cones,126.4,6,0,4,-2.844,75.49342
SOWQDJI12AC468AED3,Pee Wee King,Railroad Boogie,89.201,5,1,4,-11.473,154.69669
SOULCEZ12AB0187E3C,Acorps de Rue,Chanson Réaliste,73.136,5,1,1,-7.434,194.79465
SOGFQTK12AB017DE14,The Nelons,I've Won (Introduction - Speaking),72.001,6,1,5,-30.293,91.95057
SOZSKUB12AC4686766,Les Blaireaux,Le gardien de musée,140.173,0,1,4,-9.911,297.76934
SONTEWC12AB0186E51,Bersuit Vergarabat,Sencillamente,135.982,6,0,4,-7.769,307.35628
SOSIVYG12A6D4F93A9,G-Unit,Poppin' Them Thangs,88.043,11,1,4,-1.622,242.52036
SOCTJIL12A67ADAF3F,Saosin,Bury Your Head,85.029,6,0,4,-3.753,212.29669
SOXBWOG12A8C138A74,John Williams,American Journey/IV. Arts and Sports,138.508,2,1,1,-17.941,157.28281
SOIVHQA12AB017DBDB,Pardesi,Shuncata Penda,106.438,1,0,4,-12.597,309.26322
SOSWEUH12AB0186F22,Baby Grand,Melodica,114.011,9,0,4,-9.042,294.55628
SOMMUOG12AB01821FF,DJ Ostkurve,Sailing,137.951,9,1,4,-3.854,207.43791
SOVTZLS12AB0184CB5,Roy Rogers,Hi Ho Silver,121.815,5,1,4,-16.884,154.53995
SODJOWL12AC468D389,Reni,Slamka Spasa,92.68,0,0,1,-3.826,222.14485
SOBFZDQ12AB0188B04,Leonard Kwan,Kanaka 'o Mose,83.065,11,1,1,-22.196,202.91873
SOQBETA12CF5702399,Steve Riley & The Mamou Playboys,Between Eunice & Opelousas,225.669,0,1,1,-3.959,182.22975
SOHNBNW12A6D4F7323,Falco,Monarchy Now,94.777,11,0,4,-8.726,252.96934
SOOBRTK12A8C13D6A9,New Roanoke Jug Band,When Those Two Towers Fell,96.212,0,1,1,-13.873,178.20689
SOYVONC12AB0187167,Warren Barfield,Shadow,117.985,11,1,4,-6.748,207.51628
SOUYTJK12A6701CD3D,Dilated Peoples,Big Business,165.546,11,1,3,-8.225,149.91628
SOYNXWG12AC468F51A,Orquesta Broadway,La Sitiera,95.243,9,1,4,-8.612,226.66404
SOJDJRK12AB018565D,Fever Ray,I'm Not Done,64.811,0,1,4,-9.074,280.24118
SOLWBGS12AB0187EAD,Charles Williams,Close Up,102.95,5,0,5,-14.493,64.05179
SOCXXWR12AC468929B,Bob Wills,Sittin' On Top of the Wolrd,95.655,7,1,1,-15.653,201.76934
SOHWKQE12A8C142406,David Martin,It Must Be,133.925,4,0,4,-8.57,286.4322
SOOCWAO12AB01852C1,The Animals_ Sonny Boy Williamson,Bo Diddley,81.111,10,1,3,-9.492,463.49016
SOQYLQN12AB01801B8,MN,The Truth,136.95,11,0,3,-12.371,378.06975
SOQYKBE12AC46867EE,T-Bone Walker,Teenage Baby (Digitally Remastered),162.855,8,0,4,-11.124,123.29751
SONROBV12AB0188BC7,Floor,Ignis,144.803,4,1,4,-9.105,144.92689
SOWUAYB12A6D4FA1D4,Michael Card,So Many Books ... (The Word Album Version),122.403,9,1,4,-7.005,163.082
SOOOBCE12A8C134019,Walter Jackson,What Would You Do,78.453,5,1,3,-12.839,156.682
SOYTQGO12A8C138C1B,Megadrums,Drummer's Circle,118.713,11,1,4,-15.777,237.24363
SOLIAYU12A6D4F9923,Justin,Kong,81.38,1,1,4,-12.586,275.85261
SOIGIUZ12A8C1337B1,Tim Exile,Post-Toxic Finger Disorder,141.836,0,1,4,-4.379,80.3522
SOHHKOU12A81C224B2,Alex Theory,Lotus Kiss,100.295,9,0,4,-10.56,317.88363
SOROLCY12AB0182652,Bizzy Bone Presents,Intro,81.901,4,0,4,-7.837,50.9122
SORRQLD12A8C139E8D,Marcel Mouloudji,Qui Donc A Changé ?,77.5,0,0,5,-14.711,110.34077
SOWBEBK12AB018306A,Jerry Reed,When You're Hot_ You're Hot,201.951,9,0,4,-4.994,138.4224
SOSJVGP12AB0185B95,George Lopez,Church Hangover,101.455,9,0,1,-16.724,270.68036
SOESNFW12A6D4F995F,Cinder,The Ride (Album),157.909,6,1,4,-5.025,218.61832
SOMJNMD12AB0187F93,Speedball,No Survivors,159.702,5,0,1,-9.191,212.21832
SOHHGUG12A6D4F4E77,Johnny Cash,I Got Stripes (Live),118.041,4,1,4,-7.087,112.95302
SONUTGA12AB0187F44,Rui Da Silva,The Contracting Perception Of Consciousness,123.007,1,1,4,-12.161,448.62649
SOZNBMX12AB0182AD1,Autumnblaze,Her Golden Robe In Silence Veiled,119.428,9,0,4,-9.033,286.24934
SOGNFKZ12A8C145224,Sister Rosetta Tharpe,Two Little Fishes_ Five Loaves Of Bread,89.995,5,0,5,-11.459,156.42077
SOBIPBF12AB0184B0C,Hatesex,The Greed Of Our Stare,180.129,0,1,3,-8.506,307.87873
SOIRIWN12AB0183AE7,Kris Kristofferson,Same Old Song,74.809,2,1,4,-11.663,194.37669
SORFAAB12A6D4F7EAC,Gary Moore,Rockin' Every Night (Live),100.081,7,1,4,-11.105,198.79138
SOSJQKV12A8AE46270,Christina Aguilera,Walk Away,152.214,4,0,3,-6.774,347.84608
SOIUCMV12AB017DEDB,Maurane / Lara Fabian,Mais La Vie,107.087,0,0,4,-13.637,198.86975
SODGUVC12A8C142EBA,Rita Chiarelli,Doggin' Around,90.282,5,1,3,-9.517,237.7922
SOMQZOX12AB01896D6,Kiprich,Dem a Talk,183.827,5,0,4,-9.693,208.3522
SOYYXTC12A8C143393,Pepe Kalle,Roger Milla (Stadium Mix),140.316,7,1,4,-9.381,366.13179
SOHEJGY12A8C13A71E,Jaime Urrutia,La sangre de tu tristeza (con Dani Martin_ directo Enjoy 07),102.165,2,1,4,-2.999,233.50812
SOBJUNO12A8C13D478,David Tao,Everything's Gone,151.882,8,1,4,-11.484,242.59873
SOHEYVW12A8C131DAF,Goatwhore,Forever Consumed Oblivion,110.994,10,0,4,-4.442,225.64526
SOYJCVS12AB01869B2,Séamus Egan,McDermott's / Boys of Blue Hill,201.651,2,1,1,-11.404,276.16608
SOHPWKA12A8C13864B,Superchumbo,Irresistible! (Maurel & Fauvrelle LESS Mix),127.992,6,0,4,-7.634,673.2273
SOVXYYO12A8C13B254,We Show Up On Radar,Red Balloon,79.226,5,0,4,-11.255,124.47302
SOFOOEV12A8AE44CA3,Gabinete Caligari,El Arte De Amar,109.051,7,1,4,-12.436,304.32608
SOBHIVO12AB0182476,SUMO,Pinini Reggae,101.742,11,1,4,-5.945,215.11791
SOWXWOS12A8C143605,The Clark Sisters,I Won't Let You Go Till You Bless My Soul (Album Version),101.988,10,1,4,-12.935,329.74322
SORKSWH12A8C1452B4,Hank Locklin,Rio Grande Waltz,106.941,2,1,3,-15.995,149.2371
SOYALFX12A8C143637,Tanto Metro & Devonte,Honey I Sugar Pie,195.976,1,1,5,-8.41,207.33342
SOCMHBT12A8C13D634,Basic Channel,Phylyps Trak II/II,127.923,11,1,4,-12.593,793.62567
SOLHVZC12A8C14307F,Tammy Wynette,Stand By Your Man,105.202,9,1,4,-13.592,159.60771
SOGEBZO12A67ADF488,Whitesnake,Young Blood (2007 Digital Remaster),145.689,7,1,5,-6.186,209.99791
SOHGYDF12A6D4FCD5E,Chet Atkins,Get Up & Go,98.117,5,1,1,-11.851,173.68771
SOYNESO12AB018782B,Eddie Cano,The Trolley Song (Live Album Version),165.263,0,1,4,-16.05,225.17506
SOHBOWM12AB018446A,Terry Riley,Acension Final Chord Rising,128.135,2,1,4,-37.065,142.41914
SOWBRZR12A58A7B5D2,Mack and Jamie,Slimy Little Troll,186.13,8,1,4,-15.755,66.42893
SOIWZZD12A8C14505C,Trivium,Upon The Shores [Explicit],100.604,4,0,4,-3.973,321.17506
SOTJODQ12AB018561C,Der Plan,De Kommissar 1,35.898,6,1,4,-18.169,26.67057
SODWSGW12A58A7D4B8,Reel Big Fish,Why Do All Girls Think They're Fat (Album),159.723,2,1,4,-4.188,153.67791
SOZSSJQ12AB01852D1,Ensiferum,Hero In A Dream,200.061,9,0,4,-2.599,218.61832
SOBHDHC12A6D4FA2A4,Dylan Kuo,Ji Xiang Yan Chu,100.173,1,0,4,-5.614,230.29506
SOKQYBC12AB0183C87,Martin Sexton,Ice Cream Man,133.391,2,1,4,-8.733,352.88771
SOKWXEW12A6D4F7F9E,John Mayall & The Bluesbreakers,Crawling Up A Hill - version 2 - mono_ live,166.238,8,0,1,-4.62,142.602
SOJDTBL12AB0188BF6,Luiz Bonfa,A Brazilian in New York,105.813,4,0,4,-18.713,305.65832
SOPOTLV12AB017C1F7,Chris Standring,Mumbo Jumbo (jazz),97.959,9,0,4,-9.449,257.59302
SONOQCH12A6D4FE0EE,Angélla Christie,Walk With Me,111.465,5,0,4,-8.665,348.36853
SOGVRQG12A58A7E69B,Neviss,Epilog,160.409,1,1,7,-31.412,53.39383
SOPNFTX12A67020455,Red Hot Chili Peppers,Get On Top (Album Version),76.986,4,0,3,-1.479,198.05995
SOAONEP12A58A7D2B3,Chango Spasiuk,De Bombacha Y Alpargatas,194.156,9,1,4,-13.763,131.57832
SOFLCWE12AC468C2B2,Charley Patton,Moon Going Down,107.877,10,1,1,-15.164,196.62322
SOEJFMF12A670209F0,The Race,Raising Children,118.043,11,0,4,-5.298,225.17506
SONKDJU12A67FFB313,Yahir,No seamos tontos,131.938,0,1,4,-5.737,216.81587
SOJTSAW12A58A7B6C2,Brian Dullaghan,My First Day At School,92.29,2,1,3,-21.412,110.44526
SOWTBIV12A8C13B607,Gordon MacRae,Do You Ever Think Of Me,77.929,3,1,5,-16.215,179.59138
SOHPFNX12AB018A5FE,The Winans,Everything You Touch Is a Song,102.328,8,1,4,-13.792,319.60771
SODKPPT12A8AE46A99,Mario Rosenstock,De Tree Little Pigs,79.09,10,1,3,-5.849,319.63383
SOBRVRZ12A8C132DE5,Jerry Goldsmith,First Blood,77.306,1,1,5,-18.719,281.28608
SOLFDCM12A6D4F7A7C,Tom Petty And The Heartbreakers,Mary Jane's Last Dance,168.946,7,0,4,-8.962,274.20689
SOFLDUO12A8C137BC0,Winston Reedy,Daughter Of Zion,153.738,6,0,4,-8.754,235.78077
SOFKOUI12A58A7F55C,Pablo Montero,Ni Gota De Rencor,100.048,2,1,4,-8.596,199.94077
SOOQACI12AB0188EC8,Papa Wemba,Maria,120.411,9,0,7,-8.09,278.59546
SOUUCMM12A8C1362C3,John Hammond,Come To Find Out,90.666,6,0,4,-8.405,247.32689
SOMEHWS12A8C13727B,Barbarito Diez,Sublime Ensoñacion,116.949,0,0,5,-9.139,157.88363
SOZKGKZ12AB017E527,Richard Galliano,French Touch,79.53,4,0,5,-16.937,201.09016
SONRARH12A8C139DCC,Pride Tiger,56 Days,114.061,8,0,7,-2.397,229.22404
SORYSJU12A8C144CFA,Ten Years After,Victim Of Circumstance,128.598,5,1,1,-11.814,248.78975
SOPZMUP12AB018C070,Sweet,Airheads,84.103,4,1,4,-4.99,318.9024
SOFUBUF12AC3DF98FF,Helen Love,Bubblegum,156.074,11,1,4,-8.871,145.78893
SOOOJUT12AB01883B9,Bamberg Symphony Orchestra and Hans Swarowsky,Hungarian Dances_ WoO 1: No. 12 in D Minor: Presto,137.219,2,0,4,-22.492,151.01342
SOBHRIK12A6D4F6E75,Tomorrow,Colonel Brown (1999 Digital Remaster),138.028,2,1,4,-11.216,173.26975
SOVWNAS12A8C130573,Ty Herndon;Stephanie Bentley,Heart Half Empty,74.166,10,1,5,-7.688,295.3922
SOUGZYV12A8C143A6F,Gary Morris,You're Welcome To Tonight (Duet w/ Lynn Anderson) (Album Version),81.809,7,1,4,-12.584,228.5971
SOATHUP12A8C131DC3,Chimaira,The Flame,150.11,7,1,4,-4.238,323.18649
SOCSZYG12AB01871C2,Faye Adams,My Greatest Desire,110.323,3,1,3,-11.508,144.1171
SOESWTI12AB0184D39,Cali,Sta giu' (feat. Dj Rockdrive),187.716,1,1,4,-4.184,222.17098
SOHLFWF12A58A7989F,Silvério Pessoa,Eu vi a maquina voadora,95.997,4,1,3,-11.448,364.48608
SOVZIXG12AC3DF5331,X-Static,Murderous Style,98.645,1,1,5,-12.139,262.79138
SODMROC12A8C1443E7,Deborah Allen,I Will Always Love You,67.904,6,1,4,-11.156,189.57016
SOSFVEI12A6D4F7C84,The Master Musicians of Jajouka featuring Bachir Attar,The Truth Forever,131.578,8,1,4,-15.926,623.72526
SOCYTFB12AB017F7CE,John Holt,The Tide Is High - Original,166.05,8,1,4,-13.898,170.50077
SORERTC12A8AE454B3,The Prodigy,Music Reach (1/2/3/4) (Remastered),215.916,6,0,5,-5.434,252.52526
SOBHGWG12A6D4F50D2,Tina Britt,He Put The Hurt On Me,118.835,3,1,1,-7.162,177.94567
SOPOZOQ12A58A76660,Sonny Terry & Brownie McGhee,Be Good To Me,106.237,7,1,4,-17.019,168.64608
SOPOFBK12AF729EEBE,MxPx,Answer In The Question,130.716,7,1,1,-3.487,129.88036
SOKWIDU12CF5F87DA3,Fort Minor (Featuring Mr. Hahn),Slip Out The Back (Album Version),90.009,5,1,4,-6.475,236.66893
SOCSFMW12AB01826F2,Dean Elliott And His Big Band,Lonesome Road (1995 Digital Remaster),120.172,0,0,4,-10.727,150.33424
SOIKOBP12AB01897DA,Enslavement Of Beauty,Ye That Tempteth_ Ye That Bequeth,120.052,4,0,4,-4.732,239.90812
SOFWMDO12A8C135956,liquid soul & freq,Liquid Frequencies (liquid Soul Mix),0.0,1,1,3,-6.318,402.62485
SOGIZJH12AB01822B5,C.J. Chenier,Banana Man,89.67,5,1,3,-12.469,189.33506
SOBXFLQ12A6D4F3578,Mercedes Castro,El Cara Bonita,129.354,3,1,1,-8.077,129.74975
SOQLXXN12AB01800CD,Snow Patrol,Chocolate,117.966,7,1,1,-6.473,181.57669
SOHERKR12AB018B158,Antonio Bribiesca,Anillo de compromiso,84.05,7,1,1,-12.468,181.91628
SOAOWLA12A6D4F7DD4,Sex Pistols,New York (Dave Goodman Demo Version) (Explicit),133.811,4,1,1,-7.654,186.40934
SOUYIJX12A6D4F96CE,Pinchers,For Your Eyes Only,158.103,10,0,4,-7.551,195.10812
SOUHRQN12A58A7C12A,Trick Trick / Eminem,Welcome 2 Detroit,91.101,1,0,4,-4.853,285.49179
SOGRKKB12A8C14595A,Michael Jackson,HISTORY,128.702,11,1,4,-2.617,249.99138
SOERSTG12AC4685824,Franco,Motindo Na Yo Te,178.192,2,0,4,-8.774,188.47302
SOIZEZF12A8C13F7E9,Carlos Nuñez,A Costa De Galicia,113.156,0,1,3,-8.691,237.87057
SOKXTEN12A8C13B438,Facto Delafe y las flores azules,Enero en la playa (Edit),95.036,2,1,4,-9.65,158.45832
SOGKVQY12AAF3B28D7,Dora The Explorer,Travel Song (Reprise),123.965,1,1,4,-6.917,68.98893
SOICEAK12A6D4F4819,J.J. Cale,Midnight In Memphis,111.492,0,1,1,-14.293,263.94077
SOWHIHY12AB018B64A,DJ Spinn,Feelin You,119.987,6,0,3,-6.53,312.94649
SOLLWEJ12A8C132B05,Theodis Ealey,This Time I Know,99.238,10,0,4,-7.405,227.44771
SORBVIZ12A8C13A4BA,Janet Paschal,God Will Make A Way,119.194,7,1,4,-11.536,316.36853
SOHKEPR12AB018C9C9,Everyday Sunday,Don't Leave,103.009,7,1,4,-7.462,269.73995
SOPJBSM12AB0182B14,Peggy Zina,O Hiroteros Ehthros Mou,96.024,3,1,4,-6.654,200.38485
SONCPQC12A58A7D3A7,Souls Of Mischief,Spark,96.287,4,0,4,-5.911,220.96934
SOAXQTX12AB017F467,Hacken Lee,He Jiu Bi Hun,112.081,6,1,4,-11.786,188.52526
SOTUGCE12AB0181409,Bad Brains,Destroy Babylon,86.536,9,0,4,-9.614,85.26322
SONAJJE12A6D4F49A0,Raze,Follow Your Dreams (The Plan Album Version),108.831,6,1,4,-2.932,196.64934
SOAECHX12A6D4FC3D9,The Presets,Yippiyo-Ay,120.119,4,1,4,-4.002,271.85587
SOTNBRQ12AC4687F85,Steve Wilson,Your God Isn't Listening,100.006,7,1,4,-14.51,260.38812
SOTQGQR12CF5CFD61E,Jennifer Lopez,Talk About Us,80.979,6,1,4,-6.518,275.69587
SOYHTLZ12A8C1399F7,A.Z.,Sosa (Explicit),180.296,4,0,4,-8.005,125.41342
SOFKTVC12A81C20A23,Francisco Céspedes,Señora (bonus track),110.666,10,1,4,-9.84,204.53832
SOSHQVN12A6D4F9B21,Quadro Nuevo,"Der Wind Hat Mir Ein Lied Erzählt (from ""La Habanera"")",110.551,2,1,3,-10.566,221.28281
SOEKZPU12AC3DF6093,Chris Farlowe,Gangster Of Love,122.298,7,1,4,-13.224,242.88608
SOUKEVR12CF4FFF27D,Silverstein,FRIENDS IN FALL RIVER  (LP Version),200.375,9,1,5,-5.993,181.81179
SORLIQE12AF72A3375,Kris Kristofferson,Road Warrior's Lament,141.51,2,1,4,-18.184,259.68281
SOOLVIB12A8C1408E2,Alice In Chains,Brother,92.012,1,1,1,-6.478,267.36281
SORSIBU12AC468E2E3,The Charms,Ascolta mio dio,149.054,4,0,1,-8.334,130.82077
SOWXKLQ12A8C13C221,Matisyahu,Exaltation,181.549,5,1,4,-7.865,417.67138
SOUKQWD12AB017F89D,Béla Fleck,Punchdrunk,140.659,2,1,1,-9.89,158.98077
SOEWLTH12A6D4F8E29,Jongo Trio,Morena Boca De Ouro,184.964,11,0,1,-7.657,163.36934
SOZNDLW12A6D4FB4C5,Donny Hathaway,I Love You More Than You'll Ever Know (LP Version),72.937,5,0,5,-16.336,322.87302
SONATVQ12A6D4FAF73,Javier Mendoza Band,Rápido Nos Vamos,117.116,2,1,4,-4.639,295.57506
SOYUMRC12A8AE452DE,Sapo,El Mes Alt,141.45,4,0,1,-5.155,219.74159
SODWZGN12A8C142A38,Eddie Money,Two Tickets To Paradise,86.902,2,1,5,-7.54,189.30893
SOEQKKP12AC3DFA097,Thomas Battenstein,Nun singet und seid froh,162.103,7,1,3,-20.446,123.11465
SOYHZWP12A58A7C176,Cracker,Shake Some Action,136.459,4,1,4,-5.498,263.8624
SOUAFSX12AB017B642,Sade,Smooth Operator,119.903,0,1,4,-6.375,298.89261
SOIDERN12A58A795CC,Photo Atlas,Red Orange Yellow,168.248,9,1,4,-5.991,189.75302
SOZQILP12AB01869AB,Kenny Price,Biloxi,117.076,9,1,4,-11.857,129.25342
SOSMURO12A8C13BBFE,3 Doors Down,Sarah Yellin',128.714,7,1,4,-5.371,208.97914
SOFXCLQ12A6D4FA0DC,Elliot Goldenthal,Bullet Frenzy,148.505,2,1,5,-13.179,617.82159
SOHWXJW12A8C144BE0,Delroy Wilson,Baby You Got What It Takes - Original,166.687,4,0,4,-10.791,191.50322
SONQTUH12AF72A47A7,Arkona,Zalozniy,106.724,7,1,3,-4.568,247.01342
SOBXGKH12AB017DDB6,Behemoth,Before The Æons Came,85.112,1,1,1,-4.059,178.33751
SOWDNTQ12A8AE47078,Andre Popp,Fernando,103.77,5,1,1,-8.493,220.94322
SOUXAAJ12AB0189695,Soilwork,Machine Gun Majesty [Live] (Album Version),93.235,7,1,1,-3.049,323.21261
SORMKFV12A6D4FDC19,Cândido,Sentimentos Desiguais,167.951,6,0,4,-5.573,232.88118
SOADEVO12A8AE4865B,Horace Andy,Rastafari Prophecy,174.282,6,0,1,-4.812,284.47302
SOSTONA12A81C22B18,Shaggy,Alimony,89.998,6,1,4,-7.751,232.30649
SOVYTTY12A8C131260,Ramón Vargas_ Sängerknaben Luzerner Kantorei_ Henk Geuke_ Concilium Musicum Wien & Paul Angerer,Adeste fideles,69.538,0,1,1,-21.881,207.04608
SOITFPA12A670201C6,The Rapture,Killing,120.006,10,0,4,-7.693,218.22649
SOSKVKM12A6702153C,Nicole C. Mullen,This This (LP Version),130.64,9,1,5,-5.946,164.8322
SOWJCAE12AC46887E7,Dinosaur Jr,On The Brink,145.228,7,0,4,-6.942,194.40281
SOREYUK12A58A7A253,Los Van Van,Consuelate Como Yo,130.691,6,0,4,-6.017,263.60118
SOGWNKK12A6701D95A,Snow Patrol,Half The Fun,142.01,11,1,4,-4.022,174.602
SOZFCZN12AB017E894,Lara,Damit Du Dich in mich verliebst,81.986,2,1,4,-6.533,192.46975
SORCPSR12A8C13E228,Outerspace,Drive By Music,181.889,10,0,4,-4.982,200.9073
SORNEPM12AB0183895,Gloria Lasso,Que Cosas_ Que Cosas,123.049,10,0,4,-19.376,160.70485
SOYAJDV12AB01828DA,Les Sexareenos,Ruby D.,182.57,4,1,1,-7.268,98.89914
SOTVSQV12AB018767D,DJ Spinn,Bounce Back,120.231,11,0,3,-13.159,240.43057
SORUWYJ12AB0181EBF,Stevie Ray Vaughan And Double Trouble,Empty Arms,98.623,6,1,1,-10.72,184.2673
SODHSPZ12AB0185645,The Creation,Hey Joe,85.453,9,1,1,-10.612,250.27873
SOAUAOA12AB018776D,The Balustrade Ensemble,Fall Away Into Darkness,116.423,2,1,3,-17.057,285.3873
SOETFQZ12A8C13C7DA,The Box Tops,Neon Rainbow,117.381,0,1,4,-10.393,177.3971
SOVUDJB12A6D4F68C4,Terry Callier,Blues,109.018,7,1,3,-8.154,180.50567
SOCFESM12A8C131EA8,Ultimate Fakebook,Brokÿn Nëedle,115.606,2,1,4,-3.287,149.55057
SOQYHCL12A8C13E707,Astarte,Risen From Within,161.782,4,0,3,-6.241,173.81832
SORUPLP12A8C14177E,Elakelaiset,Humppa,166.906,2,1,1,-11.931,182.83057
SOXDMYX12AB01890CA,Prisma,winning friends,194.704,9,1,3,-10.037,219.66322
SOUHBIP12AF72A14DA,Anubis Spire,It Has Been A Long Time_ Hasn't It,161.621,9,1,4,-18.533,316.89098
SOUWBCT12AB01846F6,Beaver Harris,Glo-Billy-Vee-Vee,82.571,2,1,3,-12.21,193.4624
SOPAZAM12A6D4F6F05,Darwin Hobbs,You Are God (Broken Album Version),41.21,8,1,4,-9.055,352.86159
SOMOINR12AB0189188,Jerry Yan,XI GUAN LIANG GE REN,117.892,11,1,4,-10.803,252.18567
SOFPQSC12A58A7B165,Tommy James & The Shondells,Crimson And Clover,167.841,11,1,4,-11.359,324.70159
SOKNAQC12A58A7EE5C,Marcus Miller,Outro Duction,78.382,9,1,3,-13.227,52.00934
SOPIDCK12AB018DAF8,Charles Williams,Barrage,74.666,0,1,1,-12.91,87.87546
SOAZTBX12AC4689A69,Los Iracundos,Adios...Borron Y Cuenta Nueva,92.785,2,1,4,-7.582,259.23873
SORZPFY12A8C137448,Hevia,San Xuan,125.02,0,1,4,-5.764,261.32853
SOFEAJC12A58A7F3AA,John And The Bluesbreakers Mayall,A Hard Road,94.304,7,1,3,-6.356,304.8224
SOHLKRL12A8C141B63,Checkers,Oh Oh Oh Baby,135.048,1,1,4,-13.42,135.70567
SORRXOY12AB0183759,Babbie Mason,Isn't That Just Like God (Low Key Performance Track Without Background Vocals),141.022,2,1,4,-17.263,236.2771
SODYMWS12A8C141577,The Grease Band,Laughed At The Judge,123.891,6,1,4,-16.021,325.25016
SOAPUWG12AB017DE50,Bally Sagoo,Mele Wich Ayee (Shaan Remix),111.901,6,0,4,-12.392,373.39383
SOJMOIF12A8C14397B,Champion Jack Dupree,Christina Christina Blues,95.026,3,1,4,-21.723,200.80281
SOBAMRQ12A8C141DF3,Z.Z. Hill,Faithful and True (Collectors Version),73.545,10,1,3,-8.301,333.322
SOADDVU12A8AE47512,Benabar,Le Zoo De Vincennes,88.018,4,0,5,-11.258,238.44526
SOIUODF12A6D4F9C3E,John Michael Talbot,Pass Through My Will,96.709,5,1,3,-21.506,113.78893
SOQIDEF12A8C139B23,Britney Spears,Don't Go Knockin' On My Door,111.004,10,0,4,-5.304,223.52934
SOVBYLF12AB017EBAC,Skeletonwitch,Sacrifice for the Slaughtergod,201.333,9,1,4,-5.516,173.37424
SOLBDEY12AC9E12684,Blingtones,La boîte à hein biloute,67.046,4,1,1,-12.838,9.66485
SOLBDAS12AB018BB6E,Charlie Cruz,Si No Te Hubieras Ido,200.534,2,1,4,-2.968,288.83546
SOADKNO12AB0182BC7,Kix,Cold Blood (LP Version),140.994,1,1,4,-2.769,257.2273
SOTEWGK12AB0185C5A,Indigenous,Wanikaa (Featuring Abramz_ Krazy_ Lyrical G_ Saint Ca and Sylvester),108.018,5,1,4,-6.724,201.482
SOCVTPO12A8C13414F,True Believers,I Worship You,92.881,4,1,4,-8.672,281.88689
SOVQWTQ12A8C13D988,Los Abuelos De La Nada,Lunes Por La Madrugada,139.685,2,1,4,-14.409,194.01098
SOIBAKV12A8C142CE7,Slightly Stoopid,Jimi Baby,173.709,9,1,4,-12.708,118.49098
SOGINAY12A8C138666,Maximilian Hecker,Full Of Voices,129.488,8,1,5,-8.059,205.7922
SOETIGS12AB0186644,Leroy Hutson,More Where That Came From - Original,183.935,7,1,4,-17.92,323.99628
SOHWVJJ12AB0185F6D,Whitesnake,Fool For Your Loving,125.783,7,1,4,-7.356,250.3571
SOHXASU12A6D4F6B1C,Semisonic,If I Run,186.012,4,1,4,-5.814,258.92526
SOXUAQZ12AB0184442,Laid Back,Maybe I'm Crazy (Single original version_ 2008 Digital Remaster),124.534,10,0,4,-4.854,196.72771
SOMSHMQ12A58A7EC79,Willie Clayton,Heart Of The City (Soul and R&B),85.973,7,1,4,-5.906,238.39302
SOKBCLG12A8C13DAA5,Novaspace,Guardian Angel,185.97,2,1,4,-7.299,231.54893
SOOPBZY12AB018379D,Tom Barabas,Melodioso,121.001,4,0,3,-14.094,249.20771
SOSIVPO12AB017D5E9,Finntroll,Hel Vete,149.948,4,0,4,-5.563,255.00689
SOEEEIL12A8C138EEE,Carlos Ponce,Escuchame,196.137,0,1,4,-6.675,195.5522
SOROYFK12AB018C915,Colin James,Sending A Message,149.317,1,0,4,-7.382,233.7171
SODTCPC12A6D4F812A,Marlene Dietrich,Auf Der Mundharmonika,42.654,7,1,4,-16.163,159.34649
SONYSNO12AB0189762,Pinchers & Ganglords,Girls Girls,159.798,4,0,4,-7.145,235.17995
SOVOWRW12A8C13B93D,Ziggy Marley And The Melody Makers,6 6 6,145.222,10,0,4,-15.889,335.90812
SOCWWGG12A58A7AC1C,John Mayer,Something's Missing,153.055,1,0,4,-7.123,407.45751
SOMTWZO12AB017C845,Frederik,Dornröschen war ein schönes Kind - Karaoke,95.991,0,1,4,-8.493,164.15302
SOOEZYX12A58A77E00,Willie Clayton,Wiggle (Soul and R&B),115.938,7,0,5,-6.36,287.08526
SOLLUGH12AB0184496,Emeneya,Maloba pamba,122.799,0,1,4,-7.15,552.35873
SOBUWGJ12AB018EBAB,Dropline,Weight Of The World (Album Version),79.677,2,1,4,-5.56,226.40281
SOFWXNQ12AC3DF5F8B,Furry Lewis,Judge Boushay Blues,104.469,2,1,3,-28.946,221.962
SOHTWEG12AB018D11C,Cancer Bats,Sabotage,86.01,6,0,4,-4.834,180.71465
SOCDPGF12AB0184D6F,Roy Rogers,My Heart Went That-A-Way,185.246,7,1,5,-18.118,182.67383
SOKQFJK12A6D4FA1FD,Alexandre Desplat,The Epi-Pen,39.451,2,1,1,-15.668,239.38567
SOEBMHW12AB0183352,Biddu,Baat Ban Jaye,108.751,2,1,4,-12.548,195.39546
SORPMDJ12AAF3B3F8E,Uman,People of cloud nine,99.968,1,1,4,-15.305,344.2673
SOBZHRL12A6D4F6A70,Lara & Reyes,Away In A Manger,111.727,7,1,1,-14.919,92.70812
SONCQTI12A8AE477B2,George Lopez,Mas P**' (America'S Mexican),120.492,6,1,3,-8.874,238.99383
SOOCSJL12A8C134C38,Miriam Yeung,Shang Zhui Ren,114.915,4,1,7,-13.659,276.74077
SOWIZXE12AB0184B34,Shakira,Loba,128.217,7,1,4,-5.16,222.37995
SOPZASO12A6D4F6A79,DJ Quik,Pacific Coast Remix,200.079,7,1,4,-4.394,260.362
SOIYVGQ12AB018F3A5,Sophie Tucker,Complainin',100.868,3,1,4,-19.492,180.6624
SOMYKRP12AB018E011,Pyranja,Nordcore,178.574,10,0,1,-4.166,225.33179
SORGJUM12A8C142CFB,Conway Twitty,Big Train,64.141,7,1,1,-19.602,140.7473
SONHMQW12A8C13163C,Agency 1.9.9.4,The Prayer - Feat. T.O. & Timberly K. Simmons,95.386,11,0,3,-3.062,230.37342
SOQQABM12AF729A392,Blackalicious,Rock the Spot,100.694,1,1,4,-5.869,260.33587
SOPSDCQ12A8C135CB6,Wyclef Jean featuring Butch Cassidy and Sharissa,You Say Keep It Gangsta,183.58,5,1,1,-3.947,238.47138
SOZFLXY12A8C13A8E2,Ben Watt feat. Estelle,Pop A Cap In Yo' Ass,125.992,9,0,4,-8.273,389.19791
SOGGWHE12AF729F431,Naughty By Nature,Swing Swang,93.978,10,0,4,-3.741,245.65506
SOGGZNB12A8C142178,Aurélien Merle,C'est Dimanche,150.032,5,1,4,-17.661,286.85016
SOLXWRL12AB01835AF,Far Too Jones,Use Me,127.267,9,1,1,-4.771,249.02485
SOTFFXG12A67ADC8F6,Jenney,Gib deinem Herzen ein Zeichen (Radio Mix),120.117,8,1,4,-3.766,205.97506
SOLUGTX12A6D4FAC08,R.E.M.,So. Central Rain (2006 Digital Remaster),146.484,2,0,1,-8.775,195.52608
SOQKGQF12AB0184865,Los Gaiteros de San Jacinto,El Corcovado (The Wood-Quail),171.123,2,0,4,-21.854,234.52689
SORHELV12A8AE44B4E,King Diamond,The Portrait (Live) (Reissue) (Album Version),240.761,11,1,4,-5.575,286.56281
SOHWCYA12AB01806FA,Shamen,Destination Eschaton (Hardfloor Vocal Mix),86.561,7,1,5,-6.519,443.03628
SOAMMNJ12A81C20A4C,Mighty Diamonds,In De Dance Again,162.736,7,0,4,-10.484,208.87465
SOPVGYL12AB017B8AF,Pablo Montero,Aquel Mundo De Amor,146.654,5,1,1,-9.627,163.29098
SOZZIKV12AB017F17B,Atomic Rooster,Living Underground,146.708,4,1,4,-11.696,220.39465
SOTQHWA12A8C136E39,Lincoln Center Jazz Orchestra,Chinoiserie,90.306,5,0,4,-5.508,304.84853
SOACCCG12AC468C7BC,Ray Boltz & Steve Millikan,Perfect Tree,133.318,1,1,4,-10.551,245.62893
SOBUIHY12A6D4F5D1B,Simple Minds,Careful In Career,139.402,7,1,3,-14.178,308.94975
SOEWMAK12A8C13FD07,J. B. Lenoir,I'm in Korea,98.018,11,1,3,-9.302,190.64118
SOKHIUI12A8C135F51,Herbert  von Karajan,Oedipus Rex_ Atto Secondo: Divum Jocastae Caput Mortuum (Messaggero_ Coro) (Stravinsky),124.748,7,1,4,-16.398,201.89995
SOMTXLN12AB018977B,Rihanna,Don't Stop The Music,128.092,11,0,4,-4.465,283.8722
SOXKKUW12A8C13C614,Fuzz,De pie,143.951,6,1,4,-5.384,223.39873
SOJBVYM12AB018BD69,Dokken,Disease,89.019,6,1,4,-5.152,210.88608
SOWRNST12A81C21D4C,Ionics,Roll Back The Rug,136.463,5,1,4,-9.811,140.38159
SOCBAQW12A58A780A5,Top Of The Poppers,Money Money Money,121.238,9,0,1,-9.894,184.29342
SOIZRPR12AB0180BF1,The Winans,Free (Album Version),104.856,10,1,4,-7.68,263.20934
SOQQOHI12A8C1444C8,Paulette Tajah,Jealousy,150.024,1,1,4,-9.917,201.92608
SOHCZJH12A8C13A73C,Republica;Jonny Male;Dave Arch,Ready To Go,129.888,10,1,4,-5.306,303.85587
SODXTMM12AF729F8F1,Guns N' Roses,Mama Kin,156.65,8,1,1,-8.591,237.13914
SOMBEOP12AB018A0F7,Fat Joe,Bust At You [featuring Baby_ Scarface & Tony Sunshine] (edited album version),167.878,10,0,4,-4.678,277.002
SOEVEBR12A8C1392AA,Skrape,Searching For Home,133.912,7,0,1,-9.296,198.81751
SOEDGSG12AB0184A57,Curt Bois,Reg mich nicht auf_ Johanna,123.765,7,1,3,-18.354,203.02322
SOOWKSP12AB018043B,Céline Dion,The Reason I Go On,77.977,2,0,3,-9.528,224.20853
SOLQXNP12A58A7C0F3,Pee Wee King,Where Were You Last Night,151.049,7,1,4,-20.826,167.00036
SOBQPQM12AB0184636,Flávio José,É Sempre Assim,164.815,9,0,4,-5.695,219.29751
SOHMTXX12A8C1332C1,Silverchair,Cicada,122.243,9,1,4,-7.207,312.13669
SOFCNRE12AB01864E3,Metallica,The End Of The Line,111.504,3,1,4,-3.258,472.45016
SONSUZV12AB018914A,Rancid,LA River (Acoustic),126.464,7,1,1,-5.084,163.29098
SORJLDF12A58A7C7F0,Brian Auger's Oblivion Express,Inner City Blues (Alternate Mix) (Bonus Track),193.84,5,0,7,-10.284,265.7171
SOPJVZP12AB018AA11,Primordial,Empire Falls,129.626,2,1,4,-14.04,458.9971
SOVMPHV12AB01828B1,Chelsea,Right to Work (Live),159.552,7,1,4,-9.727,145.55383
SOZHTJI12A81C20CF5,Sizzla,Princess Black,168.013,1,1,4,-6.016,274.15465
SOMXGMJ12AB0183EC5,Bersuit Vergarabat,Bolero Militar,121.91,5,1,4,-7.877,208.56118
SOKBTBD12A6D4FA3C6,Casiotone For The Painfully Alone,Rice Dream Girl,131.078,0,1,4,-6.695,108.40771
SOJLVSP12AB018252B,Rainer Bielfeldt,No more going home,149.259,7,1,4,-8.25,239.01995
SOPVYZH12AB017C34D,Ann Hampton Callaway,Time After Time,103.077,0,1,3,-20.302,312.65914
SOYXFLF12A6D4FBF4E,Mando Diao,Misty Mountains,152.041,7,1,4,-3.942,144.03873
SOTJLKO12A8AE4888B,Donnie McClurkin,All I Ever Really Wanted,143.986,9,1,4,-6.129,198.5824
SOHSPMJ12AB0181C96,NewFound Road,Brand New Broken Heart,223.34,7,1,4,-5.864,176.56118
SOEFZVQ12A8C138735,Vilma Palma e Vampiros,Te quiero tanto,127.803,7,1,4,-6.107,210.05016
SOIDOHE12A8C135371,Ray Conniff,Yesterdays,65.852,0,1,4,-14.286,191.63383
SORTRUL12A6D4FA12A,Nelson Ned,Mi Sangre Latino,85.7,9,1,3,-12.026,177.6322
SOMKRRH12A8C13C411,Madilu System,Vincent,130.126,9,1,5,-3.871,451.44771
SOSVWIE12A8C143BD4,Set Your Goals,the fallen...,194.532,3,1,3,-2.192,204.40771
SOBXEJI12A58A79725,The High Strung,The Lifestyle That Got Away,95.11,9,1,4,-2.679,153.73016
SOOTDEC12A6701D0FF,Lost Boyz,Get Your Hustle On,93.174,9,1,4,-9.725,243.53914
SOCAKKR12AB01866C9,Nic Endo,Future Prospects,88.4,3,1,5,-2.928,388.0224
SOJWGEI12A8C13CA8F,Dropkick Murphys,Skinhead on the MBTA (Album Version),168.21,9,1,4,-3.918,229.51138
SOINZJI12A8C1337A1,Kim Wilson,Love Attack,119.644,9,1,4,-8.096,286.51057
SOBTQGV12A8AE496ED,Daath,Above Lucium (LP Version),150.163,4,0,4,-3.961,248.81587
SOIMSRQ12A6D4F648F,Suicidal Tendencies,Human Guinea Pig,186.159,11,0,4,-9.96,125.90975
SOMNRNZ12A8C144C90,Bobby Vee,Wink Of An Eye,132.109,10,1,4,-10.872,256.28689
SOQUGOE12A6D4FA6FF,Bill & Gloria Gaither,Awesome God,139.23,6,0,4,-13.991,181.15873
SONYXMF12A8C13EB31,Jennifer Brown,Naked,90.915,8,1,4,-8.246,239.0722
SOPUMFQ12AB0187B54,Jean Lumière,Le temps des cerises,38.644,1,1,4,-10.621,183.37914
SOLMCUV12A6BD54773,Elephant Man,Loud And Clear,125.618,9,0,4,-7.286,128.80934
SOFFRFP12A6D4FA748,Alain Souchon,J'veux Du Cuir (Live),89.168,11,0,4,-13.578,217.02485
SOTOHAH12AAF3B51FC,Pepper,Freeze,220.104,9,0,3,-5.286,204.5122
SOPRVWD12A8C13A711,Peggy Zina,Alli Mia Fora,131.991,8,1,4,-8.301,217.33832
SOHSEBB12A8C139D2A,FIR,Lydia [Piano Version],122.041,11,0,3,-14.44,206.57587
SONWUYB12AB017FDC5,Eric Champion,Dress Me Up,122.421,2,1,4,-10.42,327.49669
SOSFHGJ12AB01857C0,Zeltinger Band,Wo bleibt die Mark?,140.264,1,1,4,-7.768,222.24934
SOZOOYV12A6D4F445F,Bebe Winans,Love Thing,161.405,1,1,4,-10.486,278.22975
SOPEKCH12A6D4F66B3,Penguin Café Orchestra,Bean Fields (Live) (2001 Digital Remaster),128.298,2,1,1,-9.057,270.78485
SOKGTMG12AB0180460,Colombiafrica - The Mystic Orchestra,Sambangole / Tres Golpes Na' Mas,186.121,1,1,5,-7.998,318.79791
SOBANAT12A6D4F7501,Red Hot Chili Peppers,Naked In The Rain (Album Version),116.282,2,1,4,-10.557,265.63873
SOLVAIC12AC90716B8,The Kitchen,Who Are You?,142.911,0,1,4,-6.025,213.10649
SOLDRTU12AB01838B9,Statues,There Are Things I Think You Should Know,173.357,1,0,4,-6.618,155.6371
SOZCURA12AF72A17B1,Jonny Lang,The One I Got,136.932,2,1,4,-6.067,208.32608
SOPFWNZ12A8C13B9C6,Cam'Ron / JR Writer,Shake,115.139,9,1,5,-6.61,208.92689
SOWKINI12A8C135E39,Novembre,Triesteitaliana,124.078,4,1,3,-6.163,295.23546
SOELUMB12AB01819CE,X-Raided,Thug Queen,161.976,4,0,4,-6.83,242.59873
SOXYGNC12A67021C29,Cornell Campbell,Give Your Love To Me,140.048,1,1,4,-15.076,215.01342
SOYNMIH12AB0181C0A,Donna The Buffalo,Tides Of Time,151.493,9,1,4,-6.199,281.93914
SOIDTWY12AB018CDB4,Tesla,So What!,88.127,7,0,4,-3.257,228.98893
SOUOHOA12A6D4FBCE0,ÄI-TIEM,Kleina Wixa,172.02,2,1,4,-10.62,200.48934
SOCSLWU12A58A7E43A,Little Feat,Down On The Farm (2006 Remastered Edit Version),97.342,0,1,4,-9.978,228.98893
SODDPYN12A8C132735,Mikey Dread,Two Track Dub (Dub / Instrumental Reggae Music),145.055,1,0,1,-13.192,373.26322
SOJKDEC12A8C131E8B,Alberto Cortez,Distancia,91.008,3,1,5,-5.896,252.78649
SOKBBXV12AB0186B8A,Conjunto Mar Azul,Papel Quemado,93.961,5,1,3,-5.129,309.96853
SOINDRZ12A6701DAF6,Death From Above 1979,Romantic Rights,150.155,7,1,4,-7.163,195.29098
SOUVVUV12A8AE48414,Foo Fighters,If Ever,150.83,2,1,3,-7.442,253.67465
SODKRQH12A6D227229,Eyehategod,Left To Starve,97.916,2,1,7,-11.31,247.01342
SOZIAOG12A6D223AA3,Mal De Ojo,Lekeitio,140.951,4,1,3,-6.206,238.10567
SOCCIRN12AB018A7FE,Edmundo Ros,The Wedding Samba,121.596,7,0,4,-9.905,170.37016
SOEYFCZ12AB017D780,The Antlers,Stairs To the Attic,80.023,7,1,4,-8.878,277.99465
SONYUSG12AB018AA7C,Lionel Rogg,Prelude And Fugue In C Major BWV 545 : Prelude,77.754,0,1,3,-10.997,137.32526
SOXRGPQ12A8AE459AE,Jimmy Riley,The Love We Had Version,160.04,8,1,4,-13.633,229.14567
SOOJHOT12A8C137024,Elliot Goldenthal,Vortex,79.35,2,1,7,-23.519,92.86485
SOIGXES12AB018B150,John Brown,Uncle Interlude,77.692,11,1,1,-13.816,24.47628
SOLMLUW12AB017D7E0,Marilyn Horne / Wiener Opernorchester / Henry Lewis,Mon coeur s'ouvre à ta voix,106.504,1,1,4,-20.082,391.70567
SOCDAIR12A8C131F89,Jason Mraz,The Dynamo Of Volition [From An All Night Session],62.894,11,0,1,-13.163,263.00036
SOVLLLU12AB0185D84,Pyrolator,Gold Und Silber,186.582,2,1,1,-8.826,167.28771
SOUUOSZ12A8C14378D,James Scott Skinner,Triumph / Timour The Tartar / The Left Handed Fiddler / Speed The Plough / De'il Among The Tailors,133.953,10,1,1,-18.935,184.52853
SOZYMNW12AB0186BD9,Abraham Laboriel,Guidum,182.774,0,0,4,-10.494,423.26159
SOPMZIK12AB017DEFE,Grupo Batuque,Cavasamba Um (Edit),155.526,9,0,5,-17.437,41.56036
SOCHRGA12AB017D5CE,Sugar Minott,All Kind of People,121.284,11,1,1,-11.706,211.06893
SOKFNSG12A8C1379EA,Ini Kamoze,Hole In The Pumpkin,95.021,6,0,4,-13.762,234.84036
SOEGWUQ12A5891CC6F,Mudhoney,Between Me & You Kid (Album Version),158.517,4,1,4,-7.996,217.5473
SOQXUNA12A6D4F9AFB,Out Of The Grey,The One I've Been Waiting For (Diamond Days Album Version),153.642,0,1,4,-10.239,252.62975
SODNJFJ12AB0185841,Dino,Untitled,103.807,10,0,4,-1.723,406.38649
SOLQAPL12AAF3B3010,OV7,Una na na,99.995,11,1,4,-3.593,239.67302
SOVUPWB12A6701F623,Borialis,Can't Break This Man,151.805,7,1,4,-5.4,294.68689
SOAUGJA12AB01869AF,Open Hand,The Ambush,154.211,6,0,3,-5.654,136.98567
SOJQTNZ12AB018115B,X-ecutioners,Play That Beat,76.166,10,0,5,-5.716,286.77179
SOIVGSZ12AB017F898,Mario Rosenstock,Bertie's Pets (Bonus Material),49.171,5,0,4,-29.521,250.30485
SOGSPRZ12AB0182944,Juice Leskinen,Marilyn,180.8,0,1,4,-11.567,158.45832
SOEBMOR12AB018E580,Pumpkin Buzzard,Bladecrash Electrocution,68.936,2,1,1,-5.111,193.20118
SOSUVKW12A6D4F58BE,Rishi Rich,Come Here Feat. Jay Sean,107.011,4,0,4,-4.736,201.92608
SOGWZBN12A6D4F6AB2,Kanye West,Through The Wire,166.037,7,1,4,-5.227,271.25506
SOGSBJL12A8C14477B,The Katies,She's My Marijuana (LP Version),133.607,11,1,4,-5.419,216.29342
SOCCRRM12AB018E15B,Los Hispanos,El Aranero,88.343,0,1,4,-12.384,242.28526
SOLKIQV12AC3DF5531,Sugar Minott,Mash Up Mi Life,156.972,0,1,4,-10.475,258.01098
SOKEOPP12AB017F799,Paul Brown,Old Friends,122.623,7,0,3,-9.433,243.90485
SOZYUKG12A6D4FB64F,Lloyd Banks,South Side Story,85.366,1,1,4,-2.844,250.74893
SOINLVO12A67020D31,Marvin Sapp,In His Presence (LP Version),100.081,8,1,4,-6.677,263.65342
SOPXKFG12A58A78D97,Sister Hazel,Space Between Us (Album Version),127.707,7,1,4,-8.311,303.98649
SOWJACU12AB018648C,Mighty Diamonds,Drifting Away,146.02,7,1,4,-8.815,224.54812
SOWDYUR12A8AE481CB,Terror Fabulous,Position,94.958,8,1,4,-11.71,191.73832
SOUIAWC12AB018810E,Eddie Henderson,Beyond Forever (2004 Digital Remaster),98.436,2,1,5,-8.4,277.57669
SOBGEIG12A6D4F6635,Kartik Seshadri,Raga Anandi Kalyan (Alap_ jor and jhala),88.329,1,1,3,-23.684,1519.28118
SOIXCFZ12A8AE462F5,Modeselektor,Tetrispack,205.972,2,1,4,-8.788,256.31302
SOIMQSC12A8C1344C4,Charlie Rich,Nice 'N' Easy,119.963,0,1,1,-11.537,184.65914
SOBEQOL12A8C140489,Kris Kristofferson,Darby's Castle,74.665,2,1,3,-19.991,232.64608
SODFEAT12A8C139306,Bad Religion,Doing Time (Album Version),121.805,9,0,4,-5.098,180.81914
SOPDNNC12AB018A801,Saarbrücken Radio Symphony Orchestra,Phase (1972),59.478,5,1,5,-24.986,827.66322
SOMLDOS12AB0181FBD,Jackie Davis,Night Train (Album Version),117.298,6,1,4,-13.613,159.81669
SOZPXLH12A58A7A054,Shawn Colvin,Sunny Came Home,109.154,1,1,1,-12.806,250.69669
SOOCUMC12A81C22FEA,Less Than Jake,Short On Ideas / One Last Cigarette,170.412,0,1,1,-1.977,257.01832
SOVFRDB12AB017FF3A,Mobb Deep,Got It Twisted,103.433,6,0,4,-5.627,224.62649
SOJYPYH12A8C13D69F,Irwin Goodman,Liverpoolin pokia,155.735,10,1,1,-4.398,157.33506
SOHRPJS12AB0180A12,Pedro Aznar,Stand,110.178,0,0,4,-7.683,194.61179
SOEDOYM12AB0189A92,Bill Douglas,Caroline,106.117,3,1,4,-23.771,185.67791
SOYBNLW12A6D4FC930,Marty Robbins,Have Thine Own Way Lord,83.053,11,1,3,-16.399,160.57424
SOIVSQZ12A6D4F68BF,Gang Starr Featuring Jeru The Damaja And Lil Dap,I'm The Man (Explicit) (Feat. Jeru The Damaja And Lil Dap),95.301,1,1,4,-15.55,244.32281
SOLABTF12A8C13A149,Lenn Hammond,The Door,154.356,1,1,4,-7.622,216.47628
SOUFVZJ12A6D4FA4FE,Cool For August,Don't Wanna Be Here (Album Version),124.22,9,1,4,-5.8,214.7522
SOKSRWI12A8C146997,Monster Magnet,CNN War Theme,146.683,2,1,4,-5.75,217.10322
SOCXRMP12AB018578E,Sugar Minott,Now We Know,163.848,3,0,4,-13.688,193.93261
SOSMWDQ12A6701E981,Nirvana,Heart-Shaped Box,105.826,1,1,4,-6.89,281.65179
SOIGESI12AB0184722,Unison,Girls Make My Hair Loose,116.432,7,0,4,-11.212,216.78975
SOIKYFC12A6D4F9864,Hatiras & Slarta John,Spaced Invader (Ian Pooley Club Mix),128.022,10,0,4,-5.378,383.58159
SOEQJUL12A6701D4CE,Randy Travis,Down At The Old Corral (Album Version),104.799,10,1,4,-11.611,198.76526
SOGQJCQ12AB0188A27,José Augusto;Catia Guimma,Tudo Que Você Quiser,102.399,11,1,4,-5.962,256.15628
SOKXUNU12A8C131CD6,fIREHOSE,Tien An Man Dream Again,177.093,7,1,1,-10.99,78.05342
SORWKHR12A8C141015,Alternative TV,Nasty Little Lonely,105.288,4,1,1,-13.11,305.71057
SOKDRIH12AB0182247,Mike Bloomfield,Tell Me Partner,102.533,9,1,3,-21.361,320.1824
SOODZJJ12A8C142894,Francky Vincent,Ma Garçonniére,111.95,2,1,4,-4.613,207.90812
SOTWIIY12A6D4F8837,The Black Crowes,Nonfiction,163.204,5,0,4,-8.311,256.20853
SOGWCWD12AB017FC95,G-Unit,Money Make The World Go Around,93.988,7,1,4,-5.871,254.09261
SOAPAIN12A8C142D08,Mat Kearney,Never Be Ready,151.936,11,1,4,-6.81,215.74485
SOQIGAT12AB017AD52,Conjunto Clasico,Coquí,83.905,0,1,5,-15.732,245.99465
SORTOKQ12AF72A545B,Julie Roberts,Unlove Me,122.022,1,1,4,-10.002,192.46975
SOJORVL12A8C143582,The Presets,If I Know You,128.976,2,1,4,-7.168,351.32036
SOZPSZK12AB0187881,Lily Holbrook,Smoke Screen,118.268,11,1,1,-9.823,242.83383
SODORVB12AB0181F05,Georges Delerue,Ouverture,141.652,2,0,7,-13.074,113.73669
SONFXQX12AB01872A4,Ronnie Milsap,Up To Zion (High Key-Premiere Performance Plus w/o Background Vocals),88.947,5,0,3,-6.652,171.25832
SOKANHN12AB01841D0,Irma Thomas,River Is Waiting,103.206,3,1,4,-5.762,240.69179
SOVIJEZ12A58A7F35C,VHS Or Beta,Solid Gold (Evolution Mix) (2005 Digital Remaster),126.984,9,1,4,-6.992,508.02893
SOBNEYA12AB01865D5,T.G. Sheppard,Only One You,96.027,11,0,3,-14.301,196.62322
SOWRIBC12AAF3B2725,O'2L,Little Edith,130.091,5,1,3,-9.344,290.08934
SOPFURM12A67020D2A,The Cardigans,Iron Man,137.342,5,1,4,-10.175,259.76118
SOJOIZR12A8C13E554,Clifton Chenier,Johnny Can't Dance,116.517,7,1,4,-4.231,281.15546
SOFSDJY12AAF3B4381,B.B. King,Please Remember Me,132.115,0,1,1,-10.241,192.88771
SOOWUYK12AB017C5E3,Zen Lemonade,Brazil Mon Amour,134.21,7,1,4,-9.535,493.7922
SOXKMLO12AB017FFDB,R. Kelly & Jay Z,Honey,95.464,6,0,4,-3.38,242.15465
SOSEDLD12A8C13E168,Jan Wayne,Mad World (Money-G. Remix),140.013,9,1,4,-5.085,495.38567
SOAVWUZ12A8C142B45,Jimmy Cliff,Take Your Time feat. Yannick Noah,211.986,0,1,4,-6.874,193.64526
SOWYVJI12AAF3B4873,The Forms,Innizar,78.134,2,1,4,-9.073,208.14322
SOTBVZW12A8C1360F0,Lionel Rogg,Toccata Et Fugue En Ré Mineur BWV 565,92.924,2,0,4,-15.872,499.51302
SOWCQMT12A6D4FC2BD,Connie Francis,Embraceable You (LP Version from 'When The Boys Meet The Girls'),73.183,2,1,5,-15.754,135.47057
SOFLKLL12AC468B353,Larry The Cable Guy,Bass Pro Shop & Wal-Mart,62.018,4,1,1,-12.149,148.37506
SOGQMIF12A8C13C401,The Kirkbys,Penny In My Pocket,129.393,7,1,1,-8.251,154.3571
SOWSZIC12AB0186D86,Arc Angels,Nadine,118.372,9,1,4,-7.183,309.41995
SOLGING12AB0182723,The Clancy Brothers,Marie's Wedding,92.326,1,0,4,-21.511,164.07465
SOJGOAY12A58A79479,Andy Griffith,I Love To Tell The Story  (Love To Tell The Story Album Version),105.129,10,1,4,-15.661,173.7922
SOQRHIO12AC4689255,Eric Demarsan,L'ombre d'une chance,117.311,2,1,3,-13.345,150.17751
SOOJKNX12A8C132425,"Myrick ""Freeze"" Guillory",Queen Ida Introduction,111.542,8,0,1,-23.347,55.50975
SOZGOKA12A6D4FC7B7,Ice-T & Chuck D,Round Two Wrap-Up,109.135,2,0,1,-13.276,26.01751
SOKWVAH12A8C1332B0,Silverchair,Suicidal Dream,97.643,7,1,4,-7.711,191.9473
SOAATRN12A6310E897,U2,New York,125.088,11,0,4,-7.165,343.27465
SORTNEK12A58A7932C,Sweet,Do It All Over Again,150.116,7,1,4,-5.425,265.97832
SOSIMGO12A6D4FB491,Billy Bragg & Wilco,She Came Along To Me (LP Version),119.066,9,1,4,-7.46,207.98649
SODMNRZ12A8C140C7A,Hot Tuna,Extrication Love Song,93.532,2,1,4,-5.807,270.96771
SOWDTGB12A6D4FB2AD,Götterdämmerung,Skincree,137.846,11,1,4,-6.942,250.14812
SOEQBUC12AB0181D21,Mil,Dis moi,199.747,1,1,4,-5.041,200.56771
SOTDNJJ12AAF3B3748,The Twinkle Brothers,Under World Dub,88.355,9,1,3,-11.837,186.8273
SOTOXLZ12A8C1436B7,Tum Tum,Lil Stuntin,87.716,9,1,4,-16.408,206.28853
SOXKDRR12AB0181712,Mr Dubz,Diss Location,87.99,6,1,4,-6.481,293.72036
SODOXQL12AB01843D3,Shakira,Did It Again (featuring Kid Cudi),137.935,0,0,4,-5.243,242.02404
SODJAUI12AB0188C5E,Soda Stereo,Persiana Americana (Live),104.521,4,0,4,-11.947,343.562
SOYMYOU12AB01883E3,Die Bandbreite,Recht auf Lungenkrebs,131.784,7,1,4,-9.839,181.08036
SOOTDLW12AB017DBF3,Pardesi,Pardesi Pind Wich Ageya,98.824,8,0,4,-13.242,254.9024
SODWFBM12A6D4FAF53,Andre Verchuren,Tra-La-La Musette,180.588,0,1,1,-14.252,156.26404
SOCKIPC12A8C13F0C0,Spieluhrmelodien,Zeigt her eure Füße,94.977,2,1,4,-10.823,131.94404
SOCWCPZ12AB018476F,Marco Beltrami,Past Meets Present,188.068,5,1,3,-17.169,170.52689
SOYFSUL12AB0183110,Erik Hassle,Don't Bring Flowers,127.923,7,1,4,-7.564,308.81914
SOGCJUJ12A8C13D4FE,An Cafe,KORITSU HOSPITAL,170.003,7,1,4,-3.545,267.31057
SOEJRAP12A8C13D8FA,Galactic,Squarebiz,91.89,11,0,4,-4.181,205.08689
SOOCFSM12AB018519F,Michael Bloomfield,Narrative #1,106.269,8,0,1,-20.026,35.97016
SONQVMO12A8C134FC7,Soul Embraced,Someday (Immune Album Version),168.193,0,1,4,-8.432,248.81587
SODOZXX12A8C137BCE,Scott Wesley Brown,Somebody's Brother (Somebody's Brother Album Version),124.346,2,1,1,-20.02,191.21587
SOOPNJS12AB0181570,Tiny Tim,You Called It Madness [But I Call It Love] [Live At Royal Albert Hall],167.477,5,1,3,-14.23,197.90322
SOQFKBW12A58A7B9EE,At All Cost,Drugs,100.331,3,0,7,-6.465,443.68934
SOWCQMB12A8C141825,Shamen,Scientas,219.826,2,1,3,-14.443,337.71057
SOPKUDA12AB018570C,William Coulter,The Painter And The Magician,177.841,2,1,4,-14.233,253.54404
SOYPREH12A6D4F6EF4,Phil Spector,Spanish Harlem,101.166,0,1,4,-14.669,130.61179
SOESDIQ12AB018ADA5,Charles Williams And His Orchestra,Portrait Of Clare (from 'Portrait Of Clare'),66.907,7,1,1,-24.422,196.75383
SOOUUQC12AF72A56E3,Nick Cave & The Bad Seeds,The Hammer Song (2010 Digital Remaster),99.565,7,1,4,-10.794,255.4771
SOUXSFR12AB018D1A4,Barrabas,Broadway Star,131.729,9,1,4,-13.115,241.3971
SOQCDQE12A6D4F7682,Malcolm McLaren,You Need Hands (1993 Digital Remaster),106.413,8,1,1,-14.338,169.50812
SOYRUNW12AB01856B8,The Brooklyn Tabernacle Choir,All That You Need,115.371,7,1,1,-14.173,257.30567
SONUXHH12A8C141737,Birmingham Jubilee Singers,Hope I'll Join That Band,88.908,8,0,7,-17.242,172.93016
SOEHJSW12A8C135F66,Capleton,Conscience Ah Heng Dem (interlude),170.781,3,0,1,-15.0,29.41342
SOYWHAB12AB0181E73,Steve Erquiaga,Sicilienne,150.784,9,0,3,-28.2,225.33179
SOZIMLB12AF72AD1CD,Avril Lavigne,Innocence,138.364,1,0,1,-4.165,232.202
SOYSHBO12AB018CA41,Mickey And The Students,Gimme Gimme Song,107.433,7,1,3,-7.329,914.02404
SOLOZFC12AB0180428,Chimaira,Severed (demo) (Album Version),69.792,11,0,3,-3.884,179.04281
SOBRBOP12AB018ABA1,Bumblefoot,Abnormal (Acoustic),156.222,0,1,4,-10.491,214.64771
SOBNSFW12A67020E2E,Hem,Redwing,123.997,3,1,4,-10.468,252.86485
SONIOEX12AB017D541,Lara,Nur eine Nacht mit Dir,124.014,1,1,4,-6.255,211.90485
SOARKRH12AB0188703,The Shamen,Heal (The Separation) [H.E.L.P Breakbeat],110.04,5,1,4,-8.069,247.53587
SOXWGVW12A8C134AD8,Jackie Edwards,Worrying Over You,150.302,6,1,4,-13.686,206.05342
SOYTMRC12A6D4F5B58,The Moody Blues,Long Summer Days,91.453,2,1,4,-9.769,194.97751
SOBDXNG12A8C139A47,Frankie Randall,Winter Wonderland,100.0,4,0,4,-18.86,215.77098
SOCCQAW12A6701DB28,Arturo Sandoval,Luna de miel en Guama,138.732,2,1,5,-11.4,238.28853
SORQBLL12AB0184523,Tommy Overstreet,Heart Of Dixie,129.714,11,1,4,-13.569,185.73016
SODCRFM12AB0187CB9,Coven,Coven In Charing Cross,87.136,2,0,4,-13.311,244.50567
SOYLZHL12AC468A32E,Kzss & Atma,Obsidian Sunrise,145.478,5,0,5,-3.352,335.09832
SOETTKO12A8C138FE1,Professor Longhair,Junco Partner,96.874,3,1,4,-14.445,208.45669
SOPKDKM12A8C135765,Stelios Dionisiou,To Sinnefo,99.955,0,1,1,-7.306,233.92608
SONSEVZ12A6D4FAB2E,J.C. Lodge,You Are The One,84.998,8,1,4,-12.471,319.39873
SOKECVO12A6D4F9F14,Hubert Kah,Raketen,110.013,7,0,4,-6.917,249.83465
SODOOHJ12A6D4F4A74,Snow Patrol,Shut Your Eyes,125.057,8,1,4,-7.078,209.162
SOUHKHB12A8C138A58,M,Close To Me,123.81,5,1,5,-7.404,238.41914
SOBJIKU12A8C13ECD6,Piero Umiliani,Apertura in jazz,42.106,5,1,4,-14.206,234.57914
SOPBDZT12AB017AA98,Tabu Ley Rochereau,Maputo,136.248,11,0,4,-12.338,456.61995
SOSYPCS12A8C136D12,Dead Prez,Be Healthy,94.905,2,0,4,-8.328,154.30485
SOKLRFB12A8C141932,Sergio Mendes / Black Eyed Peas,Mas Que Nada,101.059,6,1,4,-6.069,267.20608
SOMTZGM12AB0187CA0,Janice Vidal,Water-Liked,116.043,1,1,7,-10.623,226.7424
SOXJOMM12A6D4F8673,El Gran Silencio,Alma de B-Boy,120.064,0,1,4,-7.705,208.66567
SOJGTKX12AB0188C94,Black Flag,Jealous Again,124.481,4,1,3,-6.419,136.14975
SOSQCCK12AB0186B7C,Les Bantous De La Capitale,À Mon Avis,134.046,7,0,4,-6.451,431.93424
SOQXTRG12A6D4F898E,Sivuca,Energia,224.247,5,0,7,-10.623,238.00118
SOWYXJC12A8C13B81E,Luis Alberto Spinetta,Verde Bosque,105.025,9,0,4,-16.136,355.29098
SOYKTQM12AC468D0F9,Moss,There Alone Go I,107.412,7,1,4,-14.157,274.12853
SORPSAN12A8C1361CE,Blind Boy Fuller,Put You Back In The Jail,180.137,11,1,1,-16.063,160.28689
SOKVDQW12A6D4F8C62,Paula Santoro,The Girl From Ipanema (Garota De Ipanema),129.591,7,1,4,-17.307,192.41751
SOOBNCY12AB0182457,Sunscreem,Secrets,172.172,0,1,4,-8.085,241.89342
SOCPSBZ12A6D4F43ED,Louis Prima And Keely Smith,Autumn Leaves (1999 Digital Remaster),84.496,0,1,5,-14.736,171.4673
SOHASWL12AB018352B,Robert Lockwood_ Jr.,She's Little And She's Low,164.387,4,1,3,-14.188,340.87138
SORJVDO12AF72A1970,Muse,Stockholm Syndrome,128.134,2,0,4,-4.854,296.95955
SORXJPI12A8C13342A,Jeremy Spencer,Maria De Santiago,126.191,4,0,4,-8.748,235.04934
SOEKNBA12A6D4FD71E,Bob Margolin,No Consolation,74.601,9,1,4,-14.755,182.83057
SODGEOZ12A6D4FD9F3,The Gone Jackals,Faith Healer (Digital Single),123.633,7,1,4,-6.427,248.18893
SOGYDBB12A6D4F7D81,The Velvet Underground,I Heard Her Call My Name,144.562,0,1,4,-14.002,276.68853
SOGRUJA12AB01859FF,Kingston Trio,Scotch and Soda,80.167,1,1,1,-21.177,127.16363
SOOSYTN12A8C13F55B,D' Militante,T.V. & Movies,240.314,9,1,1,-15.655,420.49261
SOZAXOL12AB017E467,Michelle & Vickie,Ying Guang Hu Die,94.276,0,1,4,-8.78,279.19628
SOLCRKR12AC96184F8,Pamelo Mounk'a,On ne meurt qu'une fois,112.752,2,1,4,-13.89,528.40444
SOYQKVM12A8C137ED7,Los Fernandos,All My Loving,103.432,4,1,4,-11.516,187.95057
SOQYBYY12AB01823A2,Kool Savas,Therapie,90.148,6,0,4,-3.985,64.62649
SOPPJYP12AB0185DA2,Rainie Yang,Nu Sheng Wo Zui Da (OT:That Thrill),160.027,2,1,4,-7.717,220.15955
SOKYXSZ12A6D4F6E92,Little Eva,The Loco-Motion,129.781,3,1,1,-6.643,145.162
SOCFQLH12AF72A942D,Simple Minds,Chelsea Girl (Live),103.637,1,1,1,-9.503,308.45342
SOSNQQX12AF729C44C,The Killers,Show You How,82.909,2,1,4,-6.467,166.29506
SOUMJJC12A6701F4B0,New Order,Jetstream - Arthur Baker Remix,122.484,0,1,4,-5.721,421.95546
SORTYID12A8C139D86,Damone,Child Of The Night,154.093,6,0,4,-4.272,217.20771
SOQKKCG12AB017D5C4,Furry Lewis,Old Hobo,146.569,10,0,4,-8.032,234.78812
SOOFFTS12AB018A83C,Chris Farlowe,I Just Need Your Lovin' - Original,160.663,0,1,4,-13.626,192.26077
SOTKYKL12A8AE45B28,Joe Turner,Here Comes Your Iceman (LP Version),88.109,10,1,4,-13.984,233.92608
SOCDRKE12A8C13BF47,Porcupine Tree,Moon Loop (Improvisation),134.075,9,0,4,-11.524,978.442
SOXCKCV12A6D4F8F1F,DeGarmo & Key,He Has Risen (Communication Album Version),82.604,2,1,3,-11.528,171.75465
SOVHLHV12AB018930B,Frank Chacksfield,Heidi,116.716,5,1,4,-16.538,151.19628
SOOEDPH12A6310E02B,David Bowie,Space Oddity (1997 Digital Remaster),137.068,0,1,4,-12.679,313.70404
SOBVPYI12AB018623E,Bone Thugs-N-Harmony,Fearless [Interlude] (Explicit Album Version),86.056,8,1,4,-12.088,34.42893
SOVMXIC12A8C13CC28,Klaus Badelt,After The Fire,56.306,7,0,1,-27.369,116.1922
SOFYIQI12A6D4F8D85,Charlotte Gainsbourg,Tel Que Tu Es,119.683,6,1,3,-12.1,189.70077
SOOJFKG12A8C1334E6,Aerosmith,Lord Of The Thighs,108.662,5,1,1,-10.943,425.03791
SOGHCFG12A8C13B254,Agnes,Non Conformist Acclaimed,122.965,6,1,4,-11.338,371.06893
SOOVFAZ12A8C134EEB,The Party Group,El Ventilador,122.91,6,0,4,-21.761,190.04036
SOCWUXY12A58A7F1E8,Enter the Haggis,Skyswimmer,85.399,3,1,4,-10.648,399.882
SOYIZYC12AB01833BF,Mac McAnally,If You Hang Around Long Enough,174.268,0,1,4,-6.601,183.53587
SOSCMUV12A8AE49448,T.O.K.,Hotta,126.682,1,1,3,-5.977,190.71955
SOTALBJ12AB017D609,Leo Gandelman,Bari Bossa,157.95,5,0,4,-13.812,222.98077
SOFUCUZ12A6D4F9EDA,Leon Russell,Jambalaya (On The Bayou),99.435,0,1,4,-14.073,169.35138
SOTTMXT12AF72A1B42,Bill Laswell,The Gary Selchie - Solas,105.218,3,0,4,-19.814,132.67546
SOQVJZI12AB018520D,Francis Lai,La valse du mariage,88.967,7,0,3,-9.853,123.24526
SORZUVX12AB017BDCB,Herbst9_ Z'ev,Awakening of the Soulless,91.695,10,0,3,-14.775,245.02812
SOQMWJG12A6701E1AC,Del Tha Funkee Homosapien,Mistadobalina,99.566,2,1,4,-9.495,257.69751
SOKKXUI12A58A7A79C,Rihanna,Good Girl Gone Bad,128.077,5,0,4,-5.704,208.16934
SOLQLGL12A8C138380,Britney Spears feat. Pharrell Williams,Boys,106.919,6,0,4,-4.947,225.48853
SOFIFUK12A8C1393F8,Britney Spears,Everytime,85.331,0,0,3,-3.738,206.81098
SOCRNKC12A6D4FAE9D,Crazy Horse,Dance_ Dance_ Dance  (Album Version),152.729,9,1,4,-13.771,133.3024
SOGVWMA12A8C1379BA,Headhunter,Signs Of Insanity,133.005,11,1,4,-5.431,277.81179
SOWOAVJ12A6D4F43C6,Sam Butera & The Witnesses,Perdido (1999 Digital Remaster),178.716,8,1,4,-13.778,148.06159
SOZVTQM12CF5F88285,Rise Against,State Of The Union,132.045,10,0,3,-3.619,139.17995
SOTOPUU12A6D4FAA58,Lee Ritenour / Jeff Mironov,A Little Bit Of This And A Little Bit Of That,157.582,0,1,4,-17.337,307.04281
SOCHGAQ12AF72A2EF9,Helmet,Your Head,202.829,7,1,4,-11.448,200.75057
SOIQTTM12AC3DFB614,Dine et Déon,Géraldine,110.5,8,1,1,-6.828,113.57995
SOPJBVD12AB018AACC,Martin Denny,Burma Train Change,85.765,6,0,4,-17.114,175.75138
SOBWVKW12AB018E9C9,DJ Nasty,Buy You A Drink,106.659,6,1,4,-4.68,236.56444
SOEKETC12CF5F89191,Santana,With A Little Help From My Friends,79.428,2,0,4,-6.873,246.7522
SONBYZV12A81C1FEBA,Ray Sandoval,A La Naturaleza,124.186,4,1,3,-16.427,377.70404
SOVLNMD12A8C14046C,Amalia Avgoustaki,Dimitroula,120.103,6,0,3,-5.065,182.17751
SOWSUAM12A6D4FDA56,Shaman,For Tomorrow (live),120.25,2,0,3,-4.462,404.06159
SOUFKMA12AF72A3117,K-OS,Clap Ur Handz,104.783,5,1,4,-6.855,80.53506
SOIJPPR12A6D4F3945,Choir & Great Symphony Orchestra of the All-Union Radio_ N. Shpiller_ S. Krassovsky_ V. Gagarina & N,Requiem Mass_ K. 626_ 1791: Agnus Dei (Larghetto) (Mozart),109.051,9,1,4,-15.586,541.23057
SOXNSGB12A8C1396F1,Elva Hsiao,Gotta Let It Go,121.968,11,1,4,-6.01,241.52771
SOGXWRE12AC468BE24,Chris Farlowe,Paint It Black,146.913,7,0,1,-11.027,177.57995
SOMSKPE12A6D4FA09D,Avril,The Matter With You (Part I_ Ii_ Iii),86.589,4,0,4,-10.718,651.59791
SOMUYIL12AB0184EE2,Sticky Fingaz & Omar Epps,Don't Owe Me Nothin',87.897,1,1,4,-9.532,142.86322
SOIMSZI12AB0182252,Delbert McClinton,Lose Your Money,221.858,4,1,4,-10.261,114.31138
SOZECOE12AB017E615,Gloria De Haven,Diamonds Are A Girl's Best Friend,100.296,0,0,4,-14.088,110.88934
SONLKRD12A6D4F7DB0,Rhian Benson,Say How I Feel,117.973,3,1,1,-4.573,207.46404
SORNHUW12A6D4F9006,The Impressions,This Is My Country,103.088,6,1,1,-11.803,168.01914
SOBWBGS12AB01868B0,Bessie Smith,Cold In Hands Blues,79.912,7,0,4,-27.858,192.44363
SOPMKMD12A67020BD9,MC5,Miss X (LP Version),75.706,0,1,4,-8.392,307.722
SORDTXF12AB017C25D,Tommy Torres,Imparable,158.007,11,1,4,-7.123,222.92853
SOJWNDG12AB018235E,Les Malpolis,Les Amours de Nathalie,172.061,7,1,7,-9.76,246.69995
SOZMCOM12A8C13F945,Washboard Sam,Bucket's Got A Hole In It,158.455,9,0,4,-15.571,166.19057
SONFNKK12A8C13BDE6,Shirley Caesar,Angels We Have Heard On High (Album Version),119.711,9,1,4,-8.686,176.37832
SODAAKS12AB018D37F,Tammy Wynette,Welcome To My World (Live),155.05,3,1,1,-11.433,84.16608
SODCXGX12A8AE46866,Fun Lovin' Criminals,We Have All The Time In The World (Live),91.859,9,1,4,-12.767,235.36281
SOFRDJX12A8C130B2F,Los Chunguitos,Por La Calle Abajo,158.479,10,0,4,-8.07,164.12689
SOYYANE12A8C132D08,Céline Dion,Un Garcon Pas Comme Les Autres (Ziggy),80.999,3,1,7,-14.403,179.01669
SOZCATU12A58A7BD8D,OutKast,Happy Valentine's Day,100.026,7,1,4,-4.018,323.10812
SOQEUVL12A8C133AC2,Andy Griffith,Just A Closer Walk With Thee,100.018,2,1,4,-16.334,179.93098
SOBBDPK12AC3DF6CB3,Joe Lynn Turner,Second Hand Life,106.896,3,0,4,-5.912,274.12853
SOTHGTJ12A8C13399D,Warrant,Cherry Pie,177.152,4,0,4,-4.65,201.03791
SOJZHAZ12AB01866C5,IYOV,Hipster Haircut,194.53,11,1,4,-3.909,120.16281
SOVNVPF12A8C13AD4A,Otis Taylor,Round and Round,217.289,4,1,1,-6.028,107.83302
SOIAYAJ12AB0189B8B,Laron aka Swan featuring Alexander East,Up All Night - Remix,84.64,10,0,5,-10.971,544.522
SOQEBML12A8C136AA4,Alfredo Kraus/Tatiana Troyanos/London Philharmonic Orchestra/Michel Plasson,Werther (1997 Digital Remaster)_ PREMIER ACTE/ACT ONE/ERSTES AKT: Mon âme a reconnu votre âme(Werther/Charlotte),109.158,6,1,4,-23.73,55.40526
SOYVTIL12A6D4F6BD4,Righteous Brothers,See That Girl,72.656,0,1,3,-10.288,190.14485
SOZFWDC12A8C13317B,The Clancy Brothers,Water Is Alright In Tay,105.852,0,1,1,-13.289,113.78893
SOHODRU12A81C230CE,Five Fingers of Funk,Genuine,0.0,0,1,0,-8.792,1400.37179
SOAULBO12A58A7A2F8,Michael Whalen,A New Heart,110.1,10,1,4,-15.968,317.70077
SOZUUEA12A6701D4D2,Randy Travis,Wind In The Wire (Album Version),95.655,10,0,4,-14.172,211.40853
SODVRAB12AB018DD17,Tonic,Where Do I Fit,156.028,2,1,4,-4.768,184.68526
SOQRIHX12AB0185FCB,The Grip Weeds,Changed,130.459,10,1,4,-5.853,314.14812
SOQGJZV12A8C144767,Andy & Lucas,Amores Cobardes,147.886,9,1,4,-5.343,234.63138
SOGRIWH12A8C1318AD,Móveis Coloniais de Acaju,Perca peso,173.652,2,1,4,-5.647,320.05179
SOKHRGL12AB018ADAC,John D. Loudermilk,Brown Girl,112.781,5,1,4,-12.239,252.682
SOSXYJQ12A6D4FB699,Glen Campbell And Bobbie Gentry,Mornin' Glory,101.577,7,1,4,-13.881,183.11791
SOKMREL12AB017AC04,Pablo Montero,La Copa Grande,98.063,0,1,4,-8.888,189.57016
SOIAGWA12A8C142CE0,Jay Pérez,Ojitos Dormilones,189.758,8,1,4,-7.787,204.66893
SOAXMZC12A6D4F67A6,Kenny Rogers,The Son Of Hickory Holler's Tramp,174.785,0,1,4,-12.193,188.96934
SOQKBUO12A6D4FB40F,Dave Hollister,Bad When U Broke,166.026,11,0,4,-8.43,209.55383
SOAFFAD12A8C130310,Arturo Sandoval,My Funny Valentine,61.018,0,0,1,-14.818,266.60526
SOONSFT12A8C13E5D0,Wednesday 13's Frankenstein Drag Queens From Planet 13,Hit And Rape (Album Version),93.021,7,1,4,-3.525,131.81342
SOAHAEF12AB017E6A5,Dub Pistols feat. Lindy Layton & Rodney P,I'm In Love,130.016,0,1,4,-6.883,333.21751
SOJDYWJ12A6D4F3E34,Darwin's Waiting Room,Feel So Stupid (Table 9),101.923,6,1,4,-5.173,197.51138
SOFCBVB12A8C143EC8,André Minvielle,Les Chaudrons,125.47,7,1,4,-7.632,295.96689
SONRUXD12A6D4F4A5E,A.Z.,We Can't Win (Explicit),88.064,11,1,4,-12.042,203.10159
SOUVYHS12A8C13AB77,Herbert Von Karajan,"Die Fledermaus - Operette in drei Akten/Silvester-Einlagen/Dein ist mein ganzes Herz (aus ""Das Land des Lächelns"")",103.929,1,1,3,-20.18,238.10567
SOVSNHP12AB0185417,Hassan Annouri feat. Cassandra Steen,Wahrheit,150.063,7,0,4,-5.106,270.73261
SOKAWBI12AB018277B,Gaiteros de Pillopo,El Barbero,179.665,9,1,1,-8.173,251.08853
SOZBVGC12A8C1341A6,Paul Taylor / Terry Dexter,Long Distance Relationship,135.87,9,1,4,-7.284,270.21016
SOBQWPU12A8C144A5E,Lee Ritenour,Captain Fingers,128.972,5,0,4,-8.424,444.81261
SOCAWJO12A8C13C811,Andreas Dorau,So ist das nun mal,124.988,10,1,4,-8.586,395.17995
SOOXXFH12AB0186E48,Bukue One,Ready Now,188.947,11,1,5,-11.601,239.38567
SOMZTXK12AB018491B,Hiram Bullock,Voodoo Chile,129.245,9,1,3,-8.016,502.69995
SOMHUTQ12AB018DEF1,Serpentine,Rainbow Ride,122.004,4,1,4,-8.712,285.70077
SOYHKYI12A6D4FAEB4,Crazy Horse,Scratchy (Takes 1-3 / bonus track),119.649,9,1,5,-11.252,732.39465
SOYVTPT12A8C13FBD4,Baroness,Grad,98.763,3,1,4,-9.213,354.79465
SOPFOHF12A6D4F6538,Slim Whitman,As You Take A  Walk Through My Mind,110.595,7,0,4,-17.222,192.73098
SOPTTOX12A6310E279,Thomas Dolby,One Of Our Submarines,130.017,1,0,4,-8.907,309.57669
SOLRHDX12A8AE47065,Justin,WA-KA-BAM!! (INTRO),41.985,1,1,4,-12.43,22.33424
SOSRMIF12A81C237B0,Barbara Lusch,Now_ Baby_ or Never,92.215,7,0,1,-6.605,259.73506
SOVKDPG12A8C144EE8,Raphaël,Le Petit Train (Mixé Par Mark Plati),150.096,0,0,5,-6.301,211.01669
SODGZCH12AB0183AE6,Ini Kamoze,Goodness & Mercy,165.111,0,1,4,-9.881,236.56444
SOCXRVU12A6D4F87A2,Sugar Minott,Walking Dub,161.721,1,0,4,-9.256,192.15628
SOIWWJW12AB017C41E,Martha Wainwright,Comin' Tonight,117.316,9,1,4,-13.551,209.60608
SOYKSBN12AB017EF6B,Stevie Ray Vaughan And Double Trouble,Chitlins Con Carne,111.834,9,1,4,-13.277,235.65016
SOGMHRG12A6D4FE8CD,Mance Lipscomb,Motherless Children (Remastered Version) (Take 2),153.765,3,1,4,-19.24,180.03546
SOJENAR12A67021592,Randy Travis,On The Other Hand (Remastered Album Version),95.781,5,1,4,-12.324,187.53261
SOCXDDP12A8C141B23,Los Chichos,El Te Daba Mala Vida,133.324,2,1,4,-9.013,221.23057
SOJNGHO12A6D4F84BC,La Portuaria,Palabras De Amor(En Vivo),182.922,4,1,3,-7.548,169.482
SODAYSL12AB018FFFA,Boondox,Nothing To Lose,200.004,2,0,4,-5.852,260.10077
SOULRCV12A8C137BEC,Maurane,Juste Une Petite Fille,89.394,10,0,4,-15.406,263.67955
SOWHWDA12AB0187A89,Michael Bloomfield,Let the People Dance,78.213,11,1,4,-8.287,180.45342
SOWNKEY12A8C131FE7,Beatnuts featuring dead prez and Cheryl Pepsi Riley,Look Around featuring dead prez and Cheryl Pepsi Riley,93.957,1,1,4,-5.414,318.56281
SOGVJTG12A6701E991,Aerosmith,Angel,76.096,2,1,1,-5.763,335.33342
SOHXTED12A8C132856,Rene Touzet,Mi Son Maracaibo,112.067,10,1,4,-12.565,288.33914
SOHLWHP12A6D4F614B,Bill Laswell,Don't Lose Control,99.587,7,1,4,-14.647,258.87302
SOGDDBQ12A8C140740,Jazz Gillum,Little Woman,101.713,7,1,1,-14.663,183.09179
SOGHJED12A8C137F42,Sonny Terry & Brownie McGhee,My Bulldog Blues,117.625,2,1,4,-19.569,167.02649
SOQOEYV12AB0185DEF,Michael McDonald,Love Can Break Your Heart (LP Version),109.731,11,0,4,-10.015,296.202
SOAJUIE12A6D4FAC25,Free,Broad Daylight - The BBC Sessions [Top Gear 17/3/69],114.168,4,1,1,-12.473,197.56363
SOJZZJS12A8C1388F4,Leo Ku,Shi Shang Zui Qiang Man Hua Wang Da Luan Dou,115.449,6,1,4,-8.006,185.0771
SOXYHAQ12A8C139A64,Frankie Randall,Rudolph The Red Nosed Reindeer,134.857,8,0,4,-14.179,200.75057
SOFTQOA12A8C141EF8,The Pineapple Thief,Snowdrops,129.277,2,1,4,-10.06,356.54485
SOFRWMT12A8C13604E,Buddy Jewell,Sweet Southern Comfort,147.928,2,1,4,-6.986,212.89751
SOZEDYL12A6D4F6A73,Flor Silvestre,Luna De Octubre,84.273,4,1,1,-12.972,157.46567
SOCARBC12A58A7BEA3,Capleton,Say Yeah,127.876,0,1,5,-5.404,233.63873
SODBIWB12AB018705E,Demonbreed,Hell Will Reign,94.069,8,1,4,-4.786,337.24036
SOJXYFD12A8C143701,Joe Heaney,The Ferocious O' Flahertys,224.471,1,1,1,-26.343,52.76689
SOIZTGE12AB018096F,Cerati-Melero,Marea De Venus,129.047,10,1,4,-11.291,262.37342
SODOGGH12A6D4F7916,Remmy Ongala,I Want To Go Home,197.038,0,1,4,-17.958,489.482
SOWGPEW12AB0182FEF,The Last,Century City Rag,162.954,2,1,1,-8.383,159.05914
SORULTV12A8AE45994,Jimmy Riley,Life,85.746,2,1,4,-13.05,232.25424
SOSBUAO12A8C132DE4,House Of Lords,Rock Bottom,127.974,0,0,3,-4.045,232.75057
SOVMKKT12A58A7F0CC,Fun Lovin' Criminals,Love Unlimited (Explicit),94.082,2,1,4,-7.119,205.66159
SOFGRFP12AC392B630,Helen O'Connell,The Sweetest Sounds,135.238,0,1,4,-10.527,180.6624
SOSNQLH12A8C132485,Chaotica,Turbocharger,100.009,6,1,4,-9.087,235.4673
SOEJGDS12A8C13875E,The Sun Harbor's Chorus-Documentary Recordings,America the Beautiful,83.15,6,1,4,-20.696,206.91546
SODEQMC12AB018807F,Placebo,Hardly Wait,121.354,10,1,3,-4.422,180.13995
SOSZLHY12A6D4F5CCC,DCS,Tu Hi Tu Sada,95.889,9,1,4,-5.041,305.3971
SOBVAPJ12AB018739D,Muse,Exogenesis: Symphony Part 1 [Overture],121.071,5,1,3,-8.895,258.42893
SORWDCM12A6D4FC397,Kraftwerk,Computer Love (2009 Digital Remaster),127.984,8,1,4,-9.219,399.33342
SOBIAEZ12A8AE484C8,Singing Melody,Someone To Hold,88.897,9,1,4,-10.846,214.90893
SOCMKXW12AB0187C9C,FFH,Great Big Problem,162.002,2,1,4,-5.202,264.07138
SOFNTFC12AB0184512,Bill & Gloria Gaither,He Will Lead His Children Home,110.167,1,1,4,-12.37,162.06322
SOVTGRO12AC4686C43,Willie Clancy,Air: My Lagan Love,106.542,7,1,1,-11.477,166.922
SORSFTZ12A8C1391C5,NOFX,My Heart Is Yearning,156.079,7,1,1,-11.661,143.64689
SOGGMKI12AB017E625,Chris Clark,Tyre,97.845,8,1,4,-28.475,71.99302
SOCAEYG12AB01849C0,GWAR,Let's Blame The Lightman,169.237,1,1,4,-3.492,189.57016
SOAUNYK12AB01860D9,Gran Coquivacoa,Son Sabroso,113.569,7,0,4,-5.698,270.70649
SOWMQTJ12AB0184323,Sick Puppies,Master Of The Universe,209.739,2,1,4,-5.429,212.92363
SOOIXCN12A6D4F77B2,Gary Nichols,Paper Doll,73.979,11,1,3,-11.552,162.19383
SOKLSGP12A8C13A2FD,Andreas Dorau,Das Telefon sagt Du,124.976,11,0,4,-10.201,231.10485
SONOXGB12A81C218C8,Gabinete Caligari,Viaje Al Averno,122.22,4,0,4,-4.199,169.69098
SOCUGVI12AC468B002,James Newton Howard,The Burp Heard 'Round The World,84.969,9,0,1,-9.516,110.52363
SOELRRQ12AB0188C34,Ray Charles,Let's Go,88.745,1,1,3,-8.758,160.93995
SODGSCA12A8C13F157,Geggy Tah,Gina,147.508,0,1,4,-12.987,165.40689
SOAKCYS12AB01852C7,Tom Barabas,Sedona Suite (Sunrise/Prayer/Joy/Sunset),134.491,9,0,3,-16.389,743.36608
SODZMUH12AB01838CD,Los Fabulosos Cadillacs,El Mensaje Soy Yo,115.737,0,1,5,-6.176,171.10159
SOWESWN12AB01899E1,Loretta Lynn,I Can't Feel You Anymore,93.312,3,1,1,-13.141,195.3171
SOGTROT12A67020FF3,Joe Rogan,"Not Homophobic/The Word Is ""Cock"" (Spoken Word) (Album Version)",105.006,4,1,5,-14.031,217.10322
SORJCKM12A8C1410BC,Mista,I'll Sweat You (LP Version),90.882,10,0,4,-6.033,253.41342
SOIXLJG12AB018508A,Unearth,Fuel the Fire,160.783,11,0,4,-6.338,222.27546
SOLOYFG12A8C133391,Bob Marley,Memphis,180.876,1,1,4,-15.015,177.71057
SOEIRMZ12AB01864F8,Brian Free & Assurance,Emmaus,101.913,11,1,4,-12.347,243.80036
SOLPJQA12A6D4F87A0,Dream Warriors,Sound Clash,144.067,3,0,4,-6.453,262.19057
SOSDCBC12A58A77A79,The In Crowd / Jah Stitch,Baby My Love,132.337,7,1,3,-6.826,476.9171
SOIEAJT12A8AE458EC,The Fray,Vienna,124.534,5,0,3,-8.096,231.07873
SOPHMCZ12A81C21C54,Groucho Marx,Selling Jolson A Baseball Team,75.22,1,1,5,-13.818,586.70975
SODTDTD12A6D4F7D7B,Alceu Valença,Sete Desejos,144.162,2,1,3,-9.813,205.87057
SOJVTQT12A8C13B86D,Skeeter Davis,He Says The Same Things To Me,89.219,4,1,3,-10.38,168.48934
SOMTCUG12AB018D478,Tito Puente,Mambo Suavecito,179.587,11,0,1,-13.805,178.46812
SOXJPDJ12AC4689AE4,Memphis La Blusera,Hoy Es Hoy,108.009,6,1,4,-6.574,243.46077
SOZRSKM12AB01881E6,Crazy Horse,E se tu lontana sei,106.854,2,0,3,-10.247,191.65995
SOZBWGI12AB017D445,Skeeter Davis,Foggy Mountain Top,148.653,2,1,4,-13.321,160.7571
SOOXCKQ12AB0184FBC,One Block Radius,All On Our Own,124.022,4,0,4,-2.45,236.72118
SOMFGBQ12A582917CD,Various Indian Tribes,Mountain By The Sea (Tribe Unknown),136.726,9,1,4,-12.852,193.25342
SOOWPWH12A8C13649B,Timo Maas,Bad Days,87.995,4,0,1,-8.92,417.56689
SOCHXGO12A6D4F918E,Nana Caymmi,Nossa Dança,115.781,2,1,4,-12.209,174.54975
SOKYSHY12A8C13EA99,Anat Ben David,Moon Boom,100.042,0,0,4,-8.913,213.7073
SOFVPZU12AF729CC83,Butthole Surfers,All Day,79.709,9,1,4,-3.237,512.1824
SOIBLAH12AB018B3BA,Pepper,Stormtrooper (Live),148.712,11,0,4,-5.356,108.93016
SOVDKIH12AB0187301,Memphis La Blusera,La Revolución,159.668,1,0,4,-7.164,261.642
SODLKUO12A8C13CA35,The Rolling Stones,Time Is On My Side,107.455,4,1,3,-7.343,172.72118
SOCTMWO12AB018563C,Twila Paris,We Will Glorify (Key-B-Db-Premiere Performance Plus),135.989,11,1,5,-10.012,201.32526
SOIXNYE12A8C1366F2,Bob Carlisle,Man Of No Reputation,103.634,7,1,4,-16.196,331.25832
SOJRGAN12A8C1339B6,The Michael Stanley Band,Waste A Little Time On Me,103.731,9,0,4,-15.161,232.12363
SOPZKAF12A8C140A6A,Mariano Yanani,Air_ Siote No. 3 (J.S. Bach),111.903,2,1,4,-16.41,191.42485
SOOPTTP12A8C134AA6,Rikk Agnew,Everyday,154.286,7,1,1,-7.594,269.40036
SOXVSTI12A6310ECC7,Eminem,Ricky Ticky Toc,86.007,0,1,4,-5.92,171.72853
SOMNMLC12A8C144272,Malkit Singh,Mana Laina Chahida,127.582,6,0,1,-13.891,337.60608
SOIEXWD12A8C14314E,Barry Manilow,Come Monday,98.001,7,1,4,-3.723,235.96363
SOUYBKO12AB018735E,Carlos Baute,Angelito (Directo 09),109.982,9,1,4,-4.392,211.46077
SOPJEXC12A6D4FB529,Marga Gomez,Hot Dental Supplies,78.139,0,1,4,-14.218,95.73832
SOQTVUL12A6D4F8F04,Dexys Midnight Runners,Until I Believe In My Soul,84.437,7,1,1,-8.844,434.88608
SOQTFNY12A8AE47D3F,Jean-Jacques Goldman,Là-Bas,148.642,2,1,4,-8.508,501.05424
SOJADBN12A6D4FD5F2,Etienne de Crécy ,Déstockage massif (with Alex Gopher),115.862,10,0,4,-8.178,215.84934
SOGKMGI12AB018B11C,T-la Rock,Back To Burn,197.152,6,1,4,-6.265,151.61424
SOULMYP12A8C143D8B,Kent,Ingenting,120.008,11,0,4,-6.421,257.74975
SOQJQUF12AB0184B38,Silent Stream Of Godless Elegy,Theme III,162.676,3,1,7,-16.468,50.1024
SOAABSU12A81C1FB9E,Stiff Meat,Lonely,166.124,1,1,4,-6.735,240.29995
SOHBEDZ12A8C14021D,Sonora Santanera,Estoy Pensando En Tí,105.459,0,1,1,-11.106,168.46322
SOJPZOO12AC90718EE,Asterisk*,Iron-head: Palestine,197.831,9,1,1,-4.439,41.84771
SOIDJZY12A6701DEF7,Jimi Hendrix,Voodoo Chile Blues,175.663,0,1,3,-12.797,528.14322
SOSMRWG12A58A7EA03,Dr. Elmo,Grandma's Spending Christmas with the Superstars,106.127,5,1,4,-16.241,185.5473
SOLHQLA12A58A7653B,Tommy Castro,Sho' Enough,122.019,0,1,4,-9.31,240.27383
SOCWHIU12AB01872DA,Les Ogres De Barback,L'education du corps des porcs,149.591,11,0,4,-5.612,287.242
SOPHKMV12A6D4F92BC,Panzer AG,WHEN I AM YOU,120.042,11,0,4,-3.382,305.05751
SOOMWCA12AB01834ED,Rodney O & Joe Cooley,Murda',90.071,11,1,4,-16.376,230.84363
SOVZXBP12A8C1366A1,Gus Cannon,Big Railroad Blues,116.539,9,1,4,-20.832,197.0673
SOKLETG12A58A7D0BF,Suicide,Do It Nice,130.826,9,1,5,-13.753,323.94404
SOCQXMW12A58A7E63F,William Orbit,The Monkey King,95.869,2,0,4,-34.703,315.01016
SOTESSB12AB017F56D,Point Of Grace,Amazing (LP Version),125.95,6,0,4,-6.477,294.08608
SOGCDYR12AC961854A,Jack Johnson,You And Your Heart,107.042,2,1,4,-7.045,196.20526
SOMCQZY12A8C136BBF,Lee Ritenour,Can You Feel It?,93.848,6,0,4,-11.241,321.56689
SOBHGGX12A8AE45557,Max Melvin,Someday,100.01,1,0,4,-9.199,262.79138
SONGLFT12AB0189B1E,Plagia,Floripa,132.002,3,0,4,-12.611,354.11546
SOMUULD12A6D4FBB30,La Portuaria,Hasta El Final,122.026,7,1,4,-7.29,224.91383
SONGJCH12A8C140C32,Hollywood Bowl Orchestra / John Mauceri,John Dunbar Theme [Dances with Wolves],111.267,3,1,4,-19.76,147.64363
SOYDWJC12AB017D699,Rainer Bielfeldt,Gewisse Leute,106.07,10,0,4,-14.393,192.73098
SOOUQMH12A58A7C633,Sylvester Weaver,Guitar Rag,110.691,2,1,4,-20.444,181.18485
SOHOPAT12A8C1436AC,Blue October,My Never,103.647,4,1,4,-12.637,225.67138
SOCKZDX12A58A7B950,X,Motel Room In My Bed (LP Version),122.495,2,1,4,-6.671,160.07791
SOJEZUU12AB018B8C5,Jimi Hendrix,Fire,167.263,1,1,1,-6.216,192.23465
SOROJYG12AB0182217,Intars Busulis,???????,133.981,5,1,4,-4.003,200.46322
SOUEEDA12AC3DF474F,Jedi Mind Tricks,Brute Force II,87.005,7,1,4,-7.359,240.06485
SONJHTY12AB017FCE6,Broadcast,One Hour Empire,161.196,9,1,1,-7.42,102.94812
SOUWIHB12AB0182455,Fiona,No More Lonely Nights,64.734,1,1,7,-5.355,227.5522
SOKOPOR12AB0184FED,Carl Crack,Dogon,51.265,7,1,1,-12.891,256.70485
SOQTUQJ12A8C144F36,France D'Amour,Ma soeur,103.427,0,0,3,-8.26,226.06322
SOFMMKA12A58A7CBF5,Phil Collins,Welcome,123.943,0,1,4,-8.238,216.92036
SOXFAJU12A8C131CEC,Teena Marie,Light,59.253,10,1,1,-21.997,78.96771
SOKUGPJ12A58A7FD8D,Mindless Self Indulgence,Never Wanted to Dance (Live In London),182.98,6,0,4,-4.487,222.14485
SOOSGYY12A8135690B,Ray Charles,Losing Hand & Dialog #3 (w/reverb) (Rehearsal Session with Ahmet Ertegun_ 1953),97.302,5,1,1,-16.077,87.06567
SONNOZT12A6D4FC2EE,Laurindo Almeida,Pega Joso,128.664,0,1,1,-19.87,201.03791
SOESZEO12AB017F908,Mandi,Pieni Maailma,113.063,7,1,4,-6.572,200.59383
SOAQHHC12A8C139869,The Color Red,Cleansing,157.001,6,1,4,-4.773,216.05832
SOJUNOI12A8C137A33,Jim Bryson,Somewhere Else,98.623,7,1,4,-7.716,232.80281
SOXMPXX12AB01891E3,Irreversíveis,Os Dois Irreversíveis,104.02,11,0,4,-7.632,254.82404
SOYXZAY12A8C1406D1,Information Society,More to This,220.031,10,0,4,-6.209,233.42975
SOQMMMQ12AB0181202,Marcie Blane,Ragtime Sound,103.189,3,1,4,-8.882,138.29179
SOXGJST12A8C1406F6,Curtis Mayfield,This Year (ReMastered),94.672,2,1,4,-15.314,225.67138
SOOHVCV12AB0181E5D,PMD,The Awakening (Clean),115.949,11,0,5,-10.69,214.02077
SORZRPC12A8C13A1B1,Alain Morisod,Besame Mucho,117.993,7,0,3,-9.472,245.44608
SOFCZKJ12A6D4F5BF0,Tom Cochrane,What's In You?,137.149,4,1,4,-12.172,227.60444
SOZCYVH12A8C13EB54,Gold City,It Came Upon The Midnight Clear,145.16,10,1,3,-10.786,173.66159
SOBKIMB12A8C136DE9,Foo Fighters,X-Static,101.544,10,0,4,-7.986,253.49179
SOSGXII12A67020363,U2,Vertigo,130.013,11,0,4,-4.833,451.44771
SOSBROL12AB0183CD0,Roy Drusky,Country Rose,103.053,0,1,5,-17.772,138.84036
SOSYNKD12A6D4F6655,SAF,Skopska situacija,82.634,10,0,4,-10.575,317.54404
SOMHQKT12A6D4FAE5D,Pursuit Of Happiness,Hard To Laugh,125.1,9,1,4,-9.224,159.60771
SOQIJPO12A8C13E369,Jane Winther,Deep Voices,21.438,2,1,1,-24.773,164.98893
SOBVXQL12A6D4F7FC0,Gym Class Heroes,New Friend Request (Amended Version),91.97,1,1,4,-4.952,254.51057
SOUGKGL12A58A7BA58,Xmilk,Why,146.454,1,1,4,-3.8,100.8322
SOBUAFP12A6D4F9934,Mario Rosenstock,Smoke,79.05,0,1,7,-17.472,44.19873
SONSWDF12A8C133D57,Jape Squad,Bus Monkeys,89.696,7,1,3,-5.967,267.33669
SOLPZLH12A6D4F9D12,Frankee,Gotta Man,110.768,5,1,4,-9.035,149.99465
SOANUHW12A8C137587,Williamson,Time You'll Never Get Back,105.982,7,1,4,-11.96,354.06322
SOMORCS12A58A7E211,Operator,Soulcrusher (Amended Album Version),135.958,5,1,4,-5.15,213.55057
SODXJGJ12A6D4F9E5D,The Stooges,T.V. Eye (Take 3),132.595,9,1,1,-6.862,328.9073
SOIHKKW12AB0186CB7,Dntel,A Machine and a Memory Keeps You Alive,93.32,5,0,5,-15.644,252.86485
SOSWXBF12A58A78B99,David Meece,Some People They Never Believe (LP Version),126.555,2,1,4,-13.341,203.83302
SOFMNYQ12AC468D899,Harvey Averne,Why Can't We Really Be Free,89.848,8,1,1,-15.605,185.20771
SOKAMAI12AB01852F5,Tyrone Taylor,Members Only,165.271,9,1,4,-7.64,223.50322
SOQVCQK12A6D4FD32F,Shanadoo,King Kong,142.946,10,1,5,-3.198,225.20118
SOLOJYI12A8C13C49E,Kaija Koo,Savu hälvenee,155.049,11,0,4,-8.228,192.26077
SODZIBG12A8C13F4F3,Snow Patrol,Chasing Cars,106.002,9,1,4,-6.621,268.95628
SOZYFSB12A8C1393CF,Erik Berglund,All I Ask Of You,66.595,1,1,1,-8.274,253.04771
SOTSXZM12A8AE47061,Günter Noris,Tigerauge Rock,92.277,2,0,4,-11.19,180.79302
SOYGEQE12AF729A51E,Moonspell,Tired,122.0,2,1,4,-6.994,323.7873
SOEBDOO12AB01868CA,Chico Hamilton,Autumn In New York,110.167,4,1,4,-29.692,200.28036
SOMIPLK12AB017C7B2,Finntroll,Grottans Barn,150.012,7,1,4,-6.51,276.45342
SOSDYXX12AB017AD6B,RUN-DMC,King Of Rock,98.0,2,0,4,-5.19,446.32771
SOBWLUO12A58A7DF7E,Andréa,It's Not Whatcha Got (Fondling Club Mix),127.882,1,1,4,-8.341,288.20853
SOHRKRG12A6310F103,Placebo,Where Is My Mind (XFM Live Version),84.956,5,1,4,-6.465,223.92118
SOICNXT12A8BEE958B,Heaven 17,Resurrection Man,152.02,6,0,4,-10.481,242.28526
SOVCWYN12AB0181888,Azukx,Lift (Joi Blarneyformasian),120.954,2,1,4,-8.637,295.94077
SOGMESY12A67020F25,Queens Of The Stone Age,This Lullaby,159.212,4,0,3,-19.368,82.85995
SOKSIRH12AB017FDCB,Steve Azar,Indianola,116.829,4,1,4,-10.164,274.46812
SOKLWWG12AB018A824,Chris Farlowe,Paperman_ Fly In The Sky - Original,177.598,0,1,4,-11.854,165.51138
SOAZSIZ12AB018AF81,The Suicide Machines,Your Silence,145.18,10,1,4,-2.323,170.84036
SOVFVSB12A8C1384CC,Orquesta Broadway,El Termometro,91.488,5,1,4,-9.89,170.23955
SONWYRE12AB0181366,Kenny Neal,Since I Met You Baby,85.006,5,1,4,-11.777,295.1571
SOJUORK12A8C143BE5,MC5,Looking At You (Cody High School),165.294,9,1,4,-11.74,413.33506
SOUSNTL12A6D4F7CE9,Ghorwane,Matarlatanta,78.666,0,1,7,-12.354,343.40526
SOSAIYU12AB01859D8,Nichols,Dirty tarraxa 2 (feat. Neuza),85.94,11,0,4,-5.477,188.49914
SOHQLJI12A6D4F76F7,Francis Dunnery,The Ava Song,101.663,7,1,4,-7.884,257.20118
SODRLXB12AB017B14B,Julien Clerc,Comme Si C'était Doux,79.042,8,1,5,-15.404,107.28444
SOBZOHA12A8C135417,Ennio Morricone,S.O.S.la Fine (Reprise 2,110.674,0,1,1,-18.086,228.49261
SOSQYCZ12AF72A1A14,Vaselines,Teenage Superstars (Album),189.825,11,0,4,-6.186,207.17669
SOIKXDG12A8C13E7E1,Beto Cuevas,Mentira,140.056,4,0,3,-16.765,259.52608
SOIXMRD12AC468E1EB,Catia Werneck,Himalaya Dreams,84.72,10,1,4,-13.397,226.66404
SOHTGJW12A58A7D7D3,Dimmu Borgir,The Fundamental Alienation,112.277,10,1,4,-4.061,317.36118
SOAKCVK12A67020429,Off Broadway,Bully Bully (LP Version),120.521,9,0,4,-10.815,244.87138
SOBPYWO12A8C133A1A,Bill & Gloria Gaither,Holy Ground (Homecoming Hymns Version),71.533,2,1,4,-11.58,318.45832
SOBMCVB12A8C1385CB,Hélio Ziskind,Era um dia desses,101.624,4,1,3,-17.13,105.42975
SOAWMQC12AB0184136,Pumpkin Buzzard,Hard Pure,118.796,5,1,1,-6.828,228.0224
SOJWZVU12A8C137019,Memphis Minnie,Pig Meat On The Line,136.821,0,1,4,-20.174,156.42077
SOPBJAX12A6310E86F,Steel Pulse,We Can Do It,158.57,10,1,4,-13.486,237.45261
SOGOHFY12A8C136F9C,Mississippi John Hurt,Waiting For You (I Forgive You Before I Go),80.864,5,1,1,-10.913,271.22893
SOHANRI12AB0186668,Caspa,Back to '93,93.33,1,1,1,-8.559,371.64363
SOOGLXF12AF729E2D7,Pacha Massive,Take The Wheel,102.009,11,0,4,-8.328,211.17342
SOLFTJF12AB0183000,Kardinal Offishall / Keri Hilson,Numba 1 (Tide Is High),130.136,11,0,4,-3.963,224.28689
SOTWAJH12A6D4FA397,THE COOKIES,Chains (LP Version),120.183,2,1,4,-7.848,149.18485
SOOFGYY12A8C13A8DF,Peppermint Creeps,Bastard,186.128,7,1,4,-5.745,153.93914
SOPJETO12AB017BDAF,M Sane,"Unda Da Influence"" (Snippets)",173.221,7,1,4,-6.962,126.87628
SOQWDSR12AB01850B6,Oesch's die Dritten,Der weisse Mond von Maratonga,93.265,0,1,4,-7.094,209.97179
SOKYCTE12AB0185FE3,The Grip Weeds,Melancholia,128.399,11,1,4,-5.851,206.18404
SOGDLTS12A8C135A9B,Alice In Chains,Sickman,150.077,10,0,4,-5.626,329.37751
SOSFJWB12AB018906D,Vanessa Daou,Smoke,123.094,6,0,4,-14.904,167.6273
SOUXWAB12A5891DAB9,Dark Fortress,The Silver Gate,116.49,9,1,4,-2.93,409.96526
SOSCKDQ12A81C22BA4,Gloria,If Music Be The Food Of Love,93.119,5,0,4,-13.391,130.92526
SOGFHXF12A8C136B2A,Wilshire,Special,130.12,4,0,4,-3.663,184.37179
SOUZRAZ12A8C13835F,Legacy Five,Out Of My Darkness,90.033,1,1,4,-8.885,189.07383
SOCLPMP12A81C2354B,Seal,Prayer For The Dying (Album Version),133.155,5,1,5,-7.294,330.26567
SOOZPUG12A8C132EDD,Sir Neville Marriner,Ancient Airs and Dances (1996 Digital Remaster)_ Suite No. 2: III.  Campanae parisienses (anon.) - Aria (Marin Mersenne),0.0,0,0,1,-25.585,220.05506
SOFYSKU12A8C13A72B,Nickelback,Follow You Home (Album Version),140.027,5,1,4,-3.693,260.33587
SOCMBTX12AB0181E7E,Angélica María,Una Sopita De Tu Propio Chocolate,114.045,0,1,5,-11.101,171.2322
SOJGCBK12AB01884D3,Chris Standring,Say What!?!,140.044,0,1,4,-9.041,269.322
SORRHKT12AB0186469,Mons Leidvin Takle,Blott En Dag,60.509,7,1,5,-16.067,180.37506
SOQCUBJ12A8C13FEC6,Nicholas Hooper,The Sirius Deception (Album Version),98.509,1,1,4,-19.751,154.38322
SOHFNIA12AC4689741,The Ocean,Catharsis Of A Heretic,139.972,5,0,4,-8.966,128.83546
SOZUQAZ12A81C21E0D,Los Solitarios,Verdad Amarga,94.994,5,0,1,-14.058,168.12363
SOJFIUP12AB0187346,Glen Washington,Your Love,102.605,5,0,1,-14.213,234.68363
SOPRNQZ12A58A7B8E5,Anti-Flag,Spaz's House Destruction Party,131.121,1,1,4,-6.547,184.05832
SOPMFLZ12A6D4F9D3A,Josh Groban,Mai [Live],125.958,9,1,4,-7.341,282.85342
SOCIFJJ12A8C13F98C,Josh White,This Heart Of Mine,163.083,4,0,1,-21.858,178.75546
SOUSGHY12A8C13581E,The Paynes,When He Was On The Cross (I Was On His Mind),115.919,11,1,4,-12.634,310.20363
SOMFZZQ12A8C13AB56,Bacilos,Lo Mismo Que Yo (Bonus Track),80.996,6,0,4,-8.64,247.71873
SOIVGLD12AB0183ACA,4Him,Wings,171.329,1,1,3,-9.295,241.97179
SORFXPG12AB0182E21,Scalplock,Pedagogy for the Oppressed (Album Version),75.889,6,0,5,-8.502,114.02404
SOZOGUO12A8C13BD9E,Erkki Junkkarinen,Rakkautta Kööpenhaminassa - Förälskad i Köpenhamn -,101.272,5,1,3,-11.126,165.53751
SOWDPOU12AB018495D,Juggler,How It Feels,140.019,10,0,5,-14.1,231.94077
SOLOEUX12A58A7C81F,Lee Ritenour,Keep It Alive,82.733,10,1,4,-14.199,291.83955
SOHPDWN12AAA15E9AF,Cursed,Pariah,104.805,5,0,1,-3.599,74.68363
SOHQPWP12A58A7986C,The Fever,Bye Bye Betty Blue,84.461,7,0,4,-4.533,194.45506
SOHCTUT12A6D4FCD56,KRS-One,Getaway,109.072,1,1,5,-5.73,187.24526
SOVWFNE12A8C13FF36,Washboard Sam,Come On In,174.609,0,0,4,-16.055,162.87302
SOPPBPK12A8C14683C,Semisonic,Secret Smile,99.059,1,1,4,-9.429,280.00608
SOZKQVH12AB01802D8,Carlos Vives,Si Es Que Te Vas,130.513,0,1,3,-8.285,262.24281
SOVWHFZ12A8C14489D,Vanessa Bell Armstrong,Greater,93.924,1,1,4,-5.251,419.68281
SOUXWCM12A8AE47834,Information Society,Hack 1/Charlie X,120.583,1,0,4,-11.331,211.9571
SOISGJD12A8C144775,Tito Rodriguez_ Louie Ramirez,La Piel de Tu Alma,162.984,8,1,4,-16.375,244.27057
SOCGNBW12A8C14117F,Margaret Smith,Disciplinarian,111.006,6,1,1,-17.532,46.86322
SOMWNSA12A8C1343F1,Wilks featuring doniki,Fly to zion,170.702,7,1,4,-10.791,255.00689
SONBZKG12AB0187337,Carlos Baute,Estas hecha para mi (Directo 09),113.966,9,0,4,-4.678,214.09914
SOUEUCC12AB018C4B3,The Pineapple Thief,Boxing Day,160.052,4,0,3,-11.104,233.66485
SODDLAZ12AB018350A,Blind Blake & The Royal Victoria Hotel Calypsos,Bahama Lullaby,110.603,3,1,3,-9.23,161.74975
SOEULPB12A8C136DDF,John Tchicai,Musica Sacra Nova: Morgen I Frydenlund,158.982,1,1,1,-22.088,250.72281
SOKIHWH12A8C13AA35,Toots Thielemans,Le Temps Des Cerises,63.334,7,1,5,-19.736,109.16526
SONSFHN12A8C13463E,Tad,Stumblin' Man (Album),157.532,2,1,4,-12.067,215.43138
SONLCJU12A58A7B69C,Ultimate Fakebook,This Will Be Laughing Week,130.815,7,1,1,-9.873,116.4273
SOXRRIP12AC4686877,Susana Seivane,Mazurcas das Rías Baixas,150.782,0,1,5,-14.467,294.05995
SOGNDHO12AB017D71F,Oztara,Valérie,132.188,5,1,1,-7.121,401.97179
SOQOXXW12AF729F20B,Black Eyed Peas / Les Nubians / Mos Def,On My Own,94.993,6,1,4,-6.618,235.10159
SOQAQJG12A67020725,Kraftwerk,Elektro Kardiogramm (Live),126.007,0,1,4,-9.805,283.24526
SONNXDI12AB0186816,The Frequency,Ego is the drug/3am,246.5,9,1,4,-11.906,1054.37995
SOVHFTL12AB018797C,Giorgos Tsalikis,Apotoma,123.709,4,1,4,-12.483,31.42485
SOWRNMP12A8C13E4FD,Ziggy Marley And The Melody Makers,What's True,154.603,4,0,4,-14.799,207.20281
SOEWSSK12AB018083E,MDO,Tonight_ Te Amaré,216.196,5,1,7,-5.184,211.74812
SOKRHFH12A8C142167,Leigh Jones,Have It Your Way,172.35,8,0,3,-9.027,279.74485
SOIKALD12A81C231CB,Between The Buried And Me,Foam Born (A) The Backtrack (Album Version),120.663,10,0,4,-8.06,133.82485
SONYHUC12A8C13B90E,Tania Maria,Vem Pr'a Roda,176.349,5,1,4,-10.96,267.67628
SOCZSYW12AAF3B490E,DJ Quik,Pitch In OnA Party,106.435,6,0,4,-6.57,247.562
SOOUKOB12A8C13C30B,Massiel,Acordeón,141.681,4,0,4,-7.012,192.20853
SOXFNMQ12A81C203E0,Yahir,El Amor (Version Nortena),151.869,9,1,5,-7.345,239.67302
SODDIXC12AB0180D2F,Micachu,Just In Case,117.368,2,1,4,-8.107,166.42567
SOAMXYQ12AB017C25E,Static-X,Love Dump (Clean Album Version),130.098,10,0,1,-7.295,259.63057
SONNVKK12A8C13CFBC,Paso Doble,Kleine Killer,130.823,11,0,5,-9.793,229.40689
SOLKFAE12AC468D495,Skeeter Davis,It Was Only A Heart,108.417,2,1,4,-9.322,156.29016
SOSCTQW12AB0184E46,Webb Wilder,Too Cool for Love,116.992,5,1,4,-7.077,277.10649
SOMMQQU12AB0180EBF,Gruppo Jazz Marca,Sensazioni a_b & c,117.985,0,1,3,-16.889,749.81832
SOSXZIN12AB0183785,Atman,Dancing With the Goddess (ttt rmx),90.055,5,0,1,-9.109,264.25424
SOWPLTX12A5891F918,Shakedown,At Night,123.994,3,0,4,-6.042,437.9424
SONUEAD12A6D4F908B,Biddu,Raag Trance,77.352,10,0,3,-9.992,338.02404
SOBQQCL12AB0180A33,Parachute Band,No Eye Has Seen,141.749,2,1,4,-3.353,199.28771
SOCNOQB12AB0183A1E,Leonid Rudenko,Summerfish,127.981,6,1,4,-5.299,395.28444
SORXZTM12A8C133942,Wilmington Chester Mass Choir,Lord You're Worthy (Album),81.828,5,0,4,-6.359,308.53179
SOMDMNB12A6D4F49A2,Raze,Laying Down My Will (The Plan Album Version),136.271,9,1,4,-4.092,277.81179
SOCUCXE12A6D4F2C3F,Stewart Francke,Across Decker's Field,121.945,0,1,4,-8.755,204.14649
SOPOPLW12A8C13A905,All Time Low,Umbrella,87.953,1,1,4,-8.901,227.70893
SOFEYIV12A6D4FAC9A,James Last,Summer Rain,84.001,0,1,1,-10.242,227.94404
SOLDIUL12A58A7BB1A,5th Ward Boyz,Undercover Gangstas,179.831,1,0,4,-8.15,246.07302
SOBOBPP12A8C12FFCE,Bill Perkins,Swing Spring,120.731,1,1,4,-10.537,341.75955
SOQJWZI12A8C140181,Bézu,La bite du plombier,120.038,2,1,4,-5.074,184.0322
SOHWJYQ12A8C13658B,Spliff,S.O.S.,110.598,8,1,4,-15.893,225.74975
SOKFCJJ12A67ADA72B,Bert Kaempfert And His Orchestra,Wheeling Free,144.232,10,1,4,-14.361,201.92608
SOXKUGL12A8C142BB9,Rachel Portman,Bridget,86.463,4,0,4,-22.272,199.05261
SOYXFNV12AB0182DEA,Miossec,Nos plus belles années,109.847,2,0,4,-11.556,175.72526
SOLYAYO12A8C13C04D,G-Unit,I Don't Want To Talk About It,92.998,4,1,5,-5.958,274.78159
SOZBPIC12AB01813B0,Memphis Sheiks,Ramblin' On My Mind,85.551,2,1,1,-12.935,363.20608
SOJOMNL12A6D4F872E,Champion Jack Dupree,Snaps Drinking Woman (LP Version),121.375,11,1,4,-12.325,165.25016
SOIQQIX12AB018827D,Atari Teenage Riot,Live At Brixton Academy 1999,74.384,10,1,7,-7.638,1598.1971
SOLEETW12A6D4FB2FE,My Chemical Romance,House Of Wolves (Album Version),127.15,4,0,4,-2.895,184.00608
SOLMPMK12AC468B131,Memphis La Blusera,Exactamente Medianoche,84.895,9,0,4,-13.422,338.12853
SONODJN12A6D4F9838,Sleepy John Estes,Street Car Blues,158.767,0,1,1,-18.338,196.88444
SOEKRSK12A8C13CFB2,The Mad Capsule Markets, -start ID-,137.537,7,1,1,-17.425,12.12036
SOTYVNV12AB017CB2E,Schizoid,Dementia,81.767,4,1,4,-4.665,184.18893
SOWHXYS12AC9E177F0,Bare Jr.,Snippet 15,0.0,10,1,4,-34.033,3.99628
SOQZISQ12AC4689482,Roger Williams,Cool Water,111.428,7,1,4,-14.173,201.74322
SOVVITW12A8C146BD0,Del Tha Funkee Homosapien,Ya Lil' Crumbsnatchers (LP Version),108.445,8,1,4,-9.505,90.90567
SOMRBBO12A8C13F67B,Alice Cooper,This House Is Haunted,130.325,1,0,1,-12.26,210.54649
SOWPIEE12AB0188A9D,Kai Winding,Captin Kut-Cha,182.879,0,0,1,-18.025,191.97342
SOULXLO12AB018379D,Aiden,Killing Machine,207.974,2,0,4,-4.459,140.40771
SOFBBXV12A81C21835,Cal Tjader,Manuel's Mambo,176.279,0,1,4,-23.549,197.22404
SOTHZUA12A8C13268A,Ill Nino,All I Ask For (Album Version),91.011,8,1,4,-3.67,219.81995
SORQNTS12AB018C1E1,Zaïko Langa Langa,Fonsi,127.891,11,1,4,-3.809,250.67057
SOZOEYQ12A8C1406E3,Rebecca Lynn Howard,I'm Over You (Album Version),89.925,6,1,4,-4.403,243.25179
SOKQDCA12A8C13CDEF,Dive,Contact,103.621,0,1,4,-15.712,227.36934
SOHMOLH12A8C141C40,Barbara Lusch,Why Don't You Do Right,120.138,4,0,3,-12.745,197.72036
SODLHUG12A6D4F7BB7,Brand X,Hate Zone,201.006,9,1,4,-13.358,281.52118
SOJCYIP12AC3DFA13C,Hélio Ziskind,Telê,120.066,8,1,4,-9.333,130.19383
SOIBRMZ12AB018AEF4,Intars Busulis,Probka (Latvia),142.895,7,0,4,-2.713,183.58812
SOMKDZN12A8C144D1E,Charlie Rich,Only Me,108.128,7,1,4,-15.354,148.24444
SOKENHI12A8C1420D3,Virtuoso,Beautiful Maria of My Soul,100.095,7,0,4,-8.498,277.7073
SOJFRZB12A6D4F92E2,Karen Peck And New River,Feels Good To Be Free,89.001,0,1,4,-5.729,194.45506
SOOFXBB12A8C137FF8,Judy Mowatt,Trade Winds,149.567,1,1,4,-17.081,349.51791
SOCOQSE12A8C13D17B,Marlene Dietrich,No Love No Nothing,84.894,8,1,5,-17.186,175.25506
SOKUHGH12AB017FB12,Michael Bloomfield,I Must See Jesus,74.392,0,1,3,-13.983,271.85587
SOGFFYV12A8C138D74,Paul Rodgers,Alright Now,120.859,11,0,4,-8.525,269.81832
SOVYZIA12A8C136E0D,Dead Prez,Assassination,170.081,6,1,5,-6.72,120.86812
SORCRQT12A8C142A5A,David Cook,I Did it for You,82.282,9,1,4,-3.8,229.45914
SOWYALW12A8C136BE6,Knack,A World Of My Own,138.378,9,1,4,-6.778,255.21587
SOFEIDA12A6D4FBFA5,La Portuaria,Down On The Corner,99.901,4,1,4,-6.611,155.03628
SOBDCSO12AB017F02D,Mulberry Lane,Come Dance With Me,148.012,0,1,4,-4.333,169.58649
SONEAJZ12B0CEB476A,Liars,A Visit From Drum,126.46,11,0,4,-8.977,259.05587
SOAUNDO12AB017BFF8,Tom Barabas,More Than Words,138.83,7,1,1,-22.645,276.79302
SOMXWZX12A58A7B385,Modeselektor,We Do It Too,94.005,1,1,4,-6.965,385.2273
SOLQMCQ12AB018E469,Naseebo Lal_ Arif Lohar,Mar gaye te sada naal,147.347,11,0,4,-11.368,1037.68771
SOWMUUZ12A8C133F2A,Chris Brown,Talking Drum (Isea '95),204.064,2,1,1,-20.575,99.3171
SOKSVLC12A8AE47DAD,DJ Taz,C.O.G. To The ATL,92.012,4,0,4,-8.963,348.02893
SOBBSEY12A67ADB9AA,Gabriel Yared,La clé parfumée,79.685,6,0,4,-23.155,53.31546
SOSHWJO12A8C141A67,Starless & Bible Black,Hermione,118.66,2,1,1,-9.215,189.43955
SOSNZMS12A58A791D0,Gustavo A. Santaolalla,La Vuelta,159.502,4,0,3,-15.45,186.5922
SODNYLM12AB0180D14,Widespread Bloodshed,Wepons Of Mass Deception (Album),174.865,10,0,4,-2.182,49.94567
SOBIHSR12A8C139F30,Billie Jo Spears,Lizzie And The Rain Man,174.437,0,1,4,-11.51,212.32281
SOLUUOH12AB0189769,Smut Peddlers,Chicken Strips (THE DEMOS version),116.837,11,0,1,-6.076,87.11791
SOGCCYM12A8AE4705B,Günter Noris,Was Machst Du Mit Dem Knie_ Lieber Hans?,115.937,10,1,4,-12.011,161.802
SORYSKI12AB0184790,Afrob feat. Sarah,Gief Konjunkturpaket VI,180.327,2,1,1,-5.319,258.19383
SOWDDNA12AB0186074,Shinehead,The Real Rock,168.935,2,1,4,-12.439,250.85342
SOEHEYS12AB0181F19,Diesel Boy,Pocket Full Of Stars,181.748,2,1,1,-3.478,152.65914
SOWNZHB12A6701C776,Eminem,The Way I Am,174.69,7,1,4,-2.973,289.30567
SOXATHC12AC909720F,Milo,Back Into Business,85.326,11,0,5,-5.631,232.38485
SOFCHBZ12A8C142084,Zeca Baleiro,Blues Do Elevador,86.006,9,0,5,-12.008,237.97506
SOJARRO12AC90756C5,Ol' Dirty Bastard,Hippa To Da Hoppa [Explicit Version],96.22,5,1,4,-14.808,181.62893
SOHQUTZ12AB0185F78,The Lord Weird Slough Feg,Beast In the Broch,93.594,10,1,3,-9.104,106.60526
SOBQXJP12A6D4F7587,Six Brown Brothers,Battery Acid,124.487,4,1,4,-11.401,257.95873
SOWXIQN12AB01862EE,Mario Garcia,Mis Sueños feat Norma Castro,130.019,0,1,4,-8.078,558.28853
SOYOKOS12AB0181059,Eddie Jones,Perfidia,164.52,0,1,1,-8.667,114.93832
SOWDBUH12A8C138B73,Audio Adrenaline,Will Not Fade  (Hit Parade Album Version (new Song)),87.899,4,0,4,-4.774,229.01506
SOAPQCG12AB017AAAB,Pacha Massive,Just Want To See Ya,140.025,0,0,4,-8.948,241.68444
SOLMFNE12AB018F807,Gob,No Regrets,133.986,4,1,4,-5.92,153.33832
SOXBYPK12AB018B86E,Zuma,Inferior (Late Night Version),119.996,7,1,4,-8.147,266.00444
SOZINBT12AB017F5D0,Nick Conolly,Pseudoephedrine,164.698,4,0,4,-17.83,307.51302
SOODPJI12AB0181BD8,Rupa & the April Fishes,C'est Moi,165.971,11,1,4,-8.592,251.76771
SOEPVWS12A6D4FAFC4,William Orbit,Love My Way,98.823,1,1,7,-20.142,159.11138
SOHAXFE12A8C13F057,Vitamin C,About Last Night (LP Version),96.989,2,1,4,-6.297,241.03138
SOMCPKY12AB0184197,The Black Crowes,Girl From A Pawnshop,119.713,7,1,4,-8.087,404.58404
SOLRGXU12A8C132FD7,Freddie King,Boogie Man,135.951,11,1,1,-14.977,226.06322
SONGVVU12AB018719F,Amoral,Perfection Design,139.977,0,1,4,-3.394,238.94159
SOFXFXN12AB01827D6,Steve Vai,Angel Food,147.83,4,1,1,-12.338,383.29424
SOULEZE12A8C134B31,K's Choice,My Record Company,161.456,4,1,4,-7.3,222.30159
SOSNZGD12AB0186296,Rickie Lee Jones,Coolsville (Live Acoustic Version),60.757,9,1,3,-18.105,308.92363
SOKJBKQ12A8C143666,Nine Inch Nails,Memorabilia,133.903,10,0,3,-6.962,441.96526
SOLGZCP12A8C142CD0,The Fabulous Thunderbirds,I Can't Quit You Baby (Live) [Never Released],92.742,0,1,7,-9.573,342.20363
SODNQJO12A6310F970,Wang Chung,Dance Hall Days,205.245,0,1,4,-12.455,234.762
SOHDMZZ12AB018AC70,Tex Williams,Smoke! Smoke! Smoke! (That Cigarette),142.398,9,1,4,-26.997,181.08036
SOVFDZT12A8C140710,Foo Fighters,Razor,126.986,2,1,1,-16.372,287.99955
SOLITMH12A58A78F01,Faithless,Six,229.808,5,0,4,-10.596,142.52363
SOHEORL12A6D4F7EF6,Jo Privat,Sous Les Ponts De Paris (Valse),98.681,0,1,3,-7.551,148.74077
SOEIZWQ12A6D4F8E21,Marion Harris,Would You Like To Take A Walk?,128.601,10,1,1,-20.524,163.39546
SOXKNIV12A8C132248,Gus Viseur,Le Bal Du P'tit Jardin,206.454,8,1,4,-16.683,128.93995
SOLWWCO12A58A77015,Willie Bobo,A Little Tear,147.055,1,1,1,-17.518,416.44363
SOVLDMX12A8C141DB5,Ice Cube,When Will They Shoot? (Explicit),95.684,0,1,4,-2.98,276.03546
SOWCEQL12AF729E70C,Rick Astley,Close To You,86.971,7,1,4,-8.7,184.55465
SOFKTPP12A8C1385CA,Hot Chip,Hold On,134.5,7,1,4,-6.36,381.17832
SONWURF12A8C134ABD,US Coast Guard Band,Independentia,115.449,0,0,4,-12.407,207.93424
SOWHSFS12AB0183B7D,Lollipop Lust Kill,Bury You,153.211,10,0,7,-5.145,265.61261
SOORSEW12A8C1375CB,Bill Douglas,Highland,138.213,5,1,4,-13.214,201.9522
SONPKNE12AB0180390,Los Fabulosos Cadillacs,Matador,193.575,4,0,1,-10.27,273.78893
SOBOPBU12AB0180EBE,Georges Brassens,Colombine,59.983,4,1,4,-14.562,115.25179
SOKQZYR12AB0182223,Michael Bloomfield,You're Killing My Love,153.086,4,1,4,-10.091,310.59546
SOLTYUO12A8AE4758A,Chariots,Ghosts,98.085,2,0,7,-4.347,162.69016
SOPOHPD12AB017F153,Mudhoney,It Is Us,152.457,4,0,4,-4.309,211.87873
SOJITMV12A6D4F7A00,Apache Indian,Badd Indian,95.986,8,0,4,-9.722,273.18812
SOPMEON12A81C1FDB9,J. Karjalainen & Mustat Lasit,Keinu Kanssani (2003 Digital Remaster),94.18,2,0,4,-7.242,223.11138
SOAAHZS12A8C143A21,Kari Tapio,Rakkauden veteraani,103.244,5,1,4,-8.419,224.7571
SOGHNTC12AB0188168,Mink DeVille,She's So Tough,109.057,9,0,4,-13.589,166.03383
SONQOIL12A6D4F4D47,John Frizzell,DEFCON 4,176.756,7,1,4,-20.373,108.85179
SOTZYEK12AC468911E,Steve Chou,Wo Men De Fei Leng Cui,66.931,7,1,4,-12.626,214.93506
SOKTTAS12AB0182418,Bob Carlisle,Somewhere,141.379,0,1,4,-8.278,326.16444
SONXDIC12A8C1377FE,Cantara,Ubi Caritas,139.963,4,0,3,-9.134,286.58893
SORGVTY12AB018349A,GWAR,Surf of Syn,200.199,8,1,4,-7.51,261.79873
SOCNCAD12AB0187375,Mongo Santamaria,Hush,175.613,5,0,1,-11.257,366.70649
SOBNOBG12A6D4FB54B,Bert Kaempfert And His Orchestra,Let's Go Home,111.868,4,1,1,-12.831,165.61587
SOBVMXR12A58A7AE67,Vincenzo Bellini,Bellini: Norma: Vanne_ e li cela entrambi,117.772,10,1,5,-20.819,244.61016
SOFSRSS12A8C13B685,Ronnie Milsap,Wrong End Of The Rainbow,69.704,2,1,1,-13.558,242.70322
SOMYTZI12AB0185326,Jimmy Wakely,If Santa Claus Could Bring You Back To Me,114.028,0,1,3,-17.896,159.242
SOGTVGQ12A8C13952B,Christian Quast,You Are!,124.988,1,1,4,-12.066,409.91302
SOJEWUE12A8C1437CD,James Scott Skinner,Mrs Scott Skinner / Mackenzie Hay / The Devil's Elbow,152.363,2,1,4,-21.63,149.2371
SOZDOYP12A8C13ABDF,Evolution,Peyote,137.971,6,0,4,-9.783,436.21832
SOFJEAL12A8C13E4C5,Theodor Zox,What's in a number & Feed me lies remixes,125.009,10,0,4,-11.005,353.17506
SOPNINI12A58A7E304,Mix Mob,Intro: The Dragon,161.26,1,1,3,-14.38,24.0322
SOIZDTU12AB01840C5,Erja Lyytinen,Soul Of A Man,91.76,7,1,4,-13.411,111.80363
SOLUABP12AF72A2CD2,Cake,Alpha Beta Parking Lot,189.616,2,1,4,-8.522,210.07628
SOCKCXC12A6D4FD052,Between The Buried And Me,Geek USA (Album Version),126.773,6,1,4,-5.094,325.11955
SOKHDOO12AB01825E3,Gustavo Cerati,Amo Dejarte Asi,94.009,6,0,4,-10.906,237.68771
SOGEONB12A8C1429C7,Oldelaf et Monsieur D,La fête à la prison,145.323,2,1,4,-7.817,296.93342
SORMDIB12AB018C316,LORE,Pluvialus,135.599,0,1,3,-13.818,423.07873
SOGOBGK12AF72A633B,Goldfinger,Forgiveness,168.459,7,1,4,-5.145,204.25098
SOWABTJ12AB0182291,The Embarrassment,Song For Val,186.501,4,1,1,-6.893,78.75873
SODPOUC12AB01890EF,Tiny Bradshaw,The Train Kept A Rollin,153.3,5,1,4,-8.299,165.35465
SOCISCT12AB0180021,André Verchuren,Aviatic,137.192,7,1,1,-10.061,170.1873
SOQNZJZ12AB01823AE,Kool Savas,Keiner außer uns,117.996,6,0,5,-5.0,77.94893
SOKVBXA12A6D4F89AF,Latif,Luv In the First,78.588,9,0,3,-8.072,265.1424
SOAGJGA12A6D4F980C,Rickie Lee Jones,Love Is Gonna Bring Us Back Alive,189.524,7,1,4,-19.544,291.57832
SOKPCQK12A8C14038A,Otis Spann,Can't Do Me No Good,86.296,7,1,4,-10.401,141.24363
SOCEZZL12A81C23CD9,Jerry Goldsmith,Main Title,138.308,1,1,4,-23.815,169.1424
SOGQWRF12AB0185E0B,Matteo Bonfanti e i maledetti,Plaza de Mayo,186.549,2,1,4,-9.909,159.242
SOBCJVI12A8C14220B,Naseebo Lal,Dil Naheen Lagda,64.033,0,1,3,-12.584,380.81261
SOBJLED12A8C14108C,Seal,Whirlpool [Live],187.566,4,0,4,-9.86,279.74485
SOBHZOV12AF729E943,Tesla,The Way It Is,161.47,7,1,4,-10.478,390.66077
SOMGNAS12A6D4FA805,Utopia,The Up,150.209,9,1,1,-9.95,248.71138
SOMFNPC12A8C13E5FE,Bénabar,Tu Peux Compter Sur Moi,134.552,4,0,4,-9.224,188.94322
SOYCPUY12AB018CE4D,Der Plan,Frisch Verliebt,146.143,7,1,3,-13.01,163.63057
SODJUSQ12A8AE486C6,Eurythmics,Missionary Man,124.973,5,0,4,-4.357,269.94893
SOUGQQJ12AC46884C2,Maurice Larcange,La feria de San Cristobal (Live),242.393,7,1,4,-9.606,181.81179
SORLLRN12A58A7F1EE,Beyoncé,Be With You,149.913,5,0,4,-6.259,260.20526
SOEVQPU12A6D4FCC09,A Perfect Murder,Within (Album Version),146.013,4,0,1,-5.099,202.23955
SOJCIPT12AB0181305,Michael Stanley Band,Don't Stop The Music,150.799,9,1,4,-9.71,218.40934
SOBKWVC12A8C13F95C,Talvin Singh,Traveller,106.58,10,0,1,-10.587,350.4322
SOQBAMF12A58A80B7E,Solomon,25 Variations And Fugue On A Theme By G.F. Handel For Piano_ Op. 24: Aria,137.387,10,1,4,-35.702,58.122
SOYUCBW12AB0189C9A,Curtis,Superstar Dog,127.874,11,0,4,-11.009,456.51546
SORYCLC12A582A293D,Toby Emerson,Rapture (Toby Emerson Dub) (Toby Emerson Dub),131.045,9,1,4,-5.045,397.42649
SOEQGVM12A8C132AB5,Deep Forest,Madazulu,133.392,1,0,3,-8.688,301.06077
SOBPURV12A81C2286A,Tampa Red,If I Had Known,93.443,10,1,1,-13.577,169.97832
SOZPBWN12A58A7C3C4,Every Time I Die,Depressionista,95.611,9,1,4,-4.912,148.92363
SOMRGMY12A6D4F93A8,Lifer,Boring,104.587,5,1,4,-4.739,228.62322
SOSFKCZ12AF72A3C24,Bad Brains,Riot Squad (1991 Digital Remaster),127.191,5,0,1,-10.19,119.71873
SOBDZUW12A8C13ED88,The Dee Jays,In The Midnight Hour,118.355,5,1,4,-6.586,195.10812
SOHHVXI12A6D4F69E3,Diamond D,Intro,146.852,1,1,3,-13.149,52.79302
SOUFZNH12A8C13F572,Corona,I Gotta Keep Dancing,131.981,7,1,4,-10.771,221.49179
SOFAQLG12A8C13AC04,The White Stripes,Im Slowly Turning Into You,131.279,7,1,4,-6.209,274.59873
SOOKDUJ12AB018BB67,2Fresh,Get It Started,85.322,8,1,3,-5.497,461.24363
SOSLCNE12AB018566F,Ndala Kasheba,Marashi Ya Pemba,120.039,7,1,4,-4.017,414.1971
SOLPNNU12A8C13CA04,New Roanoke Jug Band,Cold Icy Floor,117.269,7,1,4,-11.552,186.67057
SOFUWDG12A8C142F6D,Joe McBride,This Is How A Heart Breaks,93.331,3,1,5,-12.446,291.13424
SONJXBM12A8C13C358,Greater Vision,Heaven's Hero (Featuring Champion Of Love),129.493,5,1,4,-8.925,252.682
SOOTRFL12A6D4F5428,Headliners,Sag Ihnen Bescheid,160.158,9,1,4,-5.893,216.89424
SOVZVNF12A67ADA382,Lady Saw,Bare As You Dare,97.004,11,1,4,-11.485,230.53016
SOHJRZY12A63110838,The Stranglers,It Only Takes Two To Tango,107.657,4,1,1,-10.011,217.96526
SOQTSEB12AB01884A0,Hot Club Of Detroit,Night Time,110.19,4,1,4,-12.469,309.96853
SOCNGFJ12A6D4F6DFD,Funeral For A Friend,Crash And Burn [Home Demo],105.324,8,0,4,-14.957,261.14567
SOESUUA12A58A7BA05,Lyrics Born,Bad Dreams,85.012,1,1,4,-5.167,200.38485
SOHLRVJ12A8C13A9A2,Rancid,Black Lung (Album Version),190.922,8,1,3,-3.761,113.47546
SOJRJDG12AF72A7B93,George Michael,Praying For Time,127.844,10,1,4,-8.183,281.33832
SOBWIWM12A8C13BA6D,Tulipunaruusut,Ilta Oulunjoella,118.577,7,0,4,-11.786,209.34485
SOTNNLV12A8C1344BF,The Vaughan Brothers;Stevie Ray Vaughan;Jimmy Vaughan,Telephone Song,117.947,8,1,4,-8.066,208.48281
SOZIGEW12AB0183C28,Babe Ruth,Dancer (2007 Digital Remaster),111.315,4,1,4,-8.351,365.16526
SOHCBTN12A8C134568,Ronnie Milsap,Don't You Know How Much I Love You,112.88,7,1,4,-12.581,151.37914
SOCVAQV12A8C13627A,David Hudson,Monkey & Turtle,166.989,10,0,4,-12.256,350.56281
SOMCIIM12A8AE49622,Joe Satriani,Echo,100.171,4,0,3,-10.256,469.60281
SOHJYGD12A8C13CF7F,Goldfinger,I'm Down,185.409,7,1,4,-4.625,128.49587
SOXVMXO12A8C13EAFA,Charlie Haden & Chris Anderson,Alone Together,115.007,2,0,4,-28.346,412.21179
SOIRHHH12AB01807F0,Rokia Traoré,Château de sable,96.311,7,1,4,-13.807,340.50567
SOCPWZF12A8C1359F0,Fruko Y Sus Tesos,El Ausente/ El Preso/ El Caminante/ Tania,140.462,0,1,4,-9.29,249.05098
SOAWTOB12AAA15DA18,Emperor,With Strength I Burn,162.733,11,1,4,-4.277,508.96934
SOIHJSD12A6701EB04,Guns N' Roses,Locomotive (Complicity),118.101,1,1,4,-7.219,524.87791
SOAKDML12AB018208C,Brand X,Zero Db (drum solo by Frank Katz),71.608,6,1,1,-18.473,292.5971
SOJKLCP12AB0183BA1,Speaker,Joking,131.968,9,0,4,-4.63,188.29016
SOMSHEH12AB017BA1F,Christos Kedras,Water Blazz (Chill House mix),119.331,0,1,4,-7.717,321.64526
SONJFLA12AB018BB67,Faiz Ali Faiz,Lagian ne maujan,141.231,3,0,3,-8.523,879.69914
SOMLAJJ12A8C138EAC,Gold City,What Child Is This?,194.028,7,0,4,-14.328,165.09342
SOMLFVN12A8C136135,Michael Gettel,Safe Passage,101.529,7,1,4,-16.934,330.97098
SOBCTDP12A6D4F7602,The Stooges,Not Right (Remastered LP Version),148.458,11,0,5,-3.968,169.66485
SOXAOIN12A8C138D34,Restless Heart,That Rock Won't Roll,114.382,9,1,4,-13.644,210.46812
SOAGRCT12AAF3B5E13,David Evans,Prison Bound Blues,86.201,7,1,4,-9.422,250.56608
SOYTIQH12AB0181485,Will Pan,Shuo Ni Ai Wo,121.988,8,1,4,-6.682,235.85914
SOIGNJY12A8C13AE1A,Uriah Heep,Wake The Sleeper,127.962,4,1,3,-4.014,212.84526
SOWRBWU12A8C13969D,Paso Doble,Fantasie (Extended Version),115.633,0,0,4,-11.718,327.83628
SODIRMS12A8C140C52,Stress Assassin,EU A4,163.725,0,1,7,-11.957,229.53751
SOAZRCH12AB017A84D,Margaret Becker,Start The Fire,149.916,9,1,4,-9.803,261.04118
SOZFHFF12A6701E914,Abracadabra,Te estoy saboreando,164.192,11,0,4,-10.715,144.90077
SOAHFGP12A6D4FB62E,Orchids,You Said You Loved Me,101.485,10,1,3,-11.91,175.98649
SOQRFVZ12A8C13A4C6,Juan Carlos Baglietto,Salzanitos,100.855,2,1,4,-13.743,220.99546
SOCDZMU12A8C13C256,Sugarbomb,Gone,139.778,2,1,4,-4.866,219.74159
SOAGRTC12AC468B954,Bounty Killer,Ask Fi War,114.272,1,1,5,-7.113,227.5522
SOKNFFM12A81C216F3,Mago de Oz,Desde mi cielo,110.255,2,1,5,-7.736,380.682
SORVXFP12A81C22116,Quinteto Violado,Olha Pro Ceu,161.518,2,1,4,-6.852,202.47465
SOFMQDK12AF729D3C8,Dead To Me,Don't Lie,201.123,4,1,4,-5.603,145.55383
SOKEBYL12A6D4F6FBF,Paloalto,Seed,152.0,4,0,4,-5.247,289.59302
SOQTSEW12AB0180ED2,Kool Savas,Warum rappst du?,81.224,6,0,5,-5.031,79.93424
SOCEKJL12AAFF44A8E,Darryl Worley,Katie's Song,96.716,7,1,4,-10.294,261.642
SOCYBQD12A8C143029,Mykill Miers,Get Money,172.485,11,1,4,-3.889,263.3922
SODXHIZ12A58A7A889,Joe McBride,One Eyed Jack,91.979,0,1,4,-10.203,314.06975
SOCLAFZ12AF72A6D7F,Margaret Becker,Stay Close To Me,96.848,0,1,3,-17.471,192.62649
SODMLAB12A8C1441D2,Jarvis Church,So Beautiful,119.976,8,1,4,-5.659,231.73179
SOMRWKM12A8C13AEC9,Damita Jo,Face To Face,110.058,10,0,4,-15.498,182.33424
SOFNFIL12A8AE47377,Orbital,Are We Here ?,95.315,0,1,1,-10.328,933.642
SOTURND12AB0183FF9,Ministère des Affaires Populaires,Bagdad by night,66.963,2,1,1,-16.165,140.12036
SOQYRCZ12A6D4FC618,Alain Turban,Santa Monica (Version Originale 1980),134.837,1,1,4,-8.085,219.19302
SOZGZSN12A8C1407E3,Bongzilla,Cutdown,91.498,11,1,3,-6.407,419.68281
SOSSUGT12A8C138F9F,2 Minutos,Rompan Todo,203.994,5,1,1,-3.211,88.58077
SOXHSTL12A8C13B5A6,Orbital,Chime (edit),120.938,5,0,4,-6.924,192.20853
SOXAUYW12A6D4F7DAB,April Wine,Say Hello,166.036,2,1,1,-13.666,179.04281
SOQYGKF12A6D4F77EC,Dolly Parton,I'm Not Worth the Tears,95.981,8,1,4,-12.144,152.45016
SOWBHDA12A58A7A398,Estrellas Cubanas,Fin De Semana,174.554,2,1,1,-4.442,324.91057
SOWWEWC12A6D4F8A87,The Bucketheads,Little Louie Bonus,121.896,1,1,4,-16.486,383.16363
SOWOKYQ12AB018637E,Al Denson,Love Is Taking Hold,118.017,10,1,4,-11.3,299.33669
SOGEQKA12A6D4FA27C,Whitesnake,Love Ain't No Stranger (2003 Digital Remaster),125.022,11,0,4,-8.706,252.08118
SOBJOLG12A8C13CC69,The Chap,We Are Not Impartial,72.073,9,1,4,-9.502,170.05669
SOODNBV12A8C139FC7,Máire Brennan,Atlantic Shore,84.826,0,1,5,-12.121,244.74077
SOJCBAM12A6701FD04,The Cardigans,Paralyzed,145.271,3,1,4,-6.966,296.85506
SOJEEKG12A8AE48C77,Twista,The Day After (featuring Syleena Johnson) (Explicit Chopped & Screwed Version),90.158,7,1,4,-8.273,200.98567
SOYFMKG12A58A80C70,Dictators,Weekend,130.786,0,1,4,-5.833,246.36036
SOLYAFD12A6702090E,Fat Joe,Get It Poppin' [Featuring Nelly]  (Album Version - Exp. Version) [Serban Main 4/20/05],100.783,5,1,4,-7.239,211.59138
SONWVYC12A58A7DB0C,Oasis,Don't Go Away,162.069,0,1,4,-5.676,289.2273
SOSTBCB12A58A75D60,The Accursed,Slaughter The Gods,128.928,0,1,1,-7.075,171.15383
SOLKBKQ12A8C13400C,Eddy Raven,I WANNA HEAR IT FROM YOU,133.428,5,1,1,-11.14,204.85179
SOGOJEP12AB018D355,Fabolous,Ma' Be Easy [Explicit Version],200.435,1,1,4,-5.189,225.14893
SOJPZIX12AB018B2BD,Floor,Heather,160.598,0,1,4,-7.033,211.90485
SOFAWJJ12AB0180A39,Michelle & Vickie,Party For Pink,113.373,10,0,5,-4.116,190.56281
SOMDVKP12AAF3B3CD6,Sulk,Only You (Chimi-Changa Club Mix),127.92,11,0,4,-9.464,552.93342
SOMDTTT12A8C13F1CB,Ben E. King,Let It Be Me,86.819,10,1,4,-8.89,167.3922
SOGQTEC12A6D4FC958,Trafik,Smoke,125.012,10,0,4,-7.255,505.67791
SOHZHHE12A8C1360C0,Astarte,Oblivious Darkness,129.088,4,0,3,-4.694,515.36934
SOBQSLF12A8C139785,Sergio Franchi,Silent Night,69.768,8,1,4,-16.407,170.94485
SOLAZFN12AB018A094,Mongo Santamaria,Lady Marmalade,118.295,2,0,1,-8.674,194.76853
SOWPNDT12A8C145BB6,The London Pops Orchestra,The Way We Were,71.312,10,1,1,-13.522,198.89587
SOGMROZ12A679D8AE9,The Police,Wrapped Around Your Finger,85.207,9,0,5,-14.361,313.70404
SOJUJQF12AB0186EDE,Cali,Pour Jane (Live Acoustique),153.667,0,1,4,-10.288,207.49016
SOYYADY12AC468EBDA,Edwin Hawkins,I'm Going Through,91.215,6,1,3,-9.298,358.19057
SOTYGMX12AB018A0BA,Edith Lefel,L'a fête komine,135.099,11,0,4,-11.613,246.30812
SOIQYOV12A8C143ED6,Lonnie Johnson,Raining On The Cold_ Cold Ground,70.317,5,1,4,-17.214,298.13506
SOPMPSP12AB0186961,F.l.y.,Shit 3 Outro,87.63,3,1,3,-7.401,20.79302
SOFPSXO12AB017E22C,Orbit,Nice Ride,142.351,4,0,3,-7.893,254.45832
SOJGCRU12A8C1323B7,Bob Dylan,New Pony,80.7,9,1,4,-5.563,278.96118
SOKKSSP12AB0183B30,Orlando Pops Orchestra,El Manisero,80.79,7,1,4,-15.018,146.59873
SOWORNS12AB018C280,Geiom Ft. Marita,Sugar Coated Lover,140.989,6,1,4,-8.654,291.26485
SORXWXC12A6D4F87B3,Line Renaud,Gwendolina,137.567,7,1,4,-12.158,146.15465
SOUDMHF12AAF3B4AB9,Rhian Sheehan,Degrees of Freedom,216.023,8,0,4,-10.215,314.48771
SOWXEIB12AC90756AC,David Saylor,This Time,112.998,11,1,4,-7.597,273.34485
SOJIDXQ12A58A7EC7A,The Sun Harbor's Chorus-Documentary Recordings,US Air Force,122.842,10,1,1,-13.915,137.84771
SOZEQVC12AC468E38B,Roy Brown,Love Don't Love Nobody,154.631,3,1,4,-10.187,163.83955
SOXZWTN12A58A7C2A4,Mest,Tonight Will Last Forever (Album Version),176.16,7,1,4,-8.247,255.50322
SOFEOPN12AC468D446,Los Iracundos,Deja El Ultimo Baile Para Mi (Lascia L'Ultimo Ballo Per Me),93.283,5,1,3,-9.368,188.05506
SOTREAP12A8AE46FE2,Cumberland Quartet,One Day At A Time,150.75,3,1,4,-13.533,192.88771
SOBEWIS12AB0182D75,Ray Conniff,My Melody Of Love,172.514,8,1,1,-12.307,210.18077
SOCCMDY12AB01877A8,Five Blind Boys of Alabama,I've Got a Home,93.417,10,1,4,-7.495,131.81342
SOFORRV12AB01840C4,Luiz Bonfa,Olhos Ciganos,130.272,10,0,4,-13.476,151.09179
SODVIWU12A6D4FCDA6,Blind Willie McTell,Writing Paper Blues,131.624,3,1,3,-11.383,191.73832
SOTKEUY12AB017E3E3,Hushabye Baby,So Small (Lullaby Rendition of Carrie Underwood),147.853,3,1,4,-22.803,227.52608
SOWFOMV12AB017D884,Arco Iris,Felicidades,131.857,4,1,4,-8.415,201.03791
SOUATDY12AB0185157,U2,FEZ-Being Born,187.844,7,1,4,-7.896,316.96934
SOBRUSQ12A6701DF34,Shania Twain,Raining On Our Love,82.789,6,1,5,-11.958,278.54322
SOTBVCU12AB0187B3C,Les Rythmes Digitales/ Tzant Feat. ODC MC,Jacques Your Body (Make Me Sweat)/ Sounds Of Wickedness (PF Project Def Scratch Mix),86.113,6,0,3,-4.242,186.40934
SOIMYXI12AB018106C,Akon,Over The Edge,126.983,5,0,4,-6.102,266.89261
SOICIZT12A6D4F6751,Jo-El Sonnier,Les Grande Bois,144.649,2,1,3,-8.556,168.04526
SOICTFT12AB0187B69,Since The Flood,All For Nothing,189.987,2,1,4,-2.191,117.08036
SOQSXNC12A8C133130,Yank Rachell,My Mind Got Bad,91.589,4,1,1,-16.589,184.73751
SOSWVUB12A6D4FCB1D,La Mancha De Rolando,Melodia Simple,100.046,4,1,4,-4.296,243.98322
SOHFMQW12AB0180091,Leo Ku,Xiao Shuo Xiang,117.181,2,1,3,-5.315,245.55057
SOTSMYB12A6D4F6519,Slim Whitman,Serenade,100.398,0,1,4,-14.573,141.92281
SOHCRES12AC3DF6BD1,Larry Graham & Graham Central Station,Turn It Out,97.103,6,0,4,-12.546,277.62893
SOJBNUB12A6D4FC0D3,Johnny Pacheco/Rolando La Serie,La Palabra Fin,112.915,0,1,4,-10.295,136.09751
SOUZONQ12A8C13DE81,Barley Bree,Flight Of Earls,119.017,5,1,4,-13.515,279.58812
SOXVBBS12A58A7E482,Carl Smith,Hey Joe,120.546,2,1,4,-11.852,141.47873
SOTDILJ12AB0188A2B,Storyville,Enough,109.085,0,1,4,-6.18,263.41832
SOKHJSC12A8C14016E,The High Strung,The Luck You Got,139.72,7,1,4,-3.765,187.27138
SOQQXOZ12AB01809E4,Tony Martin,September Song,122.709,4,0,4,-20.142,182.85669
SOCCANS12A8C139F53,Jo Privat,Rodriguez Pena,127.659,4,1,1,-6.811,153.36444
SORRKQZ12AB0185DAD,Jah Cure,I'm Free,151.744,0,1,4,-5.142,224.02567
SOSDWRI12A8C1443CB,James Carter,Strange Fruit,81.492,5,0,4,-6.115,258.42893
SOTSNQM12AB0183738,Pursuit Of Happiness,Down On Him,131.966,7,1,4,-10.133,151.01342
SOIDEHN12AAA8C4B80,Mithotyn,Guided By History,110.897,0,1,7,-7.078,391.02649
SOTSDZS12A6D4F65D9,Francis Lai,Search For Jenny,85.131,9,0,4,-16.45,184.45016
SONBWQQ12A58A7BF65,Beres Hammond,Missing You For A Mile,85.56,11,0,4,-15.121,252.55138
SOXTBTY12A8C134A43,UK Subs,Crash Course,123.26,10,1,4,-11.031,140.30322
SOKJYBX12AF72A900B,Embrace the End,Ley Lines,119.827,5,1,4,-3.6,364.14649
SOGYBIX12A6D4FB5B8,Steve Green,Even A Child - Proverbs 20:11,146.677,0,1,4,-13.484,78.81098
SOHTRFS12AC9E13420,Marc Perrone,Sirène,0.0,5,1,1,-26.393,13.5571
SOAQQHI12A58A78FA5,Leonardo Favio,Porque Yo Te Amo,163.519,7,0,7,-11.378,201.50812
SOFWVMI12AB018A50D,Gloria Lasso,Termina La Feria,65.195,9,1,4,-15.953,187.92444
SORIWFK12A8C137A62,Patrick Bruel,Au Bout De La Marelle,105.994,7,1,4,-8.086,257.2273
SOHORIU12AB018C2FC,Julie Zenatti,Ma Douleur...,87.013,1,0,7,-10.166,287.92118
SOGXFXZ12A8C132E70,Delroy Wilson,Rain from the Skies Mix 2,157.446,10,1,4,-8.884,157.57016
SOODQEF12A58A7AF5F,DeGarmo & Key,Destined To Win,120.548,4,1,4,-6.917,203.62404
SOSNMKX12AB018827B,Pentangle,I Saw An Angel,193.578,7,1,1,-11.514,172.38159
SOMVRPL12A81C20EAC,Los Tres Diamantes,Begin The Beguine,98.082,4,1,5,-12.421,175.43791
SOYORWN12A8C144436,Small Facers,Happiness Stan - Original,70.163,2,1,5,-18.626,1141.08036
SOAXBAE12A6D4F79C3,K-OS,Heaven Only Knows,90.507,5,0,4,-9.642,235.04934
SOHUJXE12AB018ADD3,Michael Landau,The Mighty SB,73.894,2,1,3,-11.749,597.41995
SORCVJY12A8C13CB1B,Jack Sheldon,Trane's Strain,167.307,5,1,4,-12.921,283.92444
SOZUAJB12AB017CE56,Dave Hollister,I'm Wrong,113.09,1,1,4,-4.942,301.87057
SOEUEUI12A6701E4AB,Handsome Boy Modeling School,I've Been Thinking featuring Cat Power (Album Version),160.02,8,1,4,-9.423,324.07465
SOZICZX12A8C136A61,Michael Gettel,The Journey North,94.849,2,1,4,-10.879,338.75546
SOFHWIG12AB01855B5,The B-52's,Tell It Like It T-I-IS (Album Version),136.767,11,1,4,-7.465,313.20771
SOWTXWG12A8C13C228,Gordon MacRae,Just One Girl,103.713,4,1,3,-16.71,134.89587
SOILKMT12A6702015A,Maire Brennan,Song Of David (LP Version),65.264,8,1,1,-13.434,248.34567
SODWDRX12A8C136E77,Babbie Mason,Pray On,129.88,8,1,4,-11.29,240.84853
SOHAVVY12A8C1422E6,Bersuit Vergarabat,De Onda,121.764,0,1,3,-7.301,181.18485
SOJSSDR12A8C142EE5,Major Lance,Um_ Um_ Um_ Um_ Um_ Um (Curious Mind),117.464,9,1,4,-8.763,134.03383
SOFESEK12AB017FA56,Doyle Bramhall,That's How Strong My Love Is,168.36,10,1,3,-6.367,254.35383
SOYVCJU12A67AD8617,Fall Out Boy,The Carpal Tunnel Of Love,140.878,2,0,4,-3.237,203.91138
SOCHXHX12A8C143E1A,Hank Locklin,(Sittin') Alone At A Table For Two,100.705,2,1,4,-15.242,168.6722
SONVMQR12AB018688B,Deckard,Deckard,90.964,1,1,4,-5.973,175.90812
SOZFZMX12AB018BE08,Tantric,Coming Undone,140.111,9,0,4,-2.741,176.43057
SODLFHM12A8C1432E9,Bedwetters,Like A Deck Of Cards,101.997,1,0,4,-1.927,202.91873
SOHBATX12A8C14009F,The Refreshments,Here we are,169.943,7,1,1,-6.986,184.5024
SOMHHCX12AC468AB2E,Organ Donors,Tranceplant,140.013,4,1,4,-2.988,433.71057
SOSBBAV12AB018F27C,David Tao,Summer Love Triangle,136.749,2,1,4,-4.602,260.33587
SOJBTDV12A6D4F776A,Whitesnake,Don't Mess With Me (2006 Digital Remaster),114.902,2,1,1,-4.556,204.14649
SOJMVGG12AB018AF5C,Mirah,Apples in the Trees (Live),116.087,9,0,4,-10.453,158.09261
SONOEAE12A6D4FB32B,Dee Clark,Just Keep It Up,95.948,10,1,4,-16.865,132.07465
SOJLKEV12A6D4F5BEF,Tom Cochrane,Revelations:  Visions In A Dream,89.042,2,1,1,-13.706,208.79628
SOEYFIJ12A8C13E773,Charlie Byrd / Laurindo Almeida,Choro II,115.798,2,1,1,-18.054,172.43383
SOIMTBN12A6D4F56FA,Mercedes Castro,Vendiste Los Gueyes -Maldita Miseria-,149.293,2,1,5,-9.451,184.42404
SONBEXJ12AB0182AC8,Clarisse Lavanant,Beaux parleurs,177.931,2,1,4,-9.366,175.17669
SOEEOUU12A8C1350F4,The Skabs,Woe is Woman,94.072,7,1,1,-9.733,121.65179
SOLIWUR12A58A7D769,Kassav',An Mouvman,147.781,2,1,4,-8.158,268.90404
SOCJFFQ12A8C13E02A,BeauSoleil,'Ti Monde (LP Version),119.663,5,1,4,-13.758,268.30322
SODXUDI12A8C1408A2,Tum Tum,Money In Da Bank [Screwed],206.791,1,1,4,-10.525,188.94322
SOLXNRC12A81C21193,Michelle Tumes,Hold On (LP Version),111.824,6,0,4,-9.279,265.29914
SOKQDCS12AF72A920F,Korn,Make Me Bad,110.071,2,1,4,-6.378,231.73179
SORPCNQ12A8C136BB9,Knack,Seven Days Of Heaven,142.432,7,1,4,-5.227,285.51791
SOKQDQZ12A8C13BB10,Olivier Messiaen,Livre D'orgue (1951) : VII Soixante-Quatre Durées (Remasterisé En 2008),101.636,5,1,5,-24.98,647.60118
SOKKMRS12A67ADD134,From Autumn To Ashes,Sensory Deprivation Adventure,93.061,2,0,4,-5.911,175.80363
SODHPQS12AC907282B,The Jackson Southernaires,Lord We Give You All The Praise,92.555,7,0,4,-10.65,356.10077
SOKUBEF12A6D4FA3B8,Casiotone For The Painfully Alone,Dying Batteries,78.16,0,1,1,-20.499,51.01669
SOMSUOA12A67FFB3A1,Redman / Hurricane G / Melanie Rutherford,Soopman Luva 6 1/2,109.265,2,1,3,-10.152,113.65832
SOZSAZR12A8C13E9EF,Cristy Lane,Making Up For Lost Time (Footprints In The Sand Album Version),86.142,7,1,4,-12.118,196.80608
SOTODXV12AB017E98D,Humble Pie,30 Days In The Hole (Live),132.598,2,1,4,-7.033,469.44608
SOAFUPM12A6D4FD26F,Patton Oswalt,A Brief History of Shitty Comedy,75.669,8,0,3,-13.322,121.96526
SOYERFU12A8AE48FD6,Kingston Trio,Tom Dooley,117.214,4,1,1,-17.9,199.94077
SONLOMJ12AB0181700,Barrio Obrero,Un Ojo Dimos,182.962,5,1,3,-7.797,231.47057
SOLAZIP12AB017F246,Supertalented,Fax Me,115.954,0,1,1,-8.518,96.65261
SOXPVJS12A8C1326A8,James Taylor,One More Go Round,108.047,4,0,4,-12.346,280.81587
SOONSSK12A6D4F94E0,45 Grave,Surf Bat (Album Version),173.581,9,1,4,-10.285,118.38649
SOEQPSU12AB0182FFB,Roommate,Isn't Radio,85.005,9,0,4,-7.494,367.01995
SOKPIYN12A8C13F84F,The Dee Jays,Dum Dum (Marble Breaks And Iron Bends),114.375,4,1,1,-10.412,174.21016
SOQOVSL12AB01897AB,Brian Tyler,I Dream Of Chi Chi,104.988,0,1,3,-19.963,52.87138
SOEFDKH12A58A7BECD,Orquesta Aragon,Eso No Tiene Remedio,91.548,9,0,5,-13.143,308.76689
SOAGYNF12AB0187EEE,Brian Eno And David Byrne,The Jezebel Spirit,118.203,1,1,4,-8.209,296.33261
SOYDKWF12AB018A6B8,Bézu,Le chacha des gorilles,133.64,7,1,4,-11.428,275.3824
SOQKYWC12A8C136A4F,Edu Lobo,Canto Triste,84.853,2,0,1,-18.581,309.52444
SOLNHID12A58A78106,Gang Starr,Say Your Prayers,166.092,0,1,4,-18.7,84.63628
SOCOMNU12AB017EFC2,Nestor Torres,Rhumboso,137.908,5,1,5,-13.006,294.53016
SOHAZVL12A8C142715,Philip Glass,The Kiss: Chris & The Model Airplane,104.667,8,1,4,-22.104,289.4624
SOFNNDS12A8C138268,Herbert Von Karajan,Variations Sur Un Theme De Haydn Op51,171.78,10,1,5,-20.536,1143.03955
SOALFBA12A81C20681,Stephan Micus,Part 1 (19 Flowerpots_ 2 Hammered Dulcimers_ Bavarian Zither_ Shakuhachi),142.158,0,1,4,-22.517,519.8624
SOWJAVO12AB0180222,Pumpkin Buzzard,Gumby Killed the Dinosaur (House Mix),169.771,10,0,4,-5.676,137.63873
SOOGGUS12A8C138B27,Edmond Leung,Ling Shi Shi Ji Fen,113.571,0,1,4,-10.67,234.1873
SOJKNYV12A8C133E9C,Gabriel Yared,Devon,111.577,9,1,3,-19.64,229.98159
SOHTCQC12A6D4F49CA,Herbert Von Karajan,Si Mi Chiamano Mimila Boheme Act1 Remast,75.416,9,1,5,-22.384,288.41751
SOKUXFH12A8C145EF7,Sister Hazel,This Kind Of Love (Full Band),139.841,2,1,4,-12.283,230.37342
SOYZHTW12A58A7DAD9,Wolfmother,White Feather,110.441,4,1,4,-6.183,316.21179
SOPUUCZ12AB0180B3B,Janice Robinson,Dreamer (Jamie J Sanchez Club Mix),84.655,7,1,3,-6.99,459.33669
SODXVQZ12AC468707A,The Aftermath,Might As Well Laugh,166.648,8,0,4,-10.386,118.30812
SOEHTZE12A6310F0F2,Coldplay,One I Love,134.027,2,1,4,-7.446,274.41587
SODRLDV12A8C13D25E,ZO2,Isolate,150.715,7,1,4,-4.098,276.4273
SOUWONL12A8C13EA27,Wednesday 13's Frankenstein Drag Queens From Planet 13,Bark At The Moon (Album Version),149.551,0,1,1,-3.587,239.20281
SONDAME12A6D4F9352,Ed Byrne,Who's Your Daddy?,77.99,7,1,4,-8.366,330.63138
SOELMDY12A6D4FB18A,Every Time I Die,California_ Gracefully,93.458,9,1,1,-4.029,171.59791
SOKVKEC12AB0186B68,Andrew W.K.,Don't Call Me Andy,120.153,2,1,4,-3.378,165.51138
SOSWYWM12AB018A072,Onyx,The Force,85.541,11,1,5,-12.908,317.46567
SOQUGRT12A6701DD47,Burning Spear,It's A Long Way Around,122.376,0,1,4,-19.633,185.5473
SOIIZIX12A6D4F799D,Methods Of Mayhem / Scott Kirkland,Narcotic,116.04,1,1,4,-3.246,199.31383
SOGDJTG12AC960A37D,Lisa Lynne,Still I Will,106.009,9,0,4,-9.559,261.95546
SOTYBQB12A8C139F0C,The Sun Harbor's Chorus-Documentary Recordings,Taps,36.151,10,1,1,-25.678,59.32363
SOCDZDT12A6D4F8F73,Bryan Ferry,Don't Worry Baby (1999 Digital Remaster),116.36,4,1,4,-8.662,253.12608
SONMSFX12AB018CD74,Maysa,Ouça,103.172,9,1,4,-10.919,180.87138
SOIJQRD12AB01882D0,BLEED THE SKY,Kettle Black,116.064,1,0,4,-5.992,202.91873
SOUWRJF12AC46862F7,Fred Locks,Mama Don't Know Love,151.537,0,1,4,-6.924,242.38975
SOCXIYL12AB0185958,Ragheb Alama,Al'amadalah Assa'bah (2004 Digital Remaster),151.956,7,1,4,-9.13,319.37261
SOJVTTZ12A6D4F99D8,Sasha,Turn It Into Something Special (Svengali's remix für Elisa),155.996,9,1,4,-9.532,265.84771
SOTIRUS12A8C13F53D,Dolores Keane,Storm In My Heart,149.619,5,1,3,-12.577,272.5873
SODXIIY12A8AE4677E,Lauren Wagner & Fred Weldy,Social Note,72.724,2,0,4,-26.356,51.12118
SODXZZK12A58A7B5D4,Mr. Sancho,I'm callin,100.032,0,1,4,-8.666,182.22975
SOXNBSR12A8C13D3E5,Tony Danza Tap Dance Extravaganza_ The,Cliff Burton Surprise,139.872,8,1,4,-8.202,198.66077
SOCTUML12A8AE45691,Hurricane,I'm On To You,110.177,8,1,4,-4.618,236.042
SOZNFIN12A8C13EDBA,Adolph Hofner,How I Miss You Tonight,118.472,7,1,4,-18.169,135.07873
SOCHSUI12A8C131C44,Charlie McCoy,Night Life,90.81,7,1,3,-13.027,282.53995
SOASAPT12AB01836BB,Suicide,Shadows of the thought,144.94,0,0,4,-5.75,321.30567
SOIQFYV12A8C13EEB6,Mötley Crüe,Wild Side,115.254,7,1,5,-5.938,248.55465
SOPCBZF12AB01836CC,Alex Gopher,Aurora (Rory's Cassette Jam Remix),127.902,9,1,4,-7.83,396.87791
SOZFOCS12A8C142CA3,Cockney Rejects,Big Time Charlie,84.59,2,1,4,-3.132,182.25587
SOGJUBN12AB017CF98,Wayne Watson,Somebody Sing,125.908,1,1,4,-7.831,228.49261
SOOEQIN12A8C13B8EF,D.O.W.N.,Hustlin',117.263,1,1,4,-8.987,312.39791
SONUVBD12AB0186112,SOL,Puedes ser feliz,62.076,0,1,4,-6.364,251.79383
SORGQGD12AB0185998,Philip Bailey,Sometime Ago,109.963,8,1,4,-7.884,227.47383
SOAVVDB12A8C136842,Lee Michaels,My Lady,123.474,5,1,3,-15.069,249.80853
SOCJAYM12A8C138772,Mobb Deep,Up North Trip,87.747,6,0,4,-5.16,298.00444
SOSFVMZ12A6D4F5951,The American Boychoir,Intermezzo,87.76,4,1,4,-33.595,224.54812
SOOSLVC12A8C13E51E,Mr. Lif,For You,107.32,10,0,3,-7.144,327.6273
SOGRSCQ12A8C1367FE,Felix Slatkin/Concert Arts Symphonic Band,El Capitan (1998 Digital Remaster),122.774,3,1,4,-16.325,138.57914
SOHNAWQ12A6D4FCFF9,Shirley Caesar,Healed (LP Version),115.508,1,1,4,-9.116,266.03057
SOGJYMK12AB018272A,Cherrelle,Into My Eyes,145.607,8,0,4,-6.222,290.82077
SONFHHG12A58A7D321,Jim Chappell,Almost Us,86.39,7,1,4,-23.69,217.49506
SOELNMY12A8C13759B,Pearl Jam,4/20/02,138.291,7,1,7,-12.246,232.35873
SOJDKQV12A6D4FAF0E,Petra,Don't Let Your Heart Be Hardened (This Means War Album Version),107.531,0,1,4,-11.403,222.61506
SOKGAEA12AB017F671,Yamandu + Dominguinhos,Chorando Baixinho,118.239,9,0,4,-16.21,276.79302
SOQPXJH12A8C13C3EA,The Paul Butterfield Blues Band,Pretty Woman (LP Version),77.207,3,1,1,-13.705,228.75383
SOGMWOY12AB017FA59,Arsonists Get All The Girls,Violence in Fluid Triceratops,129.824,1,1,3,-3.424,240.92689
SOLWUMG12A8C13106C,Teena Marie,How Can You Resist It,81.947,9,1,4,-11.037,328.56771
SOCTKFG12AB017D983,Jerry Butler,He Will Break Your Heart,87.758,11,1,1,-18.341,167.18322
SOHROMP12A6D4FEFC7,Irma Thomas,The Same Love That Made Me Laugh  [LP Version],99.492,0,1,1,-9.675,195.36934
SOBMBXU12A6D4F894C,Sasha,Do It To Me,116.024,7,1,4,-9.249,181.65506
SOIUSAD12AC4689EB2,Hot Wire,Like A Prayer (Tribute To Madonna),110.198,6,0,4,-5.485,194.66404
SODEXMV12A8C13B960,RUN-DMC,Faces,73.507,10,0,5,-13.306,267.59791
SOQORVZ12AB01899FF,Patrick Saint-Eloi,Ola ou yé,130.092,10,0,4,-5.777,314.122
SOISAFU12CF5F882E5,Avril Lavigne,How Does It Feel,118.055,0,1,4,-4.772,224.93995
SODYDMB12AC46896F8,Evergreen Terrace,Look Up At The Stars And You're Gone,112.421,7,1,1,-4.732,159.4771
SOGOQUK12AB018C3F1,James Ingram,A Baby's Born,76.385,2,0,3,-11.937,376.68526
SONQNCK12A8C13ADCB,Danilo Perez / Claus Ogerman,The Saga Of Rita Joe,100.394,4,1,4,-14.117,459.31057
SOMGVPO12A6D4F81E4,Sister Hazel,Cerilene,119.461,10,1,4,-8.416,332.93016
SORIFID12A8C140949,Solomon,25 Variations And Fugue On A Theme By G.F. Handel For Piano_ Op. 24: Fugue,95.619,5,1,4,-18.321,284.23791
SOMCTKM12A8C138B86,Juan Carlos Baglietto,Tiempos Dificiles,97.342,10,1,3,-14.511,232.61995
SOLVUWT12A6D4FA589,Jean-Yves Thibaudet / Gewandhausorchester Leipzig / Herbert Blomstedt,1. Molto allegro con fuoco,160.246,7,0,1,-19.852,413.1522
SOUHVMV12A58A7C4D9,Crabby Appleton,Go Back,89.091,1,1,1,-4.594,186.69669
SOVKAUG12AC468672A,Dave Rave_ Mark McCarron,They Held Hands,102.16,6,0,4,-13.711,165.61587
SOCKOBC12A81C238AE,Remi Nicole,Rock N Roll,84.009,10,0,1,-5.39,379.37587
SOORQPU12AB0188E50,André Blot,Breiz Ma bro,199.483,10,1,3,-6.031,179.85261
SOOZSTX12AB01842AA,All Leather,As The Hog Pisseth,84.562,2,1,1,-7.107,108.38159
SOWROAS12A8C14258B,Billy Bragg,Goodbye (Solo Version),81.256,0,1,4,-17.81,180.1922
SOSWZOB12A58A7E693,Little Milton,My Way,76.415,3,1,1,-6.144,264.59383
SOINJPD12A6D4F8726,Junior Jack,E Samba (Accapella),106.216,0,1,3,-12.715,96.10404
SODREXM12AB017C1E8,Johnny Cash,You Tell Me,196.303,1,1,4,-13.136,80.03873
SOQDCHV12A6D4FC12D,Lil Boosie,I Remember (amended album version),171.85,10,1,4,-3.165,243.35628
SOLTZIT12A58A7B9BC,Candlebox,Lover Come Back To Me,125.994,10,1,3,-7.589,283.66322
SORAVAX12A8C137A3B,Mark Lowry,Jesus Laughing (Some Things Never Change Version),143.898,7,1,4,-7.874,205.26975
SOZRIFJ12A67ADA4BE,Dinosaur Jr.,Been There All The Time,253.357,2,1,4,-3.868,220.70812
SOKVYHL12AAF3B48A5,Marisela,Loca (a/k/a Crazy) (Version Banda),84.283,7,0,4,-5.837,162.55955
SOIVHOS12A8C13759D,Wilshire,When,126.179,10,1,4,-4.601,181.49832
SOCHPTV12A6BD53113,Lionel Rogg,Die Kunst der Fuge_ BWV 1080 (2007 Digital Remaster): Contrapunctus XVII - Inversus,126.786,2,0,1,-20.848,172.38159
SOVKBMW12A8C140754,The Oh Sees,It Killed Mom,100.928,5,0,4,-6.111,162.37669
SOJULNT12AB018486A,Bob Margolin,Baby_ Baby_ Baby,79.905,4,1,1,-9.384,198.84363
SOQMIXU12A8C13C915,Kitty Kallen,If You Smile At The Sun,86.961,5,1,4,-16.151,151.92771
SOHTPLG12AB0185DF3,Autonomous Bass Heads,Beat Conductor,137.963,7,1,4,-6.497,307.722
SOPVFQR12AB0182066,Cowboy Mouth,Disconnected,103.218,9,1,4,-5.88,237.60934
SOWGMLU12A58A7E280,Jeff Talmadge,The Hard Part's Letting Go,160.105,2,1,1,-12.174,228.62322
SOOSUHA12A6BD53D30,Krystof,Ostravaczech,130.042,0,1,4,-10.084,285.67465
SOERPVK12AB0185466,Dwight Twilley,Tomorrow Never Knows,90.875,7,1,4,-8.812,224.54812
SOQUGCC12A8C1424D2,Tum Tum,So Fresh,66.565,2,1,4,-17.014,209.18812
SOVTEUT12AB0185D22,Mägo de Oz,Qué Desilusión,121.955,7,1,4,-4.638,295.31383
SOWHCQG12AB0187E19,Johnny Osbourne,Come ALong,135.537,6,0,4,-7.454,200.41098
SOTLPLH12A8C132E36,Moraes Moreira,Banho De Amor,132.558,0,1,4,-7.437,280.65914
SOBLUPB12AB017D074,Darko,Danote,124.255,7,1,4,-14.175,378.67057
SODUZHA12A6D4FAF3F,Petra,Angel Of Light (Never Say Die Album Version),101.004,1,0,4,-6.949,262.21669
SOSZHGZ12A8C13B75E,Plasmatics,Dream Lover,125.363,0,1,4,-11.685,344.24118
SOCGCVT12A6D4FAF6F,Inspiral Carpets,Party In The Sky,187.66,7,1,4,-11.319,232.12363
SOSAVBB12A8C13D255,Stern,Tüflische Plan,139.949,2,0,4,-8.452,241.13587
SOGPQGK12AB018A30B,Yuridia,Regresa A Mi (Unbreak My Heart),109.996,0,1,4,-7.918,264.54159
SOFKQMM12A8C137176,Furry Lewis,I Will Turn Your Money Green (Tk. 1),104.237,11,0,4,-18.466,188.02893
SOSQILZ12AB0185AFB,Bryan White,I Can't Wait 'Til Christmas (LP Version),126.618,0,1,4,-8.278,240.90077
SOSZPZP12A58A7E624,Dirty Harry,The Fortway,126.412,11,0,4,-15.303,559.75138
SOFPDFR12A8C136ACA,Kurt Tepperwein,Subliminal mit Naturgeraeuschen,145.259,8,0,3,-21.036,1222.42567
SOTWTSO12A8C142128,Alberto Cortez,Guitarra Dimelo Tu,91.584,3,1,7,-6.752,183.17016
SOLYFEM12A8AE4836E,Bounty Killer,Gun Thirsty,96.006,7,1,4,-7.629,225.25342
SOHOSLP12AB01805E6,M.I.K.E.,Hollow Dream,135.053,6,1,4,-10.744,440.52853
SOKFQQD12A8C138826,Bill & Gloria Gaither,Jesus Hold My Hand (The Best of Homecoming - Volume 1 Version),116.903,1,1,4,-12.493,196.17914
SOYRCSM12AB0181154,Gyptian,Lonely,186.285,9,0,4,-5.863,253.70077
SOAECMT12AB0183897,Les Hou-Lops,Hold me,111.555,2,1,4,-9.6,150.46485
SOMTPYO12A8C14413D,Camp Lo,Uptown,90.983,9,0,3,-9.06,214.46485
SOAEPLE12AB0186815,The Gone Jackals,That Blows My Mind (Slammin' and Way Out There!),177.563,2,1,3,-5.376,228.93669
SOUTSOK12A8C146665,Wonderland,You,123.976,4,0,4,-6.485,172.30322
SOCFXMH12A6D4FD1B8,Blackalicious,Ego Trip by Nikki Giovanni,60.017,1,0,1,-5.625,104.93342
SOMXUAV12AB0188A0E,The Shirelles,Dedicated To The One I Love,71.597,10,1,4,-11.539,127.29424
SOJIRPT12AB01877A6,Burning Spear,Walking In Dub,135.033,11,0,1,-13.615,146.88608
SODTJWJ12CF5F88321,Alice In Chains,I Know Somethin (Bout You),114.758,3,0,5,-9.66,261.77261
SOMDRBE12AB01813EA,Toots & The Maytals,Sweet & Dandy,163.748,4,1,7,-5.914,169.53424
SOCGJEM12AB0185E26,Fever Ray,When I Grow Up,122.934,0,1,4,-6.637,359.36608
SOGTRKA12A8C137D72,Gipsy Kings,Somos Gitanos,118.056,7,1,4,-5.057,222.92853
SOQMTGB12A6D4F5285,Flor Silvestre,Gaviota Traidora,109.518,9,1,4,-10.601,150.12526
SOQVDWT12AC468A52B,Patrick Lamb,I Remember,93.041,5,1,4,-5.536,290.37669
SOPQEVH12A8C135713,Asleep At The Wheel,Let Me Go Home Whiskey,142.479,9,1,4,-16.261,254.58893
SOHSENM12AB017FFF5,Amoral,The Last Round,141.746,7,1,5,-5.532,520.88118
SOAIQBP12AB01899F4,Melvins,You've Never Been Right - (Live In Boston_ MA 2008),115.007,7,1,1,-14.682,165.38077
SOWWLVP12A8C138BFB,L.A. Guns,Magdalaine,150.3,1,1,4,-9.244,398.44526
SOWTBHJ12AB0184F4D,Stan,Luv,119.965,5,1,4,-9.147,254.95465
SOYMCST12AB017E8AB,S.U.P,Insanity,78.601,4,0,5,-7.803,369.24036
SOMBKBP12AC468D7E2,Butthole Surfers,Wichita Cathedral [live],108.251,9,1,1,-6.367,165.38077
SOLTKCF12AB018600D,Los Brujos,Si Yo Tuviera,148.748,3,1,4,-16.397,36.54485
SONIHFO12CF5F87D6C,Janis Joplin,Piece Of My Heart,80.455,4,1,4,-10.561,266.23955
SOVKZLE12AB018A2F4,Vivian,Better,140.08,2,1,4,-5.001,184.63302
SOLKHLK12A8AE47A23,Slipknot,The Heretic Anthem (Live version) (Album Version),163.007,11,0,5,-7.35,397.24363
SOHDPPB12AC4687A5A,Varios,II Allegro,144.478,5,1,1,-24.877,165.66812
SOSMJQM12AC4686FC7,Atom,Merzwaltz,108.069,6,1,3,-12.643,331.88526
SOVJUCU12A8C138B3E,Jimmy Wyble,No More Blues,80.016,8,1,7,-18.891,181.96853
SOEMDLK12AB01860D9,Die Symphony,Ugly Like Me (Demo Version),160.184,5,0,4,-7.249,231.67955
SOHSILH12A58A7CA6B,Charlie Peacock,Hot Night Downtown,118.155,4,1,4,-9.535,202.34404
SOOGMHS12AB017D84A,Paul Geremia,Tootie Blues,116.318,0,1,1,-14.554,204.56444
SOKHJYT12A8C13731B,Andy Griffith,The Old Rugged Cross (Medley)  (Love To Tell The Story Album Version),102.402,7,1,3,-14.701,215.48363
SOFNSNQ12AB01833D2,Walter Trout,Obstacles in My Way,166.411,7,1,4,-8.392,233.24689
SOYQGMA12A6D4FA935,Monique Marvez,No Bad Oral Sex / Dick Dessert,121.075,1,1,5,-10.825,639.60771
SONOWJT12A81C23646,Dancecore Allstars,When The Sun Comes Out,95.298,5,0,3,-5.317,223.29424
SODKVWC12AF72A53CF,Sean Kingston,Face Drop,168.02,2,1,4,-3.426,184.58077
SOFUKSP12A8C1416DC,Blind Lemon Jefferson,Gone Dead On You Blues,132.59,5,0,1,-24.321,165.35465
SOBYREB12A8C13CF88,Mei Chi Chiang,Chagall(OS),150.933,10,1,3,-21.585,73.03791
SOQQIOF12A8AE47FD0,Gabriel Yared,Les chasseurs d'esclaves,111.034,2,1,4,-13.005,118.83057
SOWDQHL12A6D4FAE8F,Sergio Dalma,La Marca De Tus Labios,124.008,0,1,4,-6.213,279.24853
SOSHNFD12AB0188458,Zombina & The Skeletons,Sea Of Heartbreak,120.848,9,1,3,-8.017,198.16444
SORYSZW12AB0188A2A,The Jane Shermans,Ammunition,140.143,2,1,4,-6.299,235.49342
SOJWCMG12A8AE46D46,Bon Jovi,I Love This Town,134.293,1,1,4,-3.38,286.35383
SOFYDKI12A8C13F96E,Dan Shen_ Gruppo Vocale Cantemus_ Ensemble Airone_ Luigi Marzola,Miserere: XII. Ne Projicias,48.942,6,0,3,-30.978,42.70975
SOTOIUP12AB0180CA0,Blind Boy Fuller,Got To Find My Little Woman,87.899,10,1,4,-14.243,151.19628
SOACIFE12AB0187C9C,Bescenta,So In Love,126.631,6,0,4,-7.414,243.1473
SOSLKBG12AB018D75E,"Dave ""Baby"" Cortez",The Happy Organ,185.559,0,1,4,-11.19,125.6224
SOOUGMQ12A8AE472AC,Bloomfield,Quartier Latin,179.987,10,0,4,-10.87,277.39383
SOLVYRN12AF72A9C09,Andrew W.K.,Can You Dance With Me?,161.874,2,1,1,-2.445,127.4771
SOBCOMU12A8C1330B0,John Debney,Buddy and Santa's Flight,83.95,0,1,4,-17.712,74.762
SONDBYI12A6310D81C,Rakim,Outro,50.059,0,1,4,-22.214,79.93424
SOKEAOU12A6D4FB6B2,Tommy James And The Shondells,Out Of The Blue,133.312,0,1,1,-11.693,146.02404
SOZYWLD12AB01859CE,Coraleena Ellis,Wide Awake In A Dream,88.015,11,0,1,-12.198,250.77506
SONFVHA12A6D4F932F,Terry Callier,Satin Doll,92.927,7,1,3,-19.933,258.19383
SOFMCTW12A8C139DDA,The Chieftains,The Raggle Taggle Gypsy,210.957,7,0,4,-6.984,187.92444
SOBRNCK12A8C13FB92,Count Ossie,No Night In Zion - Original,137.714,11,1,1,-14.835,234.9971
SOAEJTI12A8C145051,Trivium,Shogun [with fade_ for special edition],140.112,11,0,4,-4.002,678.76526
SOKRLXS12AB0183E51,Charlie Peacock,The Quality of Life,137.158,1,0,4,-6.02,133.3024
SOYIRYT12A6D4F9B3E,Elmer Bernstein,Drown The Dog!,83.255,2,1,5,-19.583,231.67955
SOEPZDK12A58A7C033,Peter Spence,Baby I,97.284,8,1,1,-9.974,277.41995
SORAXQJ12A8C1333AA,Vusi Mahlasela,Pata Pata,137.942,2,1,4,-6.144,273.31873
SOUOJUC12AB017CF7E,Eddie Cantor,Charley_ My Boy,125.361,2,1,1,-19.052,168.88118
SOEHDUX12AB0187C5A,Lionel Rogg,Choral : Komm_ Heiliger Geist_ BuxWV 199 (Remasterisé En 2010),68.388,5,1,4,-22.737,203.44118
SOWOACC12AB0181FCC,Marimba Alma De Chiapas De Juan Palacios,Atotonilco,147.597,10,1,1,-10.033,182.02077
SOIPEKK12AB01805B4,Precious Bryant,When The Saints Go Marching In,130.453,9,1,1,-11.425,164.8322
SOBQKWL12A8C14337F,Casiotone For The Painfully Alone,Town Topic (Instrumental),125.663,0,1,1,-7.807,115.17342
SOWJDTP12AB018715D,Singing Melody,Player No More,162.155,9,1,4,-13.533,179.93098
SOUCLBZ12AB0182A5A,Jeff Wahl,Waterfall,243.195,1,0,4,-23.366,43.88526
SOGPMNP12AB0186B39,UFO,Out In The Street (Live In Cleveland_ Ohio),87.097,2,1,5,-9.314,310.41261
SOGVPUQ12AC468BCA8,Kapelle Herrenweide,Humppa,109.293,2,0,1,-12.246,214.36036
SOXHLIO12AB0185C6F,Jamie Richards,Easier By Now,84.069,2,1,4,-8.592,202.91873
SOHWZOW12AB017EE95,Marcelo Radulovich,Spirit and Machine,88.648,0,0,3,-12.373,85.15873
SONRQRW12AB01880EC,Antonio Koudele,Track TAKE FIVE,117.298,4,0,4,-14.881,175.90812
SOEKMUY12AB018CB47,John Debney,Porcelain Man,91.249,10,1,4,-32.637,76.79955
SOZVXUQ12AB01832CC,Sonic Subjunkies,Turntable Terrorist,149.853,7,1,3,-10.22,327.73179
SOKEFDU12AB0187D54,Backstreet Boys,PDA,122.988,6,0,4,-5.98,228.38812
SOFGBOY12AB018549F,Lizzy Borden,(Wake Up) Time to Die,107.886,5,1,4,-9.657,371.19955
SOQBKAT12A81C20661,John Stevens,I Only Have Eyes For You (Album Version),244.366,10,1,4,-12.785,245.44608
SOUWPSC12A81C2193E,Eddie Turner,Jody,107.053,9,1,4,-3.879,278.30812
SOQOPQU12A8C134960,Pretty Boy Floyd,Dept. Of Youth,139.947,6,1,3,-13.434,179.48689
SOVXRTG12AC468A7C2,DJ Slugo,Where the Rats 3,160.129,6,1,4,-9.868,287.55546
SOETZNT12A8AE46467,Chris Rodriguez,Turn Around (LP Version),121.101,4,1,4,-5.439,209.52771
SOILAOQ12AB01894C9,Neeme Jarvi,Hary Janos Suite : VI. A csaszari udvar bevonulasa (Entrance of the Emperor and his Court),131.118,8,1,1,-17.382,194.48118
SOSUVCW12A8C13580D,Jack Off Jill,Horrible,177.866,8,1,1,-12.625,149.36771
SOIXENX12A8C134CE1,K's Choice,Another Year,171.648,9,1,4,-11.622,207.56853
SOSPNDI12AB017F769,Los Fabulosos Cadillacs,Noches Arabes,0.0,0,0,4,-15.909,187.0624
SOSLEEL12A8C130C5D,NAZCA PERU,Aurora,147.734,4,0,1,-6.22,159.45098
SOOWFTN12AB0184778,Hatesex,Hatesex (Reborn),126.955,1,1,4,-10.203,376.08444
SOZUVDO12A6D4F7695,The Impressions,Ridin' High,116.122,7,1,4,-7.293,143.15057
SOEXIYD12A58A7D818,Sheila Walsh,Circle Of Hands (For A Time Like This Album Version),88.012,7,0,4,-9.475,332.01587
SOFZNZA12A6D4F8B0D,John Hiatt,Memphis In The Meantime,181.355,9,1,4,-8.626,239.5424
SOOCRIF12AB0181137,Kool Moe Dee,Knowledge Is King,107.905,5,1,4,-16.205,219.76771
SOAJEOO12A8C13A2FF,Carlos Ponce,Decir Adios,84.631,1,0,5,-8.704,269.97506
SOPOHQT12A8C13AFD3,Solomon,Piano Sonata No. 28 in A Op. 101 (1993 Digital Remaster): III.    Adagio_ ma non troppo,90.987,7,1,3,-30.381,150.88281
SOKHEON12A8C13EABE,Desert Dwellers,Pranafestation,86.675,10,1,3,-11.128,406.17751
SOFBETS12AB018BE24,D.A.D.,Sleeping My Day Away [Live],148.856,2,1,4,-9.217,283.16689
SOSAANW12A6D4F7BB8,Brand X,Collapsar,158.578,2,0,4,-27.885,95.76444
SOGBUUF12AB018B87E,Black Eyed Peas,Let's Get It Started,107.199,6,0,4,-5.939,223.03302
SOQHTSH12AB01849EE,Lizzy Borden,There Will Be Blood Tonight,115.418,10,0,4,-3.053,235.65016
SOAVOLU12AB01817A3,The Merry Macs,Sentimental Journey,118.096,3,1,4,-11.897,140.59057
SOIGYUY12A6D4F8A3F,Righteous Brothers,Harlem Shuffle,103.225,3,1,4,-8.602,188.55138
SORDHCR12A8C13EF5E,Pinch feat. Rudey Lee,Step 2 It,139.959,2,1,4,-9.989,260.30975
SODKPKO12A58A79DF7,Casual,I believe,85.652,4,1,1,-12.054,238.31465
SOAFHVH12AAF3B11C8,The Tragically Hip,The Drop-Off,165.224,4,1,3,-3.926,219.89832
SOLXJZP12A8C1352AE,Scott Krippayne,In The Name Of God (Gentle Revolution Album Version),59.17,5,1,1,-14.587,244.87138
SOYIUPV12AF72AC56B,Michael Jackson,Tabloid Junkie,111.132,10,0,4,-6.779,272.71791
SOGKRNG12AB01862A3,Sui Generis,Bubulina,109.305,9,0,5,-14.886,319.00689
SOETVON12AB0181732,Flowin Immo et Les Freaqz,Immonumental,51.714,4,0,4,-6.79,185.10322
SOEJCNS12A8C142BBE,Bebo Norman,Borrow Mine,144.022,1,1,4,-5.174,280.39791
SOYASGU12A6D4F89BE,Photek,Under The Palms,105.085,2,1,4,-15.006,157.3873
SOFXDAO12A6D4FA140,Isabel Pantoja,Limosna De Amores,128.502,4,0,3,-8.361,237.322
SOGCZSL12AB018572C,BigElf,Superstar,120.07,10,0,4,-4.456,225.59302
SOCBMQQ12A8C14447A,Orquesta Sublime,Seis Perlas Cubanas,208.737,7,1,3,-10.501,172.85179
SOBXWEW12AB017FB9B,Juanes,Rebelion,196.106,11,0,4,-5.821,332.5122
SOZVJGT12A8C137370,Bobby Pulido,Mi Alma Esta Enamorada,199.826,2,1,4,-9.433,233.06404
SOBBENR12A8C134234,Mish Mash,Pish Tash,126.785,9,1,4,-11.123,202.68363
SOMBCVV12A8C138D4B,Alex Fong,Hao Lai Hao Qu,162.987,7,0,4,-5.732,191.97342
SOGBUZX12AB0188569,Gustavo Santaolalla,Moving Up,150.028,11,0,3,-17.746,95.58159
SOGVYSA12A8AE47E6A,Isaacs,Did You Ever Go Sailin',103.694,6,1,4,-14.665,194.01098
SOBDCWG12A6D4F832E,Mike And The Mechanics,Nobody's Perfect,97.882,5,1,4,-6.951,283.24526
SOWSZAJ12A67020FFD,Joe Rogan,Tigers Fucking (Spoken Word) (Album Version),83.99,4,1,3,-11.926,356.362
SOOVHAY12A8C143418,In Extremo,Vollmond,110.133,2,0,1,-5.065,297.45587
SOYWUIM12AB01851F1,Who Made Who,This Train (Munk Edit),137.924,4,1,4,-6.743,480.96608
SOVCOGQ12A58A7D0DE,Don Francisco,Give Your Heart a Home,103.584,7,1,7,-15.636,280.73751
SOUHUZR12A8C13E7A6,Mavado,Real McKoy Feat. Busy Signal,125.348,7,1,3,-6.088,211.30404
SOUOETK12A58A7B18D,Doug Sahm Tex Mex Trip,Catch Me In The Morning (Album Version),140.945,4,1,1,-15.016,307.51302
SOXXBFW12A8C13D1E6,Hanoi Rocks,No Comprimise_ No Regrets,126.105,4,1,4,-3.764,240.66567
SOODQDR12AB0181456,Orquesta Sublime,La Vida Eres,134.923,7,0,4,-8.742,185.75628
SOOUUAW12AB0187CFD,Nicola Fasano feat. Paula B.,Missing,84.032,9,0,1,-7.329,220.31628
SOBFOYA12A6D4FB36C,Staatskapelle Dresden/Herbert Blomstedt,Peer Gynt - Incidental Music (2004 Digital Remaster): 4.   In the Hall of the Mountain King,100.005,7,1,4,-19.897,158.92853
SOUXCFT12AB01846C9,Ocho y Media,A la Hora,62.78,9,1,5,-3.638,278.17751
SOILOWM12AB018648D,Atari Teenage Riot,Destroy 2000 Years Of Culture,114.037,11,0,4,-5.054,231.47057
SORURGG12A8C13E8BF,RUN-DMC,Crack,96.686,1,0,4,-6.905,101.74649
SORUIOA12A8C13F7CE,Bill & Gloria Gaither,Stand By Me (Freedom Band Album Version),40.27,3,1,1,-18.34,207.41179
SOJMWFE12A8C139C13,Danny Elfman,Birdies,99.987,7,1,4,-25.368,98.84689
SONFGZA12AB018643D,Otis Spann,Evil Ways,115.38,5,1,3,-23.893,233.63873
SOCCEGY12A8C1455F8,Daniela Dessì,Tramonto Etnico,89.978,10,0,4,-14.767,201.22077
SOLLQVT12A81C208EF,Atman,Distant Voices,91.007,1,0,4,-11.783,268.22485
SOAGUHP12A58A77F2C,Frank Ifield,Give Me Your Word,101.335,6,0,4,-14.712,152.18893
SOFRPEI12A8C13407E,Clara Nunes,Tudo E Ilusao (1997 Digital Remaster),104.709,10,0,4,-12.665,188.44689
SOGCJBR12AB0184C53,Fyah Blaze,Hurry Hurry Baby (Dj Edit),121.407,1,1,5,-6.634,62.92853
SOGOXVK12A6D4F91F9,Gonzalo Rubalcaba,Improv #1,72.071,3,1,1,-24.57,206.00118
SOUDIVN12AF72A07D7,George Lopez,Kids In the Store,83.883,5,1,1,-15.336,261.51138
SOKOYJZ12A8C13FB58,Cam'Ron / Juelz Santana,Losing Weight Part 2,110.57,2,1,3,-6.426,366.05342
SOTJIBZ12A58A79560,Minipop,Fingerprints,160.051,2,1,4,-4.993,163.00363
SOBLFTH12A6BD53D38,Krystof,Star,105.157,0,1,3,-7.016,301.24363
SOCXWVO12A58A7E7C6,Jeff Beck Group,Jody,159.415,0,1,1,-12.569,367.46404
SOJLTEX12AB0184688,Katie Armiger,Love Without Fear,155.926,4,1,4,-6.156,288.28689
SOSRGHC12AB01869E0,The Del McCoury Band,Rain Please Go Away,104.79,11,1,4,-11.68,161.95873
SOOJFIH12A8C142FF5,Mack and Jamie,Goofy Golf,76.125,6,1,1,-21.685,65.95873
SOAWLJU12AB017FF58,F4,Get Back,135.064,2,1,4,-10.432,279.32689
SOWNMUN12AB0188EA9,Dhamika,Peace Prayer,66.691,0,1,5,-17.045,439.17016
SOOCHHF12AAFF4419A,K.T. Oslin,The Legionnaire,192.027,9,1,4,-3.082,250.5922
SOFOYJY12A679D30E3,Taste,On The Boards,161.529,9,0,1,-13.839,362.03057
SOUKYBX12AF72AB35E,Cece Winans,Life,124.332,0,0,4,-7.181,248.99873
SOQQXZF12AB01805D8,Joanna Connor,Meditations,86.475,7,1,3,-15.493,174.602
SOXAXWG12A81C20D97,Ben E. King,You Made The Difference To My Life (LP Version),208.338,4,0,4,-12.652,339.66975
SOXBXWO12AF72A719A,Toots & The Maytals,She Will Never Let Me Down,115.75,5,1,4,-9.969,125.88363
SOHWREF12A58A7EC7F,The LeRoi Brothers,Flash_ Crash and Thunder,121.666,4,1,4,-7.093,126.53669
SOQASQZ12A8C14213B,Hemdale,Pus-Filled Carcass,122.678,10,0,3,-9.329,166.68689
SODQLZO12A8C14308B,Hot Tuna,Death Don't Have No Mercy,116.806,2,1,1,-15.202,375.562
SOBFTUR12AB0184285,Year Long Disaster,Stranger In My Room,166.025,9,1,4,-4.776,222.04036
SOWTLWU12A6D4FC350,Sam Fan Thomas,Sabina,135.458,7,1,4,-12.398,433.42322
SOADNGK12AB017F955,Jimmy Witherspoon,I'm Going Around In Circles,53.672,10,0,3,-12.546,191.9473
SOCBXDX12A8C13EE08,Bob Wills,Bubbles in My Beer,86.197,0,1,4,-15.987,137.42975
SOVIPHT12A8C139E9B,Bacilos,Sangre americana,156.002,10,1,4,-5.047,229.32853
SOQZQVN12A58A7B99D,Jimmy McGriff,Hip Hug Her,105.509,10,0,4,-13.331,272.09098
SOBYHEB12AB01877E6,Dobet Gnahoré,Wigue,142.782,1,0,3,-15.912,46.21016
SOQONHY12AC468A056,Terminal 11 feat. b.b0Nd,In Place Of Love [edit],127.355,1,1,4,-7.769,114.83383
SOYUGSB12AB01865FA,Smidi Beats,Grin'in In Ya Face,139.167,3,0,4,-8.441,190.35383
SOYEJKC12A8C136E3D,Red I Flight,Of Myth And Men (Album Version),92.439,6,1,4,-5.033,259.29098
SOGLAIH12A8C13795D,Headhunter,Are We Mindless?,173.985,7,1,4,-5.068,284.9171
SOYFKLP12AB018C767,Adrenaline,Playing the Role of God,146.879,0,0,4,-5.621,231.96689
SOZNGXX12AB018607B,Shinehead,World Of The Video Game,140.281,10,0,1,-12.955,227.34322
SONHYZF12AB0186F67,3 Steps Ahead,My Mind Is Gone,74.551,9,0,1,-16.459,45.50485
SOOERYW12AB0185A53,Fat Joe,Prove Something (explicit album version),159.499,1,1,4,-3.775,235.17995
SORLYZU12AB017CE89,Sergio Franchi,Arrivederci Roma,90.098,2,1,4,-17.962,203.72853
SOLTTJA12A8C13FC12,Bénabar,Christelle Est Une Ordure,100.312,2,1,3,-14.658,224.9922
SOQJEKO12AB018700E,Cool cavemen,Burlesque burglary,90.267,0,1,4,-4.774,261.8771
SOHVUCD12AB017F5E9,Johnny Osbourne,Mine Yuh Business,85.714,4,0,4,-10.901,209.162
SOKPPXC12A8C13AACE,Roni Size,Encore,87.618,1,0,4,-2.904,268.9824
SOKHSGF12A8AE4775D,Singing Melody Feat. Robyn,Are You Home,97.289,3,0,4,-5.688,213.31546
SOSLBDO12AB018117E,Sneaky Sound System,I Love It [Clubstar Remix],145.032,11,0,4,-6.424,342.02077
SOSBJIU12A8C1345E7,Bally Sagoo,Punjabian Di Chale Glassi,96.043,6,0,4,-12.686,282.25261
SOISHGK12A8AE452B3,Los Titanes,No La Dejes Sola,103.548,2,1,4,-6.453,214.17751
SOVEVEW12A8C13D5A6,Blue Rodeo,Mystic River,121.795,7,1,4,-7.225,251.402
SOVZRDZ12AB0185294,Whitney Cummings,Romance,106.41,6,0,1,-4.429,48.63955
SONUAHI12AC468C21D,Willie Clayton,Unconditionally (Soul and R&B),141.992,6,0,3,-8.681,279.7971
SOJVHYM12A8AE4659A,Justin,Lu Ren Jia,79.098,1,0,4,-9.225,233.92608
SOQOQNQ12A81C21F1B,Nick Cave & The Bad Seeds,Rock Of Gibraltar,158.404,7,1,3,-8.537,180.03546
SOOOUCP12AB0180D5B,Nando Lauria,O Come All Ye Faithful,106.658,10,1,4,-12.928,210.52036
SOLNOMM12A8C132AD8,Charlie McCoy,Blue Yodel No. 1(T For Texas),136.208,4,1,4,-14.807,157.93587
SOEBCQH12A8AE46E5C,Andy Andy,Maldito Amor Featuring Tito El Bambino (Version Urbana),88.578,10,0,5,-6.845,220.49914
SOKJLTF12A6701F927,Danny Wright,Holly & The Ivy (Album Version),111.549,2,1,4,-20.578,239.5424
SOTIXNQ12A58A77E78,Leon Russel,Three Bells / Les 3 cloches,91.289,9,1,4,-14.135,259.91791
SOJTMEQ12AB0188BB7,Ross,I Promise My Heart,135.826,10,0,4,-9.233,68.49261
SOUWVXK12A8C13CAB9,Oak Ridge Boys,Hide Thou Me,65.573,6,1,5,-16.866,192.05179
SOXDVNH12A8C1392C0,Kerson,Melody,125.037,11,0,4,-10.249,396.5122
SOHUKWF12A6D4FA598,João Gilberto / Gilberto Gil / Caetano Veloso,Cordeiro De Nana,113.515,0,1,4,-22.659,77.00853
SOLZFRY12A8C13BDF3,Army of the Pharoahs,Narrow Grave,92.236,10,0,4,-5.995,129.69751
SOEBRRS12AB0184BDC,Jean Gabin,C'est moi le mari,88.915,7,1,4,-10.499,193.27955
SORTPSA12A67ADBFE2,The Beatles,Derek Taylor - Introduction,112.361,6,1,3,-47.664,53.78567
SOAGIPB12AB0181E21,Streetwize,No One,93.001,4,1,4,-8.723,265.58649
SOLAJJX12AB01824B9,Cheo Feliciano,Juguete,165.346,3,1,4,-6.071,269.26975
SOQLGZH12AF729B7CF,Screamin' Jay Hawkins,I Put a Spell on You,130.335,5,0,1,-6.56,211.33016
SOQMNBZ12A81C2301E,Atman,Luminous Bliss,118.058,9,0,4,-8.732,290.48118
SOMBLEC12A6D4F5761,A-Studio,S.O.S.,127.574,1,1,1,-7.625,177.81506
SOYQOTZ12A6D4FCD86,Georges Delerue,Le Théâtre / Bof L'Important C'Est D'Aimer,178.63,6,1,4,-24.953,130.66404
SOCPFPB12AB018C6F6,Bellatrax feat. Tina Cousins,Can't Hold Back,128.006,6,1,4,-7.475,410.90567
SOTKBLS12AB01818BC,Forensics,Boat Day At the Marina,145.521,6,0,4,-7.992,289.98485
SOHFJCZ12CF533CFBB,Ice Cube,Why We Thugs (edited version),99.095,5,0,4,-5.815,224.02567
SOSMXVN12AB01850E9,Bobby Capo,La Luna Enamora - Original,77.788,9,1,4,-10.509,178.25914
SOCWCNX12AB0185027,Sandy Posey,When Will I Be Loved,120.92,4,1,1,-12.892,125.36118
SOBHRGE12A8C13C81D,Ice Cube,Gangsta's Fairytale 2 (Explicit),87.102,6,1,4,-6.353,198.86975
SOKNLLQ12A8C13F42B,US Coast Guard Band,Fanfare For Freedom,120.317,10,1,4,-16.657,106.16118
SOHAXAJ12AB0187327,The Winans,Are We Really Doing Your Will,139.224,0,1,4,-12.515,252.49914
SOFUNMA12AB018636A,Kathleen Madigan,Religion,79.952,8,1,5,-16.007,225.61914
SOMOHHA12A81356D12,Stephan Micus,Contessa Entellina,82.581,8,1,1,-25.395,274.65098
SOTRVOZ12A6D4FB91C,Radney Foster,Again,140.595,0,1,4,-5.384,208.14322
SOLCPUF12AC468E0B3,The Clark Sisters,Drummer Boy,108.584,7,0,4,-8.691,283.0624
SOACOTR12A8C13753B,A Challenge Of Honour,Heiliges Feuer,120.059,9,0,3,-13.459,242.28526
SOBBTBP12AB017CC42,Marisela,Un Amor En El Olvido,84.81,2,1,4,-9.437,200.28036
SOLXEVV12AB0181AB4,Ed Calle,Bar Talk,116.034,5,1,4,-6.803,253.51791
SOIGUEG12AB017DCDA,Johnny Keating & All Stars,Fair Diana,118.617,10,1,3,-13.567,160.31302
SONSNRE12A6D4FA2F7,Boards of Canada,Happy Cycling,100.013,7,0,4,-13.207,472.52853
SOBTSMO12A8C135EDF,MU330,Cursed Again,126.274,0,0,4,-7.554,132.44036
SOKWQCX12AF729F29A,Simon & Garfunkel,Old Friends,149.9,4,1,3,-23.964,130.76853
SOQEYUG12A8C1427A1,Ed Ames,For Me And My Gal,134.56,0,1,1,-11.467,154.30485
SOEGPFZ12AB0180F58,Jah Cure,Freedom,85.731,5,0,1,-6.304,287.65995
SOTYSQF12A8C13E0AA,Nickelback,We Will Rock You,161.909,11,0,4,-5.535,119.7971
SOALDWR12A6D4FAEA3,Ron Goodwin,Personal Tragedy,61.409,7,1,1,-19.995,47.51628
SOEHRVB12A8C1324C3,George Nooks,Better Way Of Life,149.827,7,0,4,-5.641,223.50322
SOKWGBG12AC4685CBC,Willie Clancy,Double Jig: The Rolling Wave,145.635,2,1,1,-11.367,105.74322
SOHSNYO12A8C134B6C,Keb' Mo',I'm Amazing,88.746,7,1,1,-10.981,194.48118
SOPQUHV12A8C143FB2,Bela Fleck And The Flecktones,Frontiers (LP Version),227.48,5,1,4,-20.335,368.53506
SOJQZKY12AB018BEEF,P.o.d,Roman Empire,128.961,2,0,3,-10.012,159.76444
SOYNSUU12AB01838B2,Statues,Urbania,107.892,0,1,4,-8.873,211.01669
SOCUDML12A5829113A,The Jackson Southernaires,Thank You Mama,129.034,7,1,3,-13.795,248.99873
SOEERUL12A8C144976,The Del McCoury Band,Gone But Not Forgotten,170.079,0,1,1,-7.659,188.49914
SONPTCR12A8C14141A,Vivian,Celebration,105.004,5,1,4,-4.373,182.62159
SOYSVCJ12A6D4F91D2,Linkin Park,Pushing Me Away (Album Version),103.129,3,0,4,-4.78,190.30159
SOROCHB12AB0185298,Whitney Cummings,Porn,145.562,10,0,7,-4.314,78.91546
SOYUONX12A58A7A821,Ronnie Milsap,Why Don't You Spend The Night,113.86,2,1,4,-10.415,251.27138
SOMECAL12AF72A464D,David Bowie,Time Will Crawl (Extended Dance Mix),121.842,11,0,4,-11.085,369.13587
SOTFZEZ12A6D4F79CF,The Roots,The Ultimate,94.819,1,1,4,-2.664,237.58322
SOCBIEJ12A8C135CDB,The Flies,All Too Human,95.051,5,0,3,-11.814,222.40608
SOZLLLT12A3F1EA275,EPMD,Mr. Bozack,173.423,6,0,4,-11.498,159.26812
SOCCSCK12A58A7B859,Bruce BecVar,Razamataz,45.43,0,1,4,-12.778,226.82077
SOUJQRS12A6D4F7ADE,Between The Buried And Me,Use Of A Weapon (Album Version),179.406,1,1,4,-5.765,291.39546
SOKRBIR12A8C12FF4B,Deborah Coleman,Confused,127.122,5,1,4,-3.432,209.44934
SOLCWWS12AB0188F42,Dark Fortress,Evenfall,127.817,3,1,4,-3.832,336.16934
SOZTXFU12A8C13F5C0,Time Factory,Fleeting sound,89.335,1,1,3,-6.612,243.56526
SONNWOE12A6D4F8272,Emilio,Hoy,198.118,10,1,1,-13.718,165.27628
SOUOOCR12AB0182781,Ayo,Down On My Knees,182.705,7,0,4,-10.372,240.95302
SOVQQYE12AB0183BD8,Los Auténticos Decadentes,No Sé  Lo Que Hacer,121.834,7,1,4,-9.341,199.8624
SOZGUKP12AB018A2E2,The Germs,Intro,64.259,9,1,1,-16.673,82.9122
SOGWECM12AAF3B477E,Deathstar,Represent,142.253,6,1,4,-5.766,122.56608
SORRBCN12AB017DC63,Donna The Buffalo,Garden Of Eden,130.545,5,0,4,-6.079,231.73179
SONIQTE12A58A7A189,Mindy McCready,Be With Me,88.942,9,1,4,-9.018,231.33995
SOEOJJA12AB018FCCF,Elmore James,Strange Kinda Feeling (Take 4),172.9,5,1,5,-10.985,57.39057
SOSCPDO12AB018395F,Korn,Right Now,210.691,9,0,4,-6.738,185.93914
SOEQLVJ12AB0186D17,Pat Travers,Black Betty,114.083,1,1,4,-8.665,239.0722
SOADLFU12A8C1393FD,Bobby Russell,Jingle Bell Rock,137.959,7,1,1,-14.945,130.71628
SOAEBQL12A8C134E07,Lisa Lisa & Cult Jam (featuring Full Force),U Never Nu How Good U Had It,107.944,6,1,4,-7.311,285.12608
SOHKHWK12A8C134B2C,Sugarman Three,Mulin' Around,135.525,5,0,4,-6.692,200.35873
SOPTEDP12A8C139E74,BT,Knowledge Of Self (Evol Intent Remix),136.897,10,0,3,-6.21,253.07383
SOWARKQ12AB0181960,Gisele MacKenzie,Swinging Down the Lane,121.078,7,1,4,-13.298,178.88608
SOKYYGN12A58A7C856,Faking David,Sex Will Sell,107.303,2,1,4,-8.101,196.54485
SOEARAY12A8C139C21,Eric Burdon,Hook Of Holland,148.142,6,0,4,-9.951,271.64689
SORIAMF12A8C14058D,Geggy Tah,Special Someone,103.046,8,1,4,-9.781,231.54893
SORPIQW12AB0179EA1,Seamus Egan,McDermott's Fancy / Swans Among The Rushes / Chicago / The Swallow's Nest - (jig),61.82,2,1,1,-10.638,277.18485
SOJPOIO12AB0184888,Bumblefoot,Piranha,98.784,2,1,4,-4.793,200.35873
SOCMHUW12A58A7A5A1,Bukka White,Fixin' To Die Blues,107.081,6,1,4,-14.873,172.30322
SONYTNS12A8C1374D9,Foxy Brown / Total,I Can't,97.143,8,0,4,-3.848,287.7122
SODNZDE12AB0184C18,:Blacks On :Blondes,Sublime Control,124.969,11,0,4,-7.085,383.58159
SOGEMEJ12B34F1C5AC,David Gilmour Featuring Richard Wright,Arnold Layne,138.43,2,1,1,-7.204,202.1873
SOQSAOA12A8C1435BF,Schizoid,Strangerhood,175.127,7,1,5,-24.2,244.6624
SOAZIRE12A6702046F,Red Hot Chili Peppers,Venice Queen (Album Version),88.57,0,1,4,-5.278,367.01995
SOVHTEG12AB0188A10,Seven Mary Three,People Like New (LP Version),77.885,9,0,4,-10.133,238.10567
SOQUHIF12A8C131AE9,Irini Merkouri,Oute Mia Fora,160.001,0,1,4,-7.788,237.81832
SOSZDCF12A6D4FCC54,Willie Bobo,It's Not Unusual,113.552,0,1,7,-12.039,139.49342
SOZUSPS12AB018DD52,Johnny Pearson,Running Sabotage,107.93,8,0,4,-14.579,105.92608
SOPDIKM12AB017E911,The Jets & The Sharks & Leonard Bernstein&The New York Philharmonic Orchestra,The Dance at The Gym,111.506,7,1,3,-14.953,185.99138
SORVOHB12A81C24347,Elva Hsiao,Shi Qu Ni,135.778,1,1,4,-6.916,287.92118
SOQGWBX12AB017E456,Alexis HK,Maudits anglois,160.066,11,0,4,-12.215,202.57914
SOXADYA12A8C135E39,Tha Liks featuring King T,The Bubble,89.311,1,1,5,-5.17,251.6371
SOEZUVC12AB0187534,The Family Stand,The Education Of Jamie,122.691,9,0,4,-10.216,413.54404
SORLQLI12A8C1373BB,Buddy Johnson,Because - Part 1,67.176,1,1,1,-10.03,171.38893
SOLLQHF12A8C13FC20,Andy & Lucas,Dios Bendiga,143.855,1,0,4,-3.628,289.12281
SOLVUQB12A6D4F7DF3,Peter Tosh,Soon Come (2002 Digital Remaster),92.643,11,0,4,-7.261,238.23628
SOHMHLN12AC90977FE,Blind Willie Johnson,If I Had My Way I'd Tear This Building Down,164.641,5,1,1,-16.111,189.3873
SONFCKJ12AB0185138,Onesidezero,Awake (Album Version),86.844,11,0,4,-6.036,228.80608
SOXFCPM12AB01896CC,Fito Paez,La Ley De La Vida,124.989,4,0,4,-6.116,273.03138
SOEGTGH12A6D4F7DF4,Wet Wet Wet,Goodnight Girl,93.156,2,1,4,-4.925,257.25342
SOWMYVP12AB017BB47,Lou Reid & Carolina,It's So Hard To Stumble (When You're Down On Your Knees),109.696,4,1,4,-9.063,145.94567
SOBABBA12AC468ADD9,Jacob Young,Print,77.635,5,1,5,-21.498,335.93424
SOLTUPQ12AAF3B2B85,Rhian Sheehan,An Afternoon On the Moon (Jet Jaguar's Remix),98.998,5,0,4,-12.88,200.77669
SOFCKRY12AAF3B2FAF,The Fabulous Thunderbirds,Rainin' In My Heart,110.98,4,0,3,-14.977,221.23057
SOOFGBS12AB017F30A,Leo Ku,Ai De Jie Shi,110.007,4,1,4,-9.801,280.55465
SOVJBXW12AB017FE32,Chris Vickery,Jokers and Thieves,141.868,0,1,4,-9.22,191.7122
SORYDTU12AB0184426,Riviera Regime,Doin' It,93.03,2,1,4,-5.572,275.22567
SONYMCA12AB0184228,Kool Keith,Wanna Be A Star,181.208,9,0,4,-4.224,222.30159
SOCVLYM12A8C13A799,Kanye West / Adam Levine,Heard 'Em Say,95.098,6,1,4,-11.38,204.5122
SOEHCUK12AC468B7DE,Mikey Dread,Hot Cross Bun,132.088,6,0,4,-8.173,193.12281
SOSVKSI12A8C133503,Lou Ann Barton,Please Come Home For Christmas,87.485,3,1,3,-10.733,241.26649
SOIOVSS12AAF3B38A6,Rhian Sheehan,Existing Alone,42.782,1,1,1,-17.549,288.62649
SONGBCL12A8C1410C2,Mario Rosenstock,Paint Ball,84.871,0,1,3,-11.924,199.57506
SOGNRMY12AB01856F8,Alejandro Lerner,Nena Neurótica,140.186,9,1,4,-5.585,199.54893
SOZRNIB12A58A793A3,Cannon's Jug Stompers,Mule Get Up In The Alley,95.227,2,1,4,-16.521,167.88853
SOMFRXG12A8AE48196,The Ghost Of Lemora,Reach For The Ground,136.89,11,0,4,-7.105,208.69179
SOKLCOF12A8C134657,Robin Frederick,Calling Dr Zarkov,119.727,3,1,4,-12.237,272.01261
SOYOFSW12A6D4FA9F1,Y&T,Black Tiger,170.773,6,0,4,-8.112,275.9571
SOOBUUM12A8C13696A,Dolores Keane,Telling Me Lies,114.093,9,1,4,-14.375,229.92934
SOVTPTM12A8C1323B0,Rev. Timothy Wright,I Know A Man,208.51,1,1,4,-6.094,244.74077
SOQLUSG12A8C140BA3,Earl Hooker,Love Ain't A Play Thing,94.1,2,1,3,-14.476,298.91873
SOBVPZG12AC46862C6,Michèle Bernard,Le bar du grand désir,83.116,2,0,4,-12.838,232.38485
SOSRJWL12AB0181C7D,Billy Butler,I'm Gonna Make Her Mine - Original,113.204,4,1,4,-28.107,213.99465
SOKUBQW12AF72AC4E2,Usher,I'll Show You Love,90.199,1,0,4,-7.275,283.89832
SOLTAVH12AB0181CA9,Bob Marley,Small Axe,101.121,11,1,1,-9.715,224.96608
SOIAMVN12A8C13B750,Yodi's,Zélé,84.672,6,0,4,-9.432,300.5122
SOLIQZK12A6D4FB91D,Shade Sheist / DJ Vice / DJ Echo / Damizza,Holla Boyz Outro,180.005,6,0,5,-6.016,88.39791
SOUKQFT12A58A7B3CA,Andy Russell,Easter Parade (1992 Digital Remaster),36.773,7,1,4,-15.413,188.682
SOLLRRJ12AB01889BF,Eddie Cano,Green Fields  (Album Version),126.029,0,0,1,-15.71,152.99873
SOWEKTS12A6310F101,Placebo,Evalia,78.245,6,1,4,-10.942,260.75383
SOEBXBQ12A8AE47F49,David Meece,Gospel Train (LP Version),162.995,7,1,4,-6.429,185.33832
SOIBEXL12A8AE46975,A Tribe Called Quest,Scenario,102.829,2,1,4,-10.086,251.14077
SOOCPDS12A8AE469F0,Kings Of Leon,My Party (Kenna Remix),127.006,11,0,4,-6.205,225.27955
SOPPACU12AB017EA7E,Pentangle,Hole In The Coal,121.884,4,0,4,-17.15,159.68608
SOULUVY12A8C13A6CE,Jaime Urrutia,Suite nupcial (directo Enjoy 07),72.91,2,1,4,-4.316,213.68118
SOVBLDE12AB017F8AF,Cobra Killer,Kick Jump - Part Jump,86.96,3,0,3,-10.672,112.19546
SOZFUSK12AB01827F9,Shaman,Battle Of The Tom Tom,138.001,9,1,4,-10.329,445.77914
SOUHAOT12AC9071AC4,Nicholas,Poaki,180.874,9,1,4,-12.504,152.68526
SOUGIYB12A8C13FBF1,Marvin Sapp,Smile,97.022,9,0,4,-8.299,264.09751
SOLZCDF12AB017DF6B,Tel Basta,I'm Poured Out Like Water,120.349,9,0,3,-12.383,220.36853
SOAXAPU12A67020EF9,Van Halen,"Dirty Movies"" (Album Version)",184.012,1,1,4,-6.635,248.00608
SOZMVGJ12A8AE4565D,Teenage Fanclub,The Sun Shines From You,127.811,8,1,4,-5.013,204.77342
SOWPNGV12AB0189556,Epidemic,Catalyst (LP Version),129.333,2,1,4,-5.192,205.19138
SOCFKOX12A67ADAE95,Dark Fortress,Ghastly Indoctrination,115.37,1,1,4,-7.57,459.33669
SOYMQXY12A6D4FC5BD,Eddie Turner,Rise,91.084,2,0,4,-6.398,306.78159
SOLPJPM12A8C141BDE,Los Chichos,Vuelve Junto A Mi,152.857,5,0,4,-8.707,242.80771
SOELPYX12A8C141731,Birmingham Jubilee Singers,Toot Toot Dixie Bound,81.647,10,1,4,-14.886,184.00608
SOYBKEI12AB018884E,Jimmy Wakely,Midnight Wind,88.314,0,1,7,-13.683,171.4673
SOGJQKY12A58A77A8D,Deodato,Night Cruiser (Album Version),113.52,10,0,4,-13.362,378.09587
SOQZOSE12AB01898B0,Jeff & Sheri Easter,There Is a Way,156.139,9,1,4,-8.17,241.99791
SOTLUIS12AC468BB74,X-Raided,Assisted Suicide 2.5,84.973,7,1,4,-10.069,247.37914
SOKFNSF12A8C13C425,Kary Ng,Lian Ai Tian Chi,90.139,6,0,5,-3.616,188.36853
SOCONYN12A8AE48117,Jeff Beck Group,Ice Cream Cakes,98.087,2,1,5,-13.637,340.34893
SOXODWS12AC4689066,Malina,Shagi po bitomu steklu,153.998,11,0,4,-5.497,239.72526
SOQOPEK12A8C140F49,Mista,If My Baby (LP Version),169.722,1,1,4,-5.2,259.3171
SOHWKRB12AB017EB39,Steve Smith,Better Off That Way,159.621,7,1,4,-7.992,270.99383
SOENTVS12A8C136556,Sugar Minott,Informer,154.585,11,1,4,-5.627,226.40281
SODFRDR12A8C13CAE4,Cedric Gervais Featuring Caroline,Spirit in My Life (Earnshaw's Instrumental),84.676,6,1,5,-10.047,396.5122
SOPMAQD12A8C141E57,The King Sisters & Alvino Rey,The Army Air Corps,100.72,4,0,4,-10.814,163.97016
SOEGATN12A6D4F73B9,Suzi Quatro,Mama's Boy,168.165,4,1,1,-11.314,217.46893
SONMIAH12A6D4F73C1,Humanzi,Anxiety,186.141,7,0,4,-3.853,110.78485
SOBCOUT12A58A7A52A,Gene Latter,Groove It,86.949,4,1,4,-13.135,167.00036
SOXAUES12A8C133821,Billy May & His Orchestra,Tenderly,64.79,1,1,1,-22.729,147.59138
SOPWKOX12A8C139D43,Kings Of Leon,Genius,125.875,7,1,1,-6.538,168.82893
SOOKZLP12A8C13F561,Kurupt_ Rosco_ Jayo Felony & 40 Glocc,She Flock To Me,174.762,10,0,4,-14.922,192.86159
SOGHGOM12A67ADC18F,Christie Hennessy,Roll Back The Clouds,126.488,9,1,4,-15.673,332.69506
SONLIAJ12A8C133459,The Jeremy Spencer Band,Travellin' (Album Version),116.137,4,1,4,-9.1,206.05342
SOWNJJD12A6D4F9E34,The Stooges,Studio Dialogue (#19),100.353,11,0,3,-22.115,43.91138
SOEMYLB12AB0182CFA,Candy Lo,Ji Nian Pin,235.903,0,1,7,-8.951,244.03546
SOHANQX12A8C13C2C4,Flamin' Groovies,Evil Hearted Ada,235.405,4,1,4,-5.24,199.96689
SOVAIXW12AB0184398,Eddie Cantor,That's The Kind Of Baby For Me,122.887,5,1,3,-24.705,145.31873
SOHLAYJ12A58A7EC8D,Marga Gomez,Introduction,104.618,6,1,3,-13.467,26.93179
SOMNUEC12A8C13D9D3,Roberto Roena,Oriza Eh,126.291,1,1,7,-6.648,224.522
SODKEQI12AB018D636,Tum Tum [DJ Drop Mix],Definition Of A Zilla'Naire,159.252,5,1,4,-9.285,87.14404
SOANHCK12AB0182623,Rocio Jurado,Mi Amante Amigo,159.026,9,0,4,-17.172,238.05342
SOCTYAI12AB018E0DA,Salieri,Now everybody's gone,86.55,4,0,3,-20.865,238.81098
SOHIHOQ12AB018A613,Royal S,I.A.I,92.969,2,0,4,-6.29,95.9473
SOGWIBP12AB017E424,Steve Chou,Yang Guang He Xu,131.889,6,1,4,-9.592,270.10567
SOKHLYR12AF72A2F91,The Brooklyn Tabernacle Choir,Everything I Desire,162.987,8,1,4,-11.907,226.66404
SOQSSFX12A8C13424A,Everyday Sunday,Wake Up! Wake Up! (Wake Up! Wake Up! Album Version),151.844,1,1,4,-4.017,168.95955
SOKVBVL12A8C13908F,D.O.W.N.,I Don't Give A F**K,109.659,1,1,4,-7.425,265.66485
SOVCZBS12A8C1354F1,Buckwheat Zydeco,Hot Tamale Baby,124.577,6,1,4,-7.822,246.49098
SOVQONJ12A8C139C4B,Charley Pride,Let The Chips Fall,100.893,0,1,1,-11.943,163.52608
SOPOKQJ12AAA8C650E,Louis Prima & Keely Smith,When You're Smiling - Sheik Of Araby,116.596,3,1,5,-10.937,239.51628
SOXAAEC12AC90710AE,Yami Bolo,The Wonders,166.749,6,1,4,-10.742,234.03057
SOHGMJH12AB0187130,Killswitch Engage,In A Dead World (Album Version),104.939,8,1,3,-3.902,254.45832
SOPBQJF12AC468A49A,Pardesi,Dama Dam Mast Kalander,202.036,0,1,4,-7.071,368.32608
SOZEERF12A58A7C6F6,Andy Griffith,Jesus Walked This Lonesome Valley  (The Christmas Guest Album Version),96.052,6,0,4,-10.239,190.85016
SOJGNFC12AB017DAB8,Crazy Girl,Get Picked Up,91.997,8,1,1,-5.533,323.00363
SOYRCTM12AB01860FA,Les Ogres De Barback,Printemps,148.633,10,1,1,-8.789,189.3873
SOKJNHN12AC46888ED,Memphis Jug Band,Ambulance Man,97.754,10,1,1,-15.963,161.54077
SOIMTOV12A8C135A36,Nelson Ned,La Barca,156.029,2,1,4,-3.892,241.57995
SOJFQQD12AB018353A,Juan Farcik,Laziness,130.007,1,1,4,-13.015,325.85098
SOBZKOB12AB0185B85,Michèle Arnaud,Avec lui,61.994,9,0,5,-10.635,172.01587
SOTAMUT12A8C13757E,Saigon Kick,ICU,110.487,0,1,4,-8.932,233.66485
SOIMGHD12AB0187CD9,Nicho Hinojosa,Tomame O Dejame,159.036,2,1,4,-8.579,183.17016
SOLXQSB12A8C133A2D,Lyrics Born,Over You (feat Joyo Velarde_ prod DJ Shadow),174.293,11,0,3,-4.316,256.13016
SOLXOUI12AC468DBE2,The Refreshments,My Girlfriend's Friend,191.436,7,1,1,-5.95,195.39546
SOHMIIR12A6D223C84,Michael Jackson,Just A Little Bit Of You,110.28,1,1,4,-7.98,192.57424
SOAFKTW12AB018A7A2,X-Raided,Fuckin' Wita Psycho,178.934,10,0,4,-6.644,359.65342
SOUCFFN12A58A7A5D5,The Nelons,Only A Look,107.779,11,1,3,-12.16,237.03465
SOHNLOW12AB01867F8,DJ Nasty,Do It,100.013,1,1,1,-3.786,191.84281
SOPAUNQ12A8C138555,Incubus,Just A Phase,107.922,9,1,4,-8.744,353.77587
SOIVAVN12A6D4F92D7,Irma Thomas,I'm Gonna Cry Til' My Tears Run Dry,183.882,5,0,3,-10.22,146.88608
SOCXMKN12A8C13B075,Ramón Vargas;Vesselina Kasarova;Vladimir Jurowski,Werther - Lyric Drama in four Acts/Act I/Rêve! Extase! Bonheur!,77.235,10,1,3,-18.149,234.26567
SOEHUEK12AB018471E,Sizzla,Love & Devotion,131.868,5,0,5,-6.382,197.48526
SODSHKO12A6D4FB716,King Curtis with Jack Dupree,Everything's Gonna Be Alright (Live Version),158.121,5,1,3,-11.922,329.19465
SOOKSDQ12AB0184DC3,Omni,It Is What It Is (feat. Anton X),240.263,10,0,4,-6.566,479.9473
SOQCWVH12AB0185DA5,Michael McDonald,Losin' End (LP Version),128.835,7,1,4,-22.073,255.32036
SOBOFKI12A8C134832,Orchestra e Coro del Palacio de Bellas Artes Di Cittá del Messico_ Oliviero De Fabritiis_ Maria Call,Atto Quarto: 'La Fatal Pietra Sovra Me Si Chiuse...' (Radames) (Verdi),114.407,7,1,5,-21.08,370.99057
SOFLKBO12A8C14327A,Giuseppi Logan,Bop Moon,104.231,7,1,3,-12.518,454.94812
SOVMXWO12AB0181DC9,Radio Moscow,Broke Down,163.087,0,1,4,-6.83,255.89506
SODGKWB12A8C13F612,Vusi Mahlasela,Amdokwe,120.024,2,1,3,-10.29,250.48771
SOJUPRU12A58A7A5B6,Alacranes Musical,Indita Mia (Album Version),168.144,0,1,3,-5.202,284.1073
SODYLCG12AB018484B,The Roches,Mr. Sellack (Album Version),131.84,2,1,4,-19.514,243.51302
SOJISLN12A8C135408,Tam Tam Go!,Hypnotise The Cat,133.45,6,1,4,-6.55,216.63302
SOLENTG12AB018ADA3,John D. Loudermilk,Nassau Town,133.582,0,1,4,-9.926,123.42812
SOQJZSD12A58A7B143,Tina Ann,Too Late (Orange Factory Extended Mix),135.037,9,0,4,-3.139,395.62404
SOXOUJH12A6D4FC39B,Kraftwerk,Pocket Calculator (2009 Digital Remaster),132.026,3,1,4,-8.801,272.03873
SOUHNGJ12AB0182844,Conjunto Mar Azul,Dime,97.667,9,0,1,-9.062,203.20608
SOKXVOM12AB0182BED,Pumpkin Buzzard,The Buzzard's Back in Town (Live),87.406,10,1,4,-7.477,61.57016
SOEKCXN12A8C13FF8C,Margaret Becker,Look Me In The Eye,141.729,7,1,4,-6.108,193.74975
SOVKTLW12A6310E32D,William Orbit,Harry Flowers,146.389,0,1,5,-20.607,270.94159
SOPHRUQ12A6D4FAE96,Ron Goodwin,The Lull Before The Storm,71.228,10,1,1,-16.333,99.97016
SOYHQFQ12AF72A1440,The Elders,Gonna Take a Miracle,146.053,7,1,4,-6.454,241.05751
SOUMWKR12AB0181548,Stille Volk,Orgasme Tellurique,149.971,5,1,4,-12.685,276.37506
SONLJKK12A8C1425F9,F-4,SAMJHO NA,126.934,5,1,4,-5.983,262.19057
SOPFEVW12AB01821DC,Doug MacLeod,The Sun Shine Down My Way,85.56,2,1,3,-10.516,337.42322
SOJCUFH12AB0186BF1,Jimmy Hughes,Neighbor_ Neighbor,122.152,4,0,4,-6.953,177.26649
SOHAGSO12AB0185C31,Emotion Code,Trace Of Time,119.534,10,1,3,-15.857,319.7122
SOMUYLX12CF58288C9,Stevie Ray Vaughan And Double Trouble,Mary Had A Little Lamb,122.546,8,1,4,-14.373,166.73914
SOJTAUQ12AC4689DD9,L7,This Ain't Pleasure,85.82,2,0,3,-9.429,163.13424
SOFRPUB12A8C1355D6,Ma Rainey,Hear Me Talking To You,103.054,11,1,1,-14.853,183.53587
SOBTTZR12A6D4FB6D0,Bill Perry,Man  On The Side,107.083,9,0,4,-6.623,217.88689
SOBBKHN12AC468BC73,Billy Price_ Fred Chapellier,The wrong woman,118.136,9,1,1,-7.597,280.55465
SOIYTYS12A8C134C86,Angela Dimitriou,Den Mporo Na Figo,129.972,5,0,3,-11.947,99.7873
SOKSASF12A58A7A08B,Ann Hampton Callaway,Skylark,63.134,10,1,5,-17.462,347.79383
SOFJHBV12A6D4F446A,Corey / Shaquille O'Neal,MVP,131.98,7,1,4,-5.228,261.45914
SOEVAMO12AC90716AD,Hatebreed (int License),Between Hell and A Heartbeat [Explicit],82.69,6,1,4,-3.731,174.28853
SORVEEG12A670200D2,Moments In Grace,Broken Promises (album version),145.147,10,1,4,-6.214,195.91791
SOVRIRM12A8C13B476,Connie Smith,I'll Come Running,124.916,4,0,4,-9.089,125.67465
SOPYPCN12A58A7A856,Uphill Battle,Thresh Hold,108.252,7,1,7,-1.545,166.37342
SOCVTUH12AC90978F1,Barbara Fairchild,Boulevard In Heaven,91.739,9,1,5,-8.961,236.56444
SONPLPJ12AC4685296,Orquesta Aragón,Mambo del Beso,131.568,6,1,1,-16.394,182.85669
SODANTC12A8C13438C,Wilks featuring pee wee ellis,Boogie,89.026,1,1,4,-11.302,210.80771
SOCVMHO12A6D4F9C77,Nick Cave & The Bad Seeds,Stagger Lee,153.768,7,1,4,-9.29,315.08853
SOLRPYX12AB0184061,Dave And Ansel Collins,Two Four One,117.157,2,1,4,-14.3,151.84934
SOKYOFO12AF72A2F06,Nine Inch Nails,Survivalism,86.624,9,0,3,-6.787,256.83546
SOKSBCY12AB01814A4,DÉSOLÉ,Provisoirement,77.581,0,0,4,-10.499,145.08363
SOMURVQ12A67AD741A,K-OS,AquaCityBoy,78.971,10,0,4,-5.095,161.51465
SODZLWS12A8C136414,Pascal Obispo,Chlore,139.98,5,0,4,-13.691,231.00036
SOXHGFE12AAF3B1DC8,Bob Sinclar,"Lala Song (Matesi DJ ""Silverstatix""remix",127.932,4,1,3,-6.635,342.69995
SOUPPFT12AB01849D5,John Brown,Sarah Palin {I Wanna Lay Pipe},129.977,0,1,4,-6.562,221.43955
SOMKCIK12AB018D1D2,Buddy Miles,Santa Claus Is Coming To Town,130.173,4,1,4,-6.736,177.52771
SOCFPZG12AB0181461,Tanto Metro & Devonte,Fat Tianne,79.916,4,1,3,-8.148,208.45669
SOAHDEK12A8C13A82E,Mau Mau,Neir,162.134,1,1,4,-7.921,255.55546
SORYFNI12AF72A2B2C,Michael McDonald,Nowhere To Run,128.968,0,0,4,-4.222,195.70893
SOAPLUZ12A6D4F9CD2,Darwin Hobbs,Mercy (Album Version),89.941,7,0,4,-10.44,307.69587
SOYPZQB12A58A776C1,The Black Crowes,Sting Me,97.672,0,1,4,-7.349,348.89098
SORXBDA12AB018553E,Dee Clark,You're Looking Good,111.422,7,1,4,-12.632,133.3024
SOBULBX12A81C22BF0,Cocoa Tea,Cooling Out,99.894,0,1,3,-11.368,241.29261
SOPHPDS12AB018821C,IYOV,I See War,104.928,7,0,4,-4.063,257.4624
SOKGDCA12AC9097667,Claw Hammer,Brother Brick Says,204.066,7,1,4,-6.914,231.28771
SOQTUQL12AB01839D7,Carlos Jimenez,Anita Love's,127.99,1,1,4,-8.232,324.98893
SOADCCE12A6D4FA324,Timo Maas,UBIK The Breakz (feat. Martin Bettinghaus) - Radio Mix,76.57,3,1,3,-18.516,132.15302
SOFBOHT12A58A7C059,Kashief Lindo,If You Think You Are Lonely Now,147.659,3,1,3,-6.68,190.37995
SOXVXGO12AB0180137,The Almost,Little Drummer Boy,163.975,7,1,4,-7.387,187.11465
SONBDBW12AF72A4E6C,Alas,Silencio De Aguas Profundas,77.364,7,0,1,-15.442,628.21832
SOLGUGY12AB01897BE,Sofi Marinova,Studen plamuk,145.924,0,0,4,-4.978,190.17098
SOHDXPG12AAA8C5AE7,Los Ninos De Sara,Lioraras,115.021,6,0,4,-6.195,226.58567
SOEHEFW12A8C143C20,The Gentle Good,Hiraeth am Feirion,85.118,2,0,5,-16.489,400.48281
SOMMLVL12A8C132438,Small Faces,Saylarvee (LP Version),115.745,0,1,1,-14.946,136.88118
SOCYCFF12AB0188824,Jimmy Riley,Conversation,165.67,5,1,4,-7.284,225.802
SOUKPYI12A8C1349EB,Backstreet Boys,The Call,103.997,10,0,4,-2.801,236.2771
SOROPBZ12A6D4FBC75,1. Futurologischer Congress,Die Art von Mann,107.711,9,0,4,-8.166,196.64934
SOGYDSV12A8C142A33,Tom Collier,Eddie's Pad,111.743,0,0,4,-17.325,411.42812
SOOFHNG12A6D4FAB3A,Heavenly,Liberty,175.007,4,0,4,-4.283,327.6273
SOBTTKT12A6D4F8314,Julien Clerc,L'horizon Chimérique,128.549,6,1,4,-8.648,264.93342
SOSEOSD12A58A7CFDC,Los Morros Del Norte,Raza Cristalera,120.129,7,1,3,-7.092,130.76853
SOFTCFD12A8C14546C,Moon Mullican,The Tie That Binds,118.064,0,1,3,-23.461,181.31546
SONTCDQ12AC9072D1A,Helen Love,First Boyfriend,195.026,8,1,5,-6.674,156.21179
SOKPFAL12AC90979AB,Yuko Kanzaki,Seikurabe (Karaoke),89.98,0,1,3,-12.27,145.8673
SOTUNNV12AB01854CD,Moonface,G G Kah,130.07,1,1,4,-11.516,508.60363
SOWTBTR12A6D4F7881,30 Seconds To Mars,The Mission,190.102,8,1,4,-4.675,245.02812
SOSEMEI12A58A7C561,Suicidal Tendencies,Two-Sided Politics,235.337,7,1,1,-7.499,61.83138
SOVJMFO12AB017E9A7,Grace Gale,La Matanza,155.173,0,0,4,-6.533,247.71873
SOHJIJB12AC468829E,King Tee,On Tha Rox,183.437,6,0,4,-6.211,109.13914
SOOOTTC12A8C13279E,Alain Morisod,L'Amour en Heritage,134.254,7,1,4,-19.449,241.65832
SOEPZJJ12A58A7C130,Kassav',Medley Final,134.086,9,1,4,-8.294,655.67302
SOCPSMO12A58A7C691,X,All Over Now,141.846,9,0,4,-6.898,233.22077
SOQWOLC12AB018393D,Sui Generis,Cuando Ya Me Empiece A Quedar Solo,107.592,7,0,4,-16.111,335.33342
SOZYRBU12AB0181196,Eminem,Beautiful,131.955,5,0,4,-7.038,397.60934
SOTRCLJ12AB0182F40,Sunnyland Slim,No More Troubles,108.105,7,1,3,-14.165,344.71138
SOAZHQF12A8C13460C,Stew,L.A. Arteest Café,117.367,4,0,4,-14.023,299.07546
SOQUORP12AB018BD93,Cauda Pavonis,Juggernaut,180.203,7,1,4,-3.697,205.11302
SOEWBVN12A8AE48CB0,Twista,Had To Call (featuring Snoop Dogg & Sleepy Eyed Jones)  (Explicit Chopped & Screwed Version),114.752,0,1,4,-6.945,259.36934
SOQRTCV12A67020430,Geddy Lee,Runaway Train (LP Version),119.953,0,1,3,-5.956,271.46404
SOYLVTU12AB0181B08,Planetakis,Letters to Norway,137.936,0,1,4,-2.019,234.73587
SOLDKTL12AC3DF99EC,Rick Ross,They Know (Remix),121.708,7,1,1,-8.451,105.40363
SOQMMLD12AB017F3CC,Seal,Still Love Remains (Album Version),153.731,5,0,4,-11.918,354.76853
SOAXHCC12A8C14330F,The Fureys,The First Leaves Of Autumn,94.804,0,1,4,-20.975,198.5824
SOWTOPX12AF72A7A17,Jim Jones / Max B,Bright Lights_ Big City,106.756,1,0,5,-6.888,256.39138
SOFLHAS12A8C13851C,Simply Red,Maybe Someday...,83.73,0,0,4,-9.38,258.08934
SOUFQJU12A58A80EAC,Juana Molina,j Uh!,46.867,2,1,1,-19.775,213.26322
SORYMFO12AB0185343,Bézu,Le clair de lune à maubeuge,123.294,8,0,4,-5.772,155.48036
SOGYZOF12A67020D72,David Meece,Seventy Times Seven (LP Version),119.437,9,0,4,-13.474,268.01587
SOCMXKQ12A8AE47D58,Ayo,Life Is Real,122.91,0,1,4,-9.158,534.62159
SOVEIBB12A8C13E5C3,Red Hot Chili Peppers,Snow [Hey Oh] [Live Version],106.575,8,0,4,-4.144,319.55546
SOYDMDZ12A8C13B65F,Mothers Pride,Silence,79.252,7,1,4,-6.155,244.71465
SOGLNWB12A8C142D82,Byzantine,Absolute Horizon,198.016,0,1,4,-5.663,300.01587
SOJFLBP12A81C22DB2,Halfway to Gone,Turnpike,122.624,6,0,4,-5.544,255.42485
SODVGUA12AB017D708,Robben Ford,Spoonful,126.42,2,1,4,-6.626,367.98649
SOCYCOU12AB018E69F,Charlie Cruz,Si Te Dicen Por Ahi,188.502,2,1,1,-3.087,280.45016
SOHNTPT12AB01835EF,Jacques Douai,L'Etang Chimérique,79.003,7,1,4,-18.803,122.46159
SOYLBTJ12A8C13EB1A,The Steeles,On The Road To Emmaus,117.437,2,0,4,-10.447,231.41832
SOBYNHP12A8C13C6AB,Sleepy John Estes,Need More Blues,130.889,2,1,4,-15.163,197.0673
SOYEWDH12AAF3B45CE,Beherit,Werewolf_ Semen And Blood,141.621,8,1,4,-13.213,185.05098
SORMJGW12A8C144638,Bobby Darin,Moritat (Mack The Knife),81.895,1,1,5,-7.54,210.38975
SOBOOXP12A6D4F7F9F,Nick Colionne,If You Ask Me,102.04,8,0,4,-7.114,215.14404
SOFWOXM12A67ADEA89,SNAP!,"Beauty Queen (12"" Spoon Club Mix)",130.286,11,0,4,-9.317,404.37506
SOZLFDW12A8C137028,Elliot Goldenthal,Pickled Heads,140.629,0,1,4,-13.959,305.50159
SOEKSLB12A6D4F56FE,Mercedes Castro,El Capiro,106.083,10,1,3,-8.593,197.09342
SOIKWWB12AAF3B45D0,Marco Beltrami,Revelations,121.28,8,1,4,-28.231,209.08363
SOPIEKE12AB01824E6,Hermeto Pascoal,Little Cry For Him (Chorinho Pra Ele) (LP Version),179.161,0,1,1,-9.349,131.36934
SOTSHSN12AC3DF4046,Jedi Mind Tricks,Silence,96.054,11,0,4,-5.688,205.06077
SODBFUB12A8C140704,Joe Satriani,Just Like Lightnin',197.443,0,1,4,-5.943,300.82567
SOVSWSL12A58A7856D,Michael Stanley Band,Lost In The Funhouse Again,140.654,2,1,1,-12.253,220.05506
SOIAMCP12AAF3B2F72,Uman,The White Spirit,160.048,9,0,4,-16.062,319.08526
SOCSLFL12A6701C69A,John Williams,Escape From The City,151.444,7,1,5,-20.958,229.69424
SOYBQPY12A8C144A7A,The Gentle Good,Cri'r Adar Main,111.537,0,1,1,-12.0,197.19791
SOCOQRG12A8C13C62C,Lauren Wood,Time Zone (Album Version),168.861,1,1,5,-16.137,352.33914
SOBGACN12A8C13E14D,Ray Pillow,We're Together Again,98.015,9,1,4,-13.404,129.12281
SODANIA12AF729BC28,Baby Bash,If Your Na Na Get Wet,155.979,10,1,4,-4.754,309.4722
SOAIURX12A67020F3B,Mariah Carey,Mine Again,131.761,3,1,4,-9.635,241.65832
SOMEGDY12A8C1394D1,Frankie J,Gone,117.844,4,0,4,-6.728,273.00526
SOFZQNM12AB0183C50,George Nooks,No One Knows,85.994,7,1,4,-6.735,222.14485
SOYGOKZ12A58A7C65D,Vangelis,Procession,119.712,4,0,4,-17.629,573.67465
SOXCCHE12AAFF43D5D,Babylon Disco,Multiplayer,89.992,1,1,4,-16.156,181.39383
SOFOSKB12A8C1328B6,Maria Bamford,Vennette,114.597,2,0,7,-10.377,127.16363
SORSZKZ12A8C13FEF1,Rubyhorse,The  First Of The Year,125.898,0,1,3,-13.556,228.20526
SOVPKKS12AC4687684,Tyrone Davis,Ooh La La,104.01,10,0,4,-10.401,194.79465
SOEYPZV12A8C138CCC,Flora Purim,Airto's Jazz Dance,137.823,8,1,5,-14.181,246.67383
SOJYYCA12A6D4F9C1F,THE CHIFFONS,When Summer's Through,113.431,4,1,4,-9.059,156.36853
SOSVAPZ12A58A7E7A2,Marcie Blane,Bobby's Girl (Previously Unreleased Demo - Stereo),140.903,0,1,1,-12.682,143.25506
SOWZTZO12A8C13DD5E,Atman,The Traveller,170.034,8,0,4,-11.613,284.31628
SOJURPV12A8C141B82,Elizabeth Cotten,Freight Train,99.959,2,1,4,-16.678,295.60118
SOTRHHN12AB0188233,Sonora Santanera,Cuando Quieres Tu,104.284,2,0,5,-16.275,167.70567
SOUKTVZ12AB017E93B,Tommy McLain,Let It Be Me,152.294,10,1,1,-21.418,196.38812
SOHKOMM12A6D4F7114,Flor Silvestre,Aquel Amor,130.818,7,1,1,-10.19,207.75138
SOHAFCN12AF72A2AEE,David Lynch,Unicorn,131.292,3,1,4,-13.61,618.23955
SOLECZU12AB017DAAC,Ensiferum,Into Battle,105.05,11,0,1,-5.827,352.49587
SOVLQYZ12AC3DF6BCA,Eluveitie,(Do)Minion,110.018,11,0,4,-4.367,307.69587
SOUPNLN12A58A7CDDF,Dark Party,Active,175.948,1,0,4,-3.542,261.58975
SOBKMDD12A58A7F476,Janet Jackson,Interlude: Livin'...In Complete Darkness,120.45,2,0,5,-19.99,67.10812
SOLYLAQ12AB018A0C1,Janice Vidal,Li Jia Chu Zou,136.887,9,1,4,-9.77,246.59546
SOALUMD12AB0187F8D,Albin Myers,Times Like These,127.923,7,1,1,-8.648,493.29587
SOTGWOK12AB0180413,Hot Live Guys,I'm A Killer,123.087,7,1,1,-3.846,138.13506
SOLXGLN12AB017F58A,Kanda Bongo Man,Djessy,132.27,0,1,4,-12.831,554.68363
SOLYLZD12A6D4FB2F5,Múm,Nightly Cares,95.576,1,0,4,-15.775,249.05098
SOBUVYW12AB0184EC5,Alex,Love Selecta (feat Iffectz & Marwa),127.979,1,1,4,-6.023,247.43138
SOWYEWY12A67020333,Marvin Sapp,Whosoever Will (LP Version),89.726,7,1,3,-14.668,393.09016
SOHVOAF12A8C143ED2,Eluveitie,A Girls Oath,111.127,0,0,3,-14.481,78.18404
SOQBJHP12A6D4F7ED9,Jo Privat,Rossignol Montmartrois (Polka),122.093,6,0,4,-7.828,146.57261
SOFNRTP12AC90717AA,Steel Pulse,Ku Klux Klan,153.052,6,1,4,-6.092,231.49669
SOQMZCQ12A8C1335F0,Keb'Mo',Anybody Seen My Girl,79.151,7,1,4,-15.608,176.5873
SOLTIVF12AAFF43797,Bob Marley,Lively Up Yourself,127.765,2,1,4,-7.236,173.24363
SOIQGXP12A6D4F8C27,Rachael Lampa,I'm All Yours (LP Version),101.905,4,1,4,-2.224,269.00853
SOLREKJ12AF729FF59,Buzzcocks,Get On Our Own,181.421,9,1,4,-11.058,144.77016
SORJPQM12A8C1338BB,David Zinman;Pittsburgh Symphony Orchestra,Concerto for Orchestra (Zoroastrian Riddles) (1996)/3. Adagio non troppo,170.899,0,0,7,-25.895,641.48853
SOMKBNA12AB017BEA1,Rickie Lee Jones,Just My Baby,147.736,10,1,3,-9.785,314.72281
SOJOAOZ12A58A7D7B6,Cece Winans,Because Of You,113.636,0,1,3,-9.915,292.51873
SOVCPGK12AB01894AB,Sofia Karlsson,I denna ljuva sommartid,101.897,0,1,5,-14.863,340.21832
SOWNICQ12A8C132752,Backstreet Boys,Shape Of My Heart,86.693,11,0,3,-5.47,173.5571
SOXEOQW12A58A7DB48,Mystic Rhythms Band,Firedance,140.834,8,1,4,-8.913,206.2624
SOJQNWK12AB0183758,Epitaph,Hopelessly,144.84,7,1,5,-11.017,494.21016
SOUBNYW12A8C1460C3,Rodney O_ Joe Cooley,Let's Have Some Fun,99.612,6,1,4,-11.255,222.24934
SOBYJFO12A8C1365DD,Jerry Goldsmith,The Keys,130.908,5,0,4,-28.19,110.70649
SOZEMUM12A6D4F9672,Alexis HK,Juste Une Fois,96.082,4,1,5,-15.615,98.66404
SOZNYHL12A58A7F979,Steve Erquiaga,Prelude In C Minor From The Well Tempered-Clavier,116.949,4,0,1,-23.966,184.29342
SOJCYES12A6D4F78AE,Robert Palmer,Love Can Run Faster,119.389,11,0,4,-17.664,247.95383
SOKCIOZ12A8C13F625,Sigmatropic,The Blue Side of The Sun,128.006,1,1,4,-8.511,263.57506
SOILAFT12A8C13AE3D,Neon Blonde,New Detroit,139.562,7,1,1,-5.059,170.70975
SOYLCIA12A81C2387A,Soul Ballet,da da Diamonds,106.01,9,0,4,-6.769,224.86159
SOGOOMV12A6D4F6BEB,Milk Inc.,Livin' A Lie (Video Mix),141.008,7,0,4,-6.62,204.25098
SOODLJF12AB017F2EE,Korn,Proud,80.375,2,1,3,-4.347,197.53751
SOXHBWK12A8C133D3D,Mario Piu',Communication (More Mix),133.015,7,0,4,-9.3,355.39546
SOCDQJG12A8C133163,Joy Division,Passover,135.066,10,1,4,-9.663,128.67873
SOYYAKA12A58A7D409,Bob Crosby,Wolverine Blues (Slight Flaw In Master) (1940 Blackhawk Restaurant Chicago),100.317,0,0,4,-14.946,171.85914
SOPGSVK12A8C13CD10,The Frantic,Rock & Roll Renegade,112.09,9,1,4,-5.22,146.15465
SOTWSZN12AB0187523,Ruffneck,C'Est Moi L'BO$$,134.245,7,1,4,-5.411,201.97832
SOJBRYI12A6D4F80EF,Devo,Soo Bawlz,155.26,9,1,4,-11.714,141.08689
SOWHSLN12AB01875F0,Sofia Karlsson,Blåsut,205.16,6,1,1,-10.062,165.69424
SOSSSPO12A8C135F1A,The Perrys,By Faith I Can Touch Him Now,45.709,7,1,4,-8.962,241.44934
SONWBTR12A6D4FCFFE,Shirley Caesar,Wait On The Lord  (LP Version),154.483,8,1,3,-12.411,408.05832
SOXFMSW12AB0186F4F,The Jets,Curiosity,122.954,10,0,4,-9.923,280.65914
SOFPKRM12AC3DF6764,Dolce; Orange Factory,Fire (Orange Factory Dub),202.052,10,0,3,-6.497,419.76118
SONQNPM12A67020A32,Rihanna,Music Of The Sun,85.976,0,1,4,-8.298,235.98975
SOELJKL12A8C13C57C,Tin Hat Trio,Width Of The World,144.012,7,1,3,-12.957,407.06567
SOERWLL12AB0189813,DJ Nasty,Houston Anthem,145.008,1,0,4,-3.586,188.26404
SOAPEEL12A81C21ADE,Bill & Gloria Gaither,Til The Storm Passes By,75.06,10,1,3,-17.452,175.15057
SOJUGKQ12A8C13A83A,Angelo Badalamenti,Dinner Party Pool Music,90.336,1,0,7,-23.476,86.56934
SOEUTRM12AB017E140,Venice,More Than One Love,136.861,4,0,4,-9.236,186.40934
SOJLJIE12AB017E507,Tommy Torres,Pegadito,165.977,9,1,4,-7.492,219.21914
SOJMUAN12AB0183911,Kanye West,Street Lights,125.593,1,1,3,-9.644,189.962
SOTERZM12A8C1394F6,Smash Palace,Death of Me,118.959,0,1,4,-6.672,274.442
SOPAUOJ12AB0188DFB,Natural Elements,More Than Vocals (MTV),107.927,1,1,1,-12.69,246.67383
SOYJTYX12A8C13C5A2,Dakis,Sentimento (Asteri_ Asteraki),111.946,1,1,5,-8.918,210.52036
SOKTKTM12AB0189837,Dave Brockie Experience,Slips Of Paper,138.156,1,1,1,-6.293,126.4322
SOHMYGA12AB017F997,Emotion Code,Mesmerise The Future Part 1,120.066,5,1,4,-17.825,503.48363
SOREZNH12A8C1300AB,Debbie Davies,Backseat Driver,125.05,9,1,4,-5.981,243.30404
SOOGKOY12B34F33114,Matisyahu,Refuge,72.884,4,0,4,-8.702,242.15465
SOYVAAQ12A6D4F8026,Bow Wow Wow,Sex,137.398,4,1,4,-12.324,167.83628
SOBEYJM12AB0189C98,Der Plan,Engel,30.048,11,1,1,-15.429,218.67057
SOKZCJZ12A8C13972F,Sergio Franchi,Oh Little Town Of Bethlehem,78.841,10,0,1,-14.431,165.74649
SOCCXXA12A58A762B2,Ashton Shepherd,Old Memory,45.508,3,1,4,-6.857,260.51873
SOMXCXZ12A58A7B343,Janet Paschal,The Lord Will Go Before You,180.121,6,0,3,-10.204,207.69914
SONCMAJ12AB017A938,Lonnie Brooks,Mama Talk To Your Daughter (take 2),138.386,0,1,1,-9.392,156.21179
SOQHIVV12A6D4FB2BE,I Wayne,Grow Proper,67.606,6,1,5,-5.587,244.32281
SOAOTOX12A58A7C308,Roy Rogers,My Chickasay Girl,101.195,9,0,3,-15.913,146.07628
SOMBWDW12A6D4F7248,Jazzy B,Soorma,156.066,4,1,4,-7.172,411.68934
SOVFCKE12A8C141CF4,Les Ogres De Barback,Flamme & co,131.509,2,0,4,-10.899,404.45342
SOWGAUD12A58A76907,Coffinberry,Welcome To Hell,152.628,4,0,4,-10.427,146.83383
SOMMAVY12A8C1327AF,Janitor Joe,Boyfriend,160.979,7,1,4,-12.114,169.22077
SOLGASB12A58A79460,Young-Holt Unlimited,We've Only Just Begun (LP Version),156.298,2,1,4,-10.095,266.05669
SOYJKEB12A8C138723,Charlie Peacock,Night Won't Last Forever_ The (Kingdom Come Album Version),153.968,0,0,4,-9.64,355.34322
SOGZIDZ12AB017F90F,Brent Lamb,All The Difference In The World,110.0,7,1,4,-10.753,250.38322
SOZEIRC12AB018A634,George Lopez,Memmer?... U Memmer!,126.792,3,1,7,-16.169,211.53914
SOBMHDZ12A58A79364,Rokia Traoré,Koronoko,109.804,7,1,4,-9.784,273.08363
SOGQXFS12A8C138FA1,Vodka Collins,See You Comin',143.095,5,1,4,-5.654,220.52526
SOEFTHD12A8C13EC47,Mastodon,Megalodon,145.997,2,1,1,-7.628,262.89587
SOMCMRN12AC3DF400A,Joe Rogan,Telepathy/Ted Haggard Got Cured of the Gay,134.112,1,1,3,-5.475,179.51302
SOXIBUG12AB018914B,Brenda Boykin,Be My Lover,86.684,1,1,5,-10.235,263.73179
SOCGBIR12A6D4F601E,Tom Cochrane,Washed Away,88.072,5,1,4,-11.415,320.44363
SOPEYTA12A8C1352AB,Erik Berglund,Angel Of Heaven's Gate,64.901,10,0,7,-23.876,371.87873
SOMJNVK12A6D4FC4B2,Red Hot Chili Peppers,American Ghost Dance (2003 Digital Remastered),111.541,0,0,4,-4.818,231.23546
SOFFFRA12A81C2059A,James Newton Howard,Voices,88.662,2,1,3,-28.506,95.50322
SODOKPF12AB01817F4,Faith Yang,Song 2,136.984,10,0,4,-6.223,134.97424
SOSZOXP12A6D4FB9A9,Roger Reynolds,Binaural Presentation - Focus On A Beam Emptied Of Thinking_ Outward...,60.013,7,1,1,-30.14,842.10893
SONRBMW12AB017E52D,Toots Thielemans,Sophisticated Lady,68.326,5,0,1,-16.252,302.62812
SOGELYI12AB01886B1,SOJA,Watch Them,124.771,7,1,1,-9.32,295.49669
SOXZNEF12A8C137AD7,Jim Reeves,I Guess I'm Crazy,91.318,4,1,4,-12.653,145.13587
SOHECOV12AB018D6A2,The Del McCoury Band,Asheville Turnaround,177.945,0,0,4,-9.059,154.74893
SOKMSOY12AB018AF1F,Les Hou-Lops,Pour toute la vie,102.77,5,0,1,-6.779,156.49914
SONUXWL12AB0188E85,Ketty DB,Spacer,129.974,9,0,4,-13.657,203.83302
SOOVAZY12A6D4F8CFC,Jeff And Sheri Easter,Morning's Coming,110.209,1,0,4,-6.604,185.57342
SOMQTWO12AB0183211,Sonic Subjunkies,Backlash,96.972,9,1,4,-11.121,238.00118
SOPWTLC12AB0184E34,Gov't Mule,Broke Down On The Brazos (Album),196.141,5,0,4,-5.856,378.95791
SOKXISM12A8C14335E,Ray Conniff,Popsy,82.752,2,0,4,-9.568,126.58893
SONURCP12A58A784D6,Sir Douglas Quintet,She's About A Mover,85.2,4,1,4,-11.08,193.59302
SOJHUPK12A6D4F69DC,Michelle Tumes,Christe Eleison (Christ Have Mercy) (Center Of My Universe Album Version),107.932,0,0,4,-9.113,189.20444
SOYVWTC12A8C135865,Major Lance,Come See,119.712,6,1,1,-9.379,141.42649
SOMAFMA12AB0182DB4,Bad Azz,Ghetto,121.871,1,1,4,-7.532,255.84281
SOIMJSO12AB0182125,Kitty Wells,This White Circle,105.732,6,1,4,-17.877,172.48608
SOADZHL12A8C13CE75,Defect & Quixotic,WristStraining Order,102.008,9,0,4,-5.136,267.75465
SOJGVAK12A8AE46A93,Mario Rosenstock,Radio Roy II,84.769,7,1,5,-7.018,339.33016
SOZZWBA12A8C13F403,Rockin' Dopsie_ Jr.,Down at the Mardi Gras,104.448,7,1,4,-8.265,205.71383
SOWLAHO12A6701E3D1,Static-X,Love Dump (Demo Version),129.97,1,1,1,-5.051,268.06812
SOBDFTE12AB017ECA9,She Satellites,No-Satellites,185.76,8,1,3,-7.798,149.36771
SOKRRKZ12AB0182EF8,Saman,Roorasty,141.205,7,1,3,-7.807,243.98322
SOJMTNS12AB017DA66,Smart Alex,Chinz Ninja (Rui Da Silva mix),0.0,1,1,3,-10.591,543.58159
SOTEZMZ12A8C138355,OutKast,Call Of Da Wild,177.662,8,0,4,-6.788,366.39302
SOXOMUO12AF72AA7D1,Michael Jackson,Dirty Diana,131.319,5,1,4,-4.843,281.73016
SOXHAHK12A6D4FBEBA,Bukka White,Single Man Blues,87.557,11,1,5,-14.419,342.7522
SOSGLIB12A6D4FB68D,AFS,Mother's Day Part 1,120.984,0,1,4,-13.308,220.08118
SOPQNUE12A8C13DB5A,Jim Reeves,I'd Like To Be,151.73,11,1,3,-12.744,121.73016
SORGAWM12A8C135D4C,Wet Wet Wet,Weightless (Demo),105.95,10,0,4,-8.209,222.69342
SOPRQKQ12A6D4F82CE,Tsar,Conqueror Worm,150.23,9,1,4,-2.588,220.42077
SOFXOIF12AB0182415,Martin Sexton,White Christmas,90.099,3,1,3,-12.031,144.19546
SOZWBQS12A8C13701C,Elliot Goldenthal,Arrows Of The Gods,177.465,0,1,4,-12.671,91.74159
SOZCDMD12AAF3B2185,Dave Valentin,San Juan,125.294,0,1,4,-10.325,262.55628
SOZWTCR12A58A7BA31,Casual,Classic Material,92.571,2,1,4,-5.022,188.05506
SOJIIDB12AB017BC10,Jimmy Burns,Groovin' With Jimmy,138.755,0,1,3,-7.461,211.74812
SOPAKUZ12A8C13F02B,Claire Elzière,Au mariage des Levon-Lecu (Live),90.073,5,1,4,-11.339,152.97261
SOFBLKT12AB018A5E3,Dino,Wonderful Peace,134.279,8,1,7,-22.504,206.96771
SOZTOSX12AC468AD34,Luke Vibert,Mate Tron,125.008,0,1,4,-9.801,420.15302
SOIMZSM12AB0188CB8,Ice,Time Will Tell,111.046,5,0,4,-5.956,285.77914
SOHLATT12AC3DF4D4B,Spiral Stairs,Ladies And Gentlemen,100.088,3,1,5,-22.71,65.51465
SOVOBYK12A67ADD753,Rea_ Chris,E,131.948,9,0,4,-13.018,366.28853
SOEMFLG12CF530D4F6,Scar Symmetry,Deviate From The Form,120.022,3,0,4,-4.136,326.60853
SOKCUMS12AB018D4A0,Tito Puente,Mambo Tipico,146.24,7,1,1,-10.702,180.00934
SORKKTY12A8C132F3E,Silverchair,The Door,91.922,7,1,4,-5.382,213.13261
SOHMWJD12A6D4FAB76,Willie Bobo,Dichoso,80.391,0,1,3,-13.984,197.40689
SOQLWQU12A8C13C87E,Lifehouse,Better Luck Next Time,164.002,1,0,4,-4.176,215.82322
SOVRVBI12A8C13AA09,Carlos Ponce,Todo Lo Que Soy,98.501,5,1,4,-6.804,223.60771
SOPHJIS12AC3DF5FA3,Ricardo Arjona,La mujer que no sone (Album),93.376,0,1,3,-10.208,219.68934
SOSAFCZ12AAFF41CD4,Tyrone Wells,Baby Don't You Change,151.699,1,0,4,-7.825,252.65587
SOAEUQV12AB01813F8,B.B. King,Early In The Morning,151.284,2,1,4,-4.651,237.66159
SOWENLZ12AB017F81F,John Sebastian,Sportin' Life,103.666,0,1,3,-19.944,189.51791
SOTWWLY12A6D4FAF77,Andre Verchuren,Valse Des Montagnes,197.704,5,1,1,-12.187,153.25995
SOZSSCO12AF72A554D,Scar Symmetry,The Three-Dimensional Shadow,110.107,1,1,4,-3.492,237.84444
SOHOZCG12A8C13EB23,Concretes,Souvenirs,89.676,2,1,4,-11.112,204.85179
SOHPTTD12A6D4F6FE6,Izzy Stradlin And The Ju Ju Hounds,Train Tracks,150.404,7,1,4,-10.097,267.65016
SOUQYAU12AB0181058,Don Campbell,Unchain Us,157.897,1,0,4,-6.87,223.29424
SOQJGUH12AB018410B,David Lynch,Carry The Light,166.929,8,1,7,-9.214,214.04689
SOTSVBB12AC3DF9F77,Cotton Candy,Hot Weiners (All The Way),139.026,11,0,4,-8.796,269.7922
SOLCFZV12A8C131BB7,Frank Marino & Mahogany Rush,Down_ Down_ Down,139.499,2,1,4,-8.978,336.79628
SOFLHNX12A8AE4630C,John Wayne,Call The Police,160.663,1,1,4,-9.947,192.70485
SOAKFDN12AB018A37A,The Incurables,Scared,63.359,2,1,5,-10.085,187.97669
SOZFJLR12A6D4FB512,Bert Kaempfert,Don't Go,118.971,5,0,4,-20.282,184.31955
SOSHFFL12A8C13438E,H-Town,She's Actin Bad,167.988,6,0,4,-3.46,249.91302
SOMUQUB12A8C132AD9,Voyager Series,The Harp That Once Through Tara's Halls,71.308,0,1,1,-24.327,103.73179
SOEAYQZ12AB0186BB1,JERRY WALLACE,You'll Never Know,219.298,9,0,4,-14.794,180.50567
SOBGXEU12A8AE45903,Beenie Man Featuring Janet Jackson,Feel It Boy (Deep Dish Danchall Remix) (Feat. Janet Jackson),102.828,1,1,4,-4.475,215.90159
SOATZSD12A8C134212,Georges Brassens,Auprès De Mon Arbre,126.31,1,0,5,-11.242,184.76363
SOHUDTL12AAFF43497,Morgion,Basking Under a Blacksun Dawning,112.063,10,1,3,-7.422,341.68118
SOGZANN12AB018736A,4Him,Freedom,182.247,2,1,4,-10.996,238.49751
SOVDTAP12A8C13FE3D,Wild Horses,Let It Bleed,111.989,0,1,4,-8.527,338.28526
SOPYZWR12AB0187A36,David Meece,Touch My Hand [Remastered],81.404,11,0,4,-13.506,211.17342
SOJBCMD12A6D4F68B5,Freddie King,Hide Away,134.741,9,1,4,-6.615,286.82404
SOCUSNQ12A8C138A86,Danny Wilson,Never Gonna Be The Same,91.256,11,1,1,-11.053,167.13098
SOABPYH12A8C13CC48,Malefaction,Beothuck,84.303,8,1,1,-3.93,34.61179
SOVTAOG12AB018B126,Jope Ruonansuu,Uu-Pee-Ämmät,86.992,2,1,4,-4.762,126.69342
SORWXCN12AB01811BC,Marcie Blane,After The Laughter,102.881,0,0,7,-9.737,139.83302
SOVAZZK12AB018935A,Charlie Walker,That Little Ole Wine Drinker Me - Original,161.533,7,1,4,-17.913,124.76036
SOJXYUF12AB0188969,Slum Village,CB4 (Instrumental Mix),94.495,0,1,4,-7.941,204.38159
SODWYJL12A58A7BCE4,Twista,Pop Pop,100.016,7,1,4,-9.632,163.39546
SOQMFPS12A6D4F76D7,Francis Dunnery,Grateful & Thankful,84.186,7,1,7,-13.095,277.08036
SONMMMW12AB017DACF,Perrey And Kingsley,The Minuet Of The Robots,125.767,7,1,1,-11.382,137.19465
SOZOTQZ12AB0187D9A,Youves,Another Djemba Djemba,134.104,1,1,4,-6.885,100.20526
SOFBRDB12AB017F2C2,Maurice Larcange,Je T'Appartiens,84.133,4,1,4,-12.35,276.53179
SOPESRK12A6D4F8B92,Mau Mau,Paseo Colòn,182.198,10,0,4,-7.613,285.1522
SORIYMI12AB0185013,Cats In Boots,Shotgun Sally,167.142,8,1,4,-5.602,208.79628
SOHIWMN12A8C1315B6,Firehouse,Rock On The Radio,169.866,1,0,3,-10.181,285.3873
SOVXGLT12A6D4F952C,The Panic Channel,Awake,147.975,9,1,4,-3.229,227.99628
SODPMBU12A58A7B076,Chris Standring,Fat Tuesday,111.039,0,1,4,-9.339,256.49587
SONCUSG12A6D4F9316,El Gran Silencio,Recordar Es Vivir,115.005,3,1,4,-6.57,249.25995
SOWMUWV12A8C132F2B,Ismael Dueñas,You do something to me,100.275,5,0,4,-17.495,537.25995
SOQCSHQ12AB0182F0F,The Galactic Heroes,Cherokee,187.323,9,1,1,-10.33,120.86812
SOQORHS12A8C13B8BD,FU-Schnickens,Heavenly Father,102.739,11,0,4,-9.716,276.94975
SOUESGM12A8C136D78,Sonny Terry & Brownie McGhee,Try Me One More Time,108.188,10,1,1,-18.526,182.69995
SOZBDWA12A6D4F7777,Bad Azz,When You See Me,120.716,5,0,3,-5.345,237.7922
SOEGCMJ12A58A7B0E6,Anané,Plastic People (Original Mix),125.016,11,1,4,-5.516,409.70404
SOFMTWO12AB0183C58,Rocker-T,One Million Matches,149.939,1,0,4,-7.253,321.30567
SORBDNB12AAF3B1B4E,Ana Popovic,U Complete Me (Blues Version - Bonus Track),156.948,7,0,3,-7.737,322.66404
SOLJVRY12AB018B60C,Bézu,Viens boire un petit coup à la maison,126.482,6,1,4,-10.696,214.04689
SOIAJRZ12A8C136212,Baby D,Let Me Be Your Fantasy,90.038,7,1,3,-8.029,231.18322
SOTKPYP12A8AE46BBE,Gertrudis,La Nit De Reis,111.953,5,1,4,-6.433,215.562
SOWVIKJ12A8C13CE3C,Emilio,Stuck On Your Love,145.343,7,1,4,-7.453,164.57098
SOJAXBV12AB018263D,Lunasicc,Cheddar Chasin',105.207,1,1,5,-8.4,304.37832
SOQDEXL12A6D4F7004,Juelz Santana / Bezel,Violence,104.99,10,0,3,-3.858,254.51057
SOOVGLE12AB0189FE6,The Fontane Sisters,Seventeen (Digitally Remastered),85.261,6,1,4,-8.688,127.68608
SOTQWRG12AB0188A9E,Tiny Tim,Baby Face,117.236,2,1,3,-14.527,126.69342
SOFYIZF12A81C1FF4E,The Cure,Cut Here,135.038,2,1,4,-8.19,250.85342
SOWZBDU12A8AE48A29,I Nuovi Angeli,Carovana,85.375,4,1,4,-8.456,231.07873
SORBLTE12A8AE47D0F,Jean-Jacques Goldman,La Vie Par Procuration,119.035,9,0,4,-11.326,236.09424
SOMARVB12A6D4FAE82,Eddie Turner,Secret,93.99,0,1,4,-6.41,254.9024
SOHDWYM12A8151AF55,Joshua Rifkin,Fig Leaf Rag  (LP Version),128.251,10,1,1,-25.038,282.09587
SOTZSWX12A8C13BF03,Art Blakey's Jazz Messengers,A Night in Tunisia,144.737,2,1,4,-15.469,670.04036
SOYETRS12AB018A8F2,Paul Glazby,Beautiful,149.864,9,1,4,-8.71,541.51791
SOVAPNH12A8AE46E05,White Heart,Nothing But The Best,99.374,7,1,4,-4.744,222.06649
SOHKJEN12A81C23935,Barbara Lusch,Come On-a My House,171.463,9,1,4,-10.304,214.30812
SOQDFVR12A8C13A3EF,Patti Smith,Wing,146.454,2,1,3,-12.359,293.53751
SOQQHZK12A8C144617,Saga,Believe,101.303,1,0,4,-10.647,294.73914
SOXGTSO12A6D4F8FC4,Gary Hobbs,Soñando En Ti,104.12,9,1,3,-7.917,228.49261
SOSFOAG12AB018C8A0,Vrse Murphy,Cremona (Instrumental),97.015,11,0,4,-5.715,240.5873
SOWFICG12AB0181787,C.C. Adcock,Loaded Gun,116.009,7,0,4,-7.661,168.33261
SOGPDBF12A6D4F7FAB,John Mayall & The Bluesbreakers,Blues City Shake Down,133.072,4,1,1,-5.063,142.15791
SOAIJKC12A8C131D6F,The Fabulous Thunderbirds,Why Get Up,125.676,10,1,1,-9.406,229.8771
SOWMJNZ12AB017E8CD,2 Minutos,Vos No Confiaste,105.498,7,1,4,-5.15,179.09506
SOBGPTR12A6BD548CD,Michelle Tumes,There Is A Redeemer (Your Love Broke Through Album Version),88.023,11,1,4,-10.095,203.78077
SOJQLZR12AB018909F,Luke Bryan,What Country Is,147.904,7,0,4,-4.43,192.44363
SOYJFCZ12A8C137848,Thriller U,Memories,89.675,7,1,4,-12.42,226.32444
SONBHYT12AC468A58B,Alex,Cumpagno 'e cella,98.974,2,0,4,-11.813,298.52689
SOEFBNV12A8C13DF70,Rocio Jurado,Paloma Negra,168.268,3,1,3,-8.238,245.68118
SOGJJMI12A8C133442,Lennie Tristano,317 East 32nd,89.868,7,1,4,-18.203,557.68771
SOUPBKQ12AC4689EB8,Dead Kennedys,Kill the Poor,108.977,2,1,1,-10.133,184.94649
SOKLUBB12AB0182FDA,R.L. Burnside,Over The Hill,95.56,11,1,4,-9.584,257.35791
SONCEJF12AB018581C,Twinkle Twinkle Little Rock Star,Jamming,85.508,11,0,3,-19.488,235.38893
SOQFNLE12A6701F952,Cut Copy,Future,119.562,11,0,4,-8.775,312.08444
SOVWTMN12A6D4F8ACF,Tim Wilson,Naked Enough,137.828,7,1,4,-6.929,164.96281
SOVKFKF12A8C14348A,Salt The Wound,The Beginning,120.502,11,1,3,-8.958,96.65261
SOEQXWO12AB017D68B,The Cars,Drive,111.319,6,1,1,-5.811,234.50077
SOWDZZQ12A670215BD,Van Halen,Can't Stop Lovin' You (Remastered Album Version),117.954,9,1,4,-3.798,248.18893
SOCICGI12AB018AB36,De La Soul / MF Doom,Rock Co.Kane Flow,86.813,10,0,4,-3.684,185.23383
SOXSNIW12AB018681A,Shriekback,Running On The Rocks,157.956,5,1,5,-13.339,297.92608
SOFDNHE12AB0181EF1,At All Cost,These Nest Five Years,135.914,1,1,4,-3.523,220.47302
SOQEDJS12A8C132F42,Mississippi Mass Choir,It Came To Pass (Part II),115.906,10,0,4,-19.174,185.20771
SOTLRMZ12A58A7DED5,Utopia,Magic Dragon Theatre,98.528,0,1,4,-11.865,208.14322
SOKZFPW12A67FFB3C6,The Ruby Suns,Function Of The Sun,42.525,0,1,4,-9.876,70.89587
SOQHAQM12A58A7A25B,Schoolyard Heroes,I Want Your Soul For Christmas,131.83,2,0,4,-6.84,277.96853
SOVQSBI12AB017F0E5,Malkit Singh,Nach Ke VEkha Bhabhiyie,161.543,0,1,4,-8.215,256.57424
SOQHYAX12CF530D50C,Mannheim Steamroller,(Everybody's Waiting For) The Man With the Bag,154.695,7,1,4,-6.894,149.89016
SOCVOFW12A6D227200,Wolfmother,Dimension,141.769,2,1,4,-4.598,260.91057
SOIAZPH12A8C135BA6,John Tchicai,Faroe Cave Song,149.005,4,1,1,-26.7,89.88689
SOCOLNA12A8C131D81,Suicidal Tendencies,It's Going Down,164.925,9,1,4,-5.93,269.81832
SONBIEL12AB018234B,Bert Kaempfert,Cha Cha Brasilia,122.155,0,1,4,-8.817,154.06975
SOBADNN12AAF3B1F5D,ColdWorld,Schmerzensschreie,134.832,2,0,4,-6.164,344.68526
SOSBLBE12AC3DFB104,The Chap,Gimme Legs,120.188,7,0,4,-7.345,213.89016
SOKASNE12A6D4F850B,David Banner,Bush,99.487,6,1,5,-3.737,183.90159
SOHOOXT12A67ADA073,The Rapture,The Devil,119.813,1,1,4,-6.425,277.02812
SOHRHJZ12A8C13A6DC,Paul Cantelon,Mary In Labor,41.133,4,1,1,-22.788,210.54649
SOLEETR12AB018A09C,Ice,Shining,93.937,4,0,4,-5.651,421.61587
SOMRDBW12A6D4F9F07,Richard Lloyd,Number Nine (LP Version),159.081,9,1,4,-10.853,172.77342
SOJSXXC12A8AE47C35,Adam Ant,Friend Or Foe,183.907,9,1,4,-6.267,203.91138
SOWSLLQ12A8C13B3A6,June Hutton,For The First Time,88.95,11,0,7,-15.545,138.34404
SOJOBVT12A6701E062,Rainbow,Can't Happen Here,155.999,0,1,4,-10.915,299.57179
SOQTYFH12A6D4F932E,Marc Et Claude,La (Moonman's Flashover Mix Edit),136.964,6,1,4,-7.993,361.01179
SOQXZYK12AB018668A,Leroy Hutson,Love The Feeling - Original,192.66,5,0,1,-13.575,170.50077
SOLVEAC12AAF3B2DC2,Pee Wee Crayton,Pee Wee's Boogie,97.487,0,1,4,-12.941,164.57098
SOYYBVG12AB018B563,Fläskkvartetten / Thåström,t.k.k.,130.255,5,1,4,-17.379,185.80853
SOSEPUJ12A8AE44C5F,Gabinete Caligari,Caray!,74.884,4,0,1,-4.528,183.87546
SOCKFQR12AB0182EB6,Marc Perrone,La marine,107.728,2,0,3,-9.637,202.23955
SOREJVE12A58A7AD36,Ancient Astronauts,Crescent Moon,136.044,9,0,4,-7.111,330.57914
SOYGZXS12A8C13D614,Basic Channel,Radiance I,71.416,11,1,5,-17.88,811.2322
SOKOFFJ12AB018F6A1,Symphony in Peril,Inherent Scars,100.034,9,1,4,-6.776,245.13261
SOUVKXW12A8C1427AC,Usher,Trading Places,147.979,11,0,4,-4.04,286.77179
SONUJOP12AB018E6C9,Greg Vaccariello,Mom's Phone,74.728,1,1,1,-12.15,133.66812
SOENIVE12AB0187ACE,Wailing Souls,I Am a Rasta Man,130.427,10,0,4,-17.309,213.15873
SOFRPPE12A6D4FAB3E,J.C. Lodge,Dub It,152.516,0,1,4,-13.06,286.6673
SOGJVNZ12AB0185170,Mike Brooks,Woman of Shiloh,139.202,6,0,4,-13.713,132.93669
SOCLCWX12A8C133EC0,Kathy Mattea,The Southern Soldier Boy,96.695,9,1,3,-13.056,156.62975
SOHEGVA12A8C13D81C,This Moment,Bon Demain,116.081,7,1,4,-7.322,213.21098
SOIVCUR12AB018E3A2,Varios,Zurezko Olerkia,100.929,4,1,4,-25.431,168.28036
SOUATZO12AAF3B23A7,The Fabulous Thunderbirds,When I Get Home,133.349,10,1,3,-12.219,287.65995
SOOCZVQ12A8C13C7CE,The Perrys,He's Leading The Way,107.905,1,0,4,-7.792,115.1473
SOSKOHU12AB0184001,Small Faces,It's Too Late,125.295,9,1,4,-5.074,157.46567
SOKLPTD12AC4688044,Enter the Haggis,Widow's Walk,134.819,7,0,4,-10.211,381.54404
SOPLOFR12AB01819B3,The Chi-Lites,Love Of My Life,90.101,11,0,4,-9.588,260.98893
SOCNFBN12AF72A23AA,George Lopez,Memories,118.06,7,1,1,-16.016,153.49506
SOFLOGZ12A8C13C69F,Jerry Lewis,It All Depends On You,124.877,7,1,4,-9.865,142.73261
SOCSXBH12A58A78109,Stephen Marley / Damian Marley,The Traffic Jam,165.886,9,1,4,-8.476,247.17016
SOXCEGC12AB018A0BD,Charlie Khan,Beautiful When You're Green,92.55,6,0,4,-3.976,208.24771
SOVMWTZ12A8C136E39,Red I Flight,Rock Biter (Album Version),120.617,7,1,4,-4.852,179.01669
SOPWMAU12AB017A832,White Heart,Edge Of The Dream (Emergency Broadcast Album Version),162.817,5,1,4,-11.706,273.8673
SOVLTPF12AC46866D7,Jo-El Sonnier,Broken Hearted Side Of New Orleans,145.218,4,1,4,-9.503,194.24608
SOUDAHM12A58A7B19A,Steinski,Hot Spot (Terrible Love Mix),185.325,10,0,4,-12.738,169.97832
SOYTXMF12AB0179B2C,Chuck Wicks,If We Loved,99.124,1,1,4,-5.278,222.01424
SOANXGF12A8C143736,Yahir,Pasa el tiempo,127.469,9,1,4,-8.879,285.28281
SORVORU12AB0183685,Lexi,Dial Me,130.052,8,1,4,-10.258,244.03546
SOBIJGQ12A8C131C8F,Cali,Resistance,127.792,4,1,1,-8.038,156.55138
SOLSRIT12A58A79324,Tommy Sands,Sing Boy Sing,101.324,2,1,4,-18.183,142.99383
SOYNBBT12A8AE46457,Beyoncé,Irreplaceable (Irreemplazable),87.992,10,1,4,-4.883,230.55628
SOIOWYG12AB018751B,DJ Harry,Shadows,181.371,6,0,4,-7.254,309.60281
SOGQPOB12AB0183756,Babbie Mason,Isn't That Just Like God (Medium Key Performance Track Without Background Vocals),141.042,5,1,4,-16.409,236.25098
SOCMXGV12A6D4F855E,Rated R,Shoulda Did,104.993,6,1,4,-3.523,249.75628
SOPPIJK12A8C13EAC5,Diamanda Galas,Vena Cava 8,168.352,11,0,5,-51.643,191.42485
SOYGIBP12A67020AF7,Black Eyed Peas / Terry Dexter,Magic,103.652,7,0,4,-3.574,275.04281
SOKJCDI12A81C22EB0,Beenie Man,Imagination,159.248,5,0,4,-6.171,230.24281
SOTAEIP12A6D4F76A5,Be Bop Deluxe,Between The Worlds,142.88,2,0,4,-11.292,197.82485
SOJDIAU12AB018236E,Rolfe Kent,A Night at Mahmoud's,119.71,7,0,3,-30.22,112.16934
SOYQZID12A8AE48BDA,Nu Flavor,Sprung (Cibola Mix W/ Rap),96.057,11,0,4,-5.426,242.38975
SOCYCRH12A6D4FD333,Maurice Chevalier,La Romance De La Pluie,130.275,5,1,4,-13.379,214.5171
SOTENDL12A8C134BD1,ISRAEL & NEW BREED,Spoken Words by Bishop Joseph Garlington,93.773,4,1,3,-25.26,151.40526
SOJRUHL12A813557F6,P.O.D.,Ya Mama (Palm Springs Demo),125.528,1,1,5,-5.322,188.94322
SOKYUHC12A58A79AD3,Reel Big Fish,Veronica Sawyer (Album),91.463,2,1,4,-4.12,205.87057
SORCHVC12A6D4F7651,Mystery,Faith,171.787,1,1,4,-9.049,216.73751
SOCRBAD12AB0186467,Jacques Douai,Chanson De La Patience,103.12,9,0,4,-22.504,136.75057
SOSFYFN12AB017AB81,Eko Fresh,Et kütt wie et kütt,167.59,1,1,4,-5.172,234.60526
SOQVLPI12AB017F740,Buju Banton,Searching,85.988,2,1,4,-13.139,256.78322
SOCWFQT12AB0188AA1,Jacques Douai,Le Dormeur du Val,77.645,2,1,3,-20.869,189.59628
SOAWDUO12AB0182450,Bill Douglas,Sapphire,192.819,5,1,3,-16.865,273.97179
SOYVXRJ12AB017CDD6,Beyoncé,Ring The Alarm,113.812,9,1,1,-6.295,212.16608
SOFKWBH12A6D4F584E,Alvin Youngblood Hart,Ouachita Run (Album Version),195.223,9,1,1,-18.909,159.39873
SOQDBNE12AB01852A7,Gene Chandler,Rainbow '65 (part 2) - Live,175.028,6,1,3,-14.89,163.29098
SOCJQVA12A8C1388DD,Legacy Five,The Blood Covers It All (Live),69.169,10,1,3,-11.723,286.24934
SOWVZIQ12A8C1433C9,The Del McCoury Band,Led By the Master's Hand,140.9,7,1,1,-9.329,173.97506
SOGEGWE12A8C13E6F0,Christos Dantis,Kenourgia Fotia,126.976,5,1,4,-4.133,246.80444
SOXMCZC12A8C13402A,Walter Jackson; Arranged & conducted by Riley Hampton,Moonlight In Vermont,43.967,8,1,4,-14.094,211.25179
SOOEQOD12AB018D7D3,J Bostron & Beretta,Now U Got It,87.122,6,1,4,-4.962,320.93995
SOMPBTH12A8AE48A8B,Mark Ashley,I've never been so Lonely,129.987,11,0,4,-6.806,198.19057
SOAKZHG12A8AE47669,Cindy Morgan,I Love You (LP Version),112.248,2,1,1,-14.677,158.27546
SOQFVIO12AB018BA75,Deathstar,Decline Of the Western Civilization,140.202,10,0,4,-5.443,229.8771
SOFVXQF12A6D4F82F2,Generation X,Dancing With Myself (BBC In Concert 01/01/81),174.524,1,0,1,-7.46,291.63057
SOUNPTA12AB0183132,Vanessa Daou,Evening,144.975,8,1,4,-11.607,222.04036
SOMUJKH12AB01842E2,Laidback Luke & Diplo,Hey!,126.94,7,1,4,-6.737,315.92444
SOZHDIA12A58A80F93,Joe Satriani,Midnight,83.957,11,0,3,-16.104,185.70404
SOJMLXA12A8C12FB20,Steve Vai,Brother,227.161,5,1,4,-7.269,304.71791
SOUFLXO12A6701DD54,Burning Spear,Civilized Reggae,125.245,11,0,4,-8.01,355.18649
SOGNDRY12AC9075738,The Edgar Broughton Band,What Is A Woman For? (BBC In Concert),59.678,5,1,1,-16.479,588.85179
SOODPLC12AB0182FDE,Aleks Syntek,Otra Parte De Mi (1997 Digital Remaster),120.309,8,1,4,-4.252,232.07138
SOTJEIC12A8C139054,Los Del Rio,Macarena,206.02,10,0,1,-12.005,249.49506
SOJGPVN12A8C136BCF,Wes King,Cover To Cover,118.152,7,1,4,-7.92,233.45587
SOMWQZF12A8C13C27E,Teijo Joutsela and Humppa-Veikot,Kesäilta Saimaalla,120.012,8,1,1,-12.013,159.63383
SONJBDA12AB0183CFD,Moon Mullican,What's The Matter With The Mill,182.408,5,1,4,-18.692,157.49179
SOXYLNP12A58A77347,Jefferson Starship,Let me fly,132.611,2,1,4,-9.864,329.50812
SOPMACA12AB018B52A,Ronny Eriksson,En fet man,111.927,5,0,4,-15.086,208.87465
SOYPQHV12A67ADF698,John Mayall,Now I Got A Woman,147.128,10,1,4,-7.611,264.6722
SOSNIRJ12A6D4FA0BD,Gary Moore,Nothing's The Same,86.321,9,0,4,-20.496,304.95302
SOVYKHK12AC3DF4D3A,Spiral Stairs,Stolen Pills,152.633,6,1,1,-5.677,146.99057
SODYLAQ12AB0181CDC,Attack Attack,Outro,100.03,1,0,4,-20.856,83.98322
SOAXKSW12A8C13E7FA,Gym Class Heroes,Sloppy Love Jingle_ Pt. 3 (Amended Album Version),80.473,7,0,3,-13.12,134.922
SOSNQCC12AB0185B62,Mighty Mighty Bosstones,Patricia,197.213,1,1,1,-9.515,168.85506
SOLIXBU12AB018C389,Twinkle Twinkle Little Rock Star,A Dustland Fairytale,80.003,2,1,4,-19.938,238.52363
SOBYHTZ12A8C13363C,The Booth Brothers,Through The Eyes Of Faith,130.98,0,1,4,-4.071,244.92363
SOIJQYA12A8C1375EF,Vivian Khor,Loves Parting,92.017,8,0,1,-21.533,253.12608
SOZOIKO12A8C133726,Anne Dudley,Still Lost in the Forest,172.223,5,1,4,-19.597,177.44934
SOAFZRZ12A58A7AF39,The Mustangs,So Many Roads,117.044,7,1,4,-9.302,174.57587
SOQGFVA12A8C13AE87,Michael Jackson,We're Almost There,187.427,11,1,7,-9.631,222.37995
SOIVRUS12A8C133164,Marc Shaiman,Blame Canada ( From: South Park ),136.975,0,1,4,-16.079,106.81424
SOBXGEP12AB018E2CA,Paul Simon,A Different Kind of Love,133.884,9,1,4,-7.444,137.40363
SOSDZUS12A8C13AE10,K-OS,B-Boy Stance,97.98,7,1,4,-6.491,238.23628
SOYCYFG12A81C22BA1,Eberhard Weber,Unfinished Self-Portrait,99.556,1,1,3,-27.016,279.06567
SOOSJQN12AB017E4CF,Jimmy Herring,Lifeboat Serenade,124.073,4,0,4,-10.004,359.8624
SOEIJKO12AB0181BE2,The Continentals,Christmas Time,90.245,2,1,3,-7.928,164.12689
SOSCHDW12A8C130FD7,Neil Diamond,Song Sung Blue,127.275,0,1,4,-12.409,172.38159
SORSJPQ12A8C13875A,The Chieftains;Colin James,Cúnla/The Friar's Breeches,114.589,7,1,4,-12.81,218.33098
SOJMXXW12A6D4F9DB3,45 Grave,Party Time,114.135,4,1,1,-12.778,163.26485
SOJDXYE12A8C132D5B,Joe Turner_ Joe Houston_ L. C. Williams,Mean And Evil Blues,70.49,8,1,1,-23.538,171.31057
SOTNYEO12A6D4F98C3,J.B. Lenoir,I Feel So Good,129.583,11,0,4,-7.573,114.62485
SOOPAKJ12AB018AE9F,Screaming Jay Hawkins,I Need You,172.112,8,1,4,-13.142,128.96608
SOASRYN12A8C139FA4,The Sun Harbor's Chorus-Documentary Recordings,Navy hymn,56.958,0,1,1,-18.681,58.46159
SOVSKKV12AB018AB65,Set Your Goals,We Do It For the Money_ OBVIOUSLY! (Demo),203.211,8,1,1,-3.564,52.55791
SOUROPB12A6D4FAC51,Tesla,Gettin' Better,128.262,2,1,3,-10.223,210.28526
SODHPGT12A6D4F781D,Charlie Rich,You Don't Know Me,96.243,3,1,3,-13.505,268.7473
SOVKUWM12AC9097662,Claw Hammer,Warm Spring Night,77.478,4,1,4,-7.669,263.36608
SOCXOGU12A8C1327B3,The Ataris,The Hero Dies in This One,145.711,2,1,4,-4.544,246.85669
SOTMIYY12AAA15FAF8,Sharon Burch,Newborn Blessing (World),114.832,2,1,4,-18.312,193.82812
SOQPENF12A8C13D7D8,The Field Mice,Below The Stars,70.09,7,1,4,-14.064,335.46404
SOUDJJH12A8AE4729A,Taboo,Dab_dab_doo-Party In The Jungle,140.068,0,1,4,-5.266,224.93995
SOOYXSC12A8AE47FDF,Billy Higgins_ Bob Berg_ Cedar Walton_ Tony Dumas,Plexis,69.742,11,1,4,-7.949,451.34322
SOJEOUG12AB018A5D5,Koffi Olomidé,Papito Charme,120.807,6,0,4,-7.441,445.49179
SOQOHSQ12A6D4F80D5,White Heart,Sing Your Freedom,126.153,11,0,4,-8.797,299.36281
SORUKWD12AB018C0CE,Singing Melody,All They Want,166.72,9,1,4,-6.232,221.12608
SOEOYVV12AB018E429,Svartthron,Sparnuotoji Doze. Laukimas,90.126,9,1,3,-9.663,323.60444
SOGRKPG12A58A7ADF7,The Rolling Stones,Around And Around,185.333,7,1,4,-11.553,183.17016
SOUVSFU12A8C139963,The Rongetz Foundation,NY Timbuctu,91.417,1,1,3,-8.977,456.64608
SODTEEH12A8C133B01,Kassav',Loko,97.999,8,1,4,-6.824,335.56853
SOVAIXB12A8C132657,Fall Out Boy,Dance_ Dance,114.535,7,1,4,-3.544,189.80526
SOKSUYL12A6D4F8B74,Bob Marley & The Wailers,Cry On (Acoustic Demo),122.565,4,1,1,-15.193,229.90322
SOCGAOT12A8C138D1C,Claude François,Le chanteur malheureux,134.237,6,0,4,-12.472,197.25016
SOWBVJL12A8AE4720C,Elephant Man,Bruk Out and Wine,125.329,3,1,5,-8.48,155.97669
SOFTSMC12AB017C6BD,The Cate Brothers,Let It Be,147.093,0,1,4,-16.086,223.97342
SOMSXGC12A6D4F962D,Tracy Byrd,Walkin' In,168.849,11,1,4,-9.068,182.33424
SOEFQLO12A8C1362CE,Jean Segurel,Viens Danser Jeannette,135.561,7,1,4,-11.373,172.12036
SOGKRNP12A81C20860,Fran Perea,No me imagino,180.04,1,0,4,-4.556,194.21995
SOEIYJP12A8C143639,Maria Muldaur,It Ain't The Meat It's The Motion (LP Version),137.272,11,1,1,-10.034,181.73342
SOKTRGB12CF533CFBD,Santana,Acapulco Sunrise,93.366,5,1,5,-10.3,153.7824
SOEVJRN12A8C135403,Mustafa Sandal,Iki Tas Corba,170.047,8,0,4,-13.342,227.65669
SOAVMSM12AB017CC5C,Johannes Linstead,Guayabera,115.049,0,0,4,-7.409,294.66077
SOYFZYP12A8C1367D5,Dorothy Norwood,Packing Up,99.113,0,1,4,-6.821,339.1473
SOJZZVE12A58A7999D,Cinder,Mirror (Album),120.122,11,0,4,-4.634,167.26159
SOLPWYZ12A8C1335B0,Fania All Stars,Donde,153.316,8,1,4,-7.136,290.08934
SOEWHWK12A8C14264E,Otis Spann,Must Have Been The Devil,99.463,9,1,4,-13.389,160.83546
SOITKDW12A8C13BA44,Kool Moe Dee,I Go To Work,83.856,6,1,3,-8.762,281.33832
SOHMZNL12A58A8001A,Lee Ritenour,Is It You?,164.594,0,0,4,-9.727,274.72934
SOHLICT12A8C13C8C7,Big John Greer,Bottle It Up And Go,159.939,7,1,1,-7.265,145.73669
SOXODEF12A8C13B056,Jaguares,El Momento,119.09,9,0,4,-9.795,302.8371
SOMEKAE12AB0181461,Oak Ridge Boys,My Saviour Is Lord,105.044,0,1,1,-12.135,125.83138
SOQYWPI12AB017DA10,The Tragically Hip,Country Day,122.926,9,1,4,-5.48,318.87628
SOBSEXG12AB0180DD4,Carman featuring Commissioned & The Christ Church Choir,Let The Church Rise,135.507,7,1,4,-9.464,326.26893
SOXLNHY12AC4688B63,Reni,Nema Dana Ni Meseca,130.027,5,0,4,-2.785,191.52934
SOYDTFR12AB017CADA,Raphael,Cantares,120.101,7,1,4,-6.862,198.86975
SOLKCPC12AB018297F,Sammi Cheng,Sa La Re Wo Di Luo Mi Qu Yu Zhu Li Ye,119.101,10,1,4,-5.597,294.47791
SOTCYJJ12A8AE48915,Fiona,Why,157.759,10,1,4,-8.005,215.06567
SOCCWHX12A8C135B2B,Cargo Cult,Helium,95.995,0,0,5,-7.76,240.09098
SOMCLCK12A8C13B918,Lord Sterling,Poison Lips,141.769,6,0,4,-6.8,315.16689
SOWSEKT12AB0187166,Forensics,I Need To Talk To Hank Hank,137.883,4,0,3,-24.25,415.45098
SOIDEVL12A8C135667,Gerard Lenorman,Soldats Ne Tirez Pas,112.192,11,0,4,-5.53,191.73832
SOXVRIV12AC468E055,Cama,Walk With You,185.981,4,1,1,-5.516,183.562
SOCYTYU12A8C13EA94,Anat Ben David,Robot Kid,110.579,11,0,4,-4.662,132.93669
SOQYYZH12A6701DB2C,Arturo Sandoval,Almendra,139.944,5,1,1,-12.246,271.43791
SOBPTJJ12A8C1347B4,Novika,Mikawa Miya,90.017,0,1,4,-9.655,268.90404
SOEGBQC12AB0182B45,Eldar,Dat Dere,140.608,2,1,4,-17.112,579.13424
SOQQWKC12A8C1449FB,Oldelaf et Monsieur D,Rue de Nantes,127.605,7,1,5,-9.985,249.41669
SOPVFIS12AB01815BD,Eason Chan,Ren Lai Ren Wang,73.438,7,1,4,-14.155,271.09832
SOBVEMI12A8C1403BE,The Fabulous Thunderbirds,Please Don't Lie To Me,148.452,6,1,4,-8.692,127.68608
SOHDWVO12A8C13E740,Hey Colossus,45 Pounds,104.819,5,1,4,-9.711,251.81995
SOINJHA12A8C134C60,Sonora Carruseles,Chela,60.159,8,0,4,-11.079,220.78649
SOQNNUY12A58A7CCEB,Eddy Raven,I Know That Car,105.966,10,1,4,-14.586,201.63873
SONUMYT12A8AE47DEE,Finntroll,Kitteldags,110.972,1,1,4,-5.059,125.46567
SOMSKEY12AC468E52C,Tanto Metro & Devonte,The Story (get It On),87.697,1,1,4,-8.726,209.03138
SOKOMCI12A8C13D445,Bounty Killer,Coppershot,142.749,9,1,4,-8.043,221.70077
SODTYAJ12A8C137FDC,Mobb Deep featuring Nate Dogg,Dump,91.562,6,1,4,-3.813,195.65669
SOMOMXN12AB018AB6B,DJ Spinn and DJ Rashad,Like It's Hot,160.04,6,0,4,-13.306,209.94567
SOMHXPQ12A81C22892,Jose Luis Perales,El Amor,98.679,2,0,4,-10.744,253.12608
SODYZLC12A6D4F7BD3,El Poder del Norte,Negocio Prohibido,171.849,0,0,4,-10.566,223.05914
SOJEJNX12A8AE49441,Tony Matterhorn,Dutty Wine,127.493,10,0,4,-5.953,183.53587
SOJYPGP12AC960DE2A,Story Of The Year,Won Threw Ate,143.837,7,0,7,-3.487,224.41751
SOUTSFS12AB018A18A,Brazilian Tropical Orchestra,Baby,135.894,2,1,5,-16.031,198.32118
SOJHXCE12A8C139B1E,Kisha,Why?,199.917,7,1,7,-4.799,225.38404
SOGYXBI12AB0188309,Ana Nikolic,Sizofrenija(duet Ana Nikolic&Aca Lukas),145.893,1,0,4,-5.402,263.00036
SOGVLDM12AB017F0A2,Tyrone Taylor,Happiness Is Loving You,159.728,4,1,4,-6.536,178.15465
SOTWISY12A8C1431B6,4 Skins,Bread Or Blood (Single),101.962,7,1,4,-9.089,170.52689
SOBEZJB12A6D4FBA4A,Robben Ford,The Champ,114.681,2,0,3,-9.925,312.92036
SOAXZLM12A6D4F7A95,White Heart,Hold On,125.881,1,1,4,-10.383,221.20444
SOXBRRT12A6D4FADBE,Zapp,Rock Star (LP Version),110.444,11,0,4,-11.655,244.53179
SOCLFNX12A8C144A03,Ximena Sarinana,Mediocre (Version original),169.105,1,1,3,-11.689,218.04363
SOYZFQG12AB0180D6F,Busta Rhymes,Taste It,146.971,10,0,5,-7.958,226.32444
SOWKNGW12A6D4F78BD,Fontella Bass,You've Lost That Lovin' Feelin',101.469,5,1,4,-10.269,204.35546
SOUEIEK12AAF3B50EE,Rhinostar,Einfach,89.954,3,1,4,-5.021,206.99383
SOWKPHR12A6D4FAC63,Old Man's Child,Towards Eternity,95.138,7,1,1,-6.748,317.12608
SONAEER12A67020459,Red Hot Chili Peppers,Emit Remmus (Album Version),112.961,0,0,4,-2.267,240.19546
SOUSWBE12A679AE573,Patty Griffin,Moses,95.738,4,1,4,-7.852,208.32608
SOUIJEE12A81C21173,Satan's Host,Infernal Calling,136.474,7,1,4,-3.92,412.1073
SOGXKOP12A58A7FA1C,Aeoliah,For Your Passion My Love,126.976,9,0,4,-15.226,307.09506
SOHUJGR12AB01806C8,Eric Demarsan,Valérie,108.11,3,0,1,-24.436,91.45424
SOBYGMR12A8C136231,Mississippi Mass Choir,Having You There,163.35,8,1,4,-5.743,333.5571
SOPIBKO12AB0183ECD,Space Opera,Awake IV,95.736,11,1,4,-8.601,82.18077
SOSUDUZ12AB017D1A1,Through the Eyes of the Dead,Outro,97.802,1,1,3,-31.982,41.482
SOLCIRZ12AB0182DA4,Johnny Otis,Lovers Lane Boogie,94.961,8,1,5,-15.506,160.60036
SOFNOOH12A8C13FD69,Finest Dearest,Naming Ceremony,121.03,6,0,7,-7.34,299.75465
SOPNPLN12AC3DFA507,Jazz Gillum,Gillum Blues,179.269,0,1,1,-12.455,137.82159
SOFHDYS12AB0184708,Neema,Goodfellas,136.223,6,1,4,-6.697,227.02975
SOZFVSE12A8C13C1C7,Sound 5,Ala Kaboo (Idjut Boy's H-Bar Mix),243.994,2,1,3,-11.315,469.62893
SOJFWTK12A813565DC,Jorgen Ingmann,Oceans Of Love (LP Version),160.451,9,1,4,-8.768,129.01832
SOOBSJA12AAA8C7724,Sean Callery,Jack and Benton,121.153,5,1,4,-29.331,212.84526
SONBXKE12A81C209B1,Jesus Otero - Luny Tunes,Nivel De Mafia,96.024,1,1,4,-5.552,191.76444
SOQKZSN12A58A7BB72,Gran Coquivacoa,Hechizo,137.939,9,1,1,-9.764,188.89098
SOIJEWM12A67ADA08D,Fergie,London Bridge,91.02,1,1,4,-5.93,208.95302
SOUAGDY12A6D4F63CF,The Doors,Strange Days ( LP Version ),121.744,11,0,4,-6.772,186.56608
SOXNSSY12A6D4F9728,Erick Sermon,Safe Sex,197.741,1,0,4,-9.436,223.4771
SOHZWRJ12A8C14081B,40 Grit,A Part Of Me,148.234,11,0,4,-8.951,250.67057
SOOACXX12AB017C8E6,Bob Azzam,Guarda Che Luna,121.649,5,1,1,-5.382,107.31057
SOLGYJO12A6BD55664,Scott Glasgow,Space Station Liberty,77.115,6,1,1,-14.15,222.82404
SOUHWTC12AAF3B419A,Poncho Sanchez,Manteca,221.81,5,0,4,-15.82,350.27546
SOMNYHU12A8C142FB5,Livingston Taylor,Tell Jesus [To Come To My House],153.033,0,0,4,-13.559,285.88363
SOPGMLA12A6D4F4BDF,Papa Wemba,Zero,134.201,10,0,3,-11.73,265.76934
SOUHUYT12A67021546,Fortitude,He's Alright (Album Version),88.025,10,0,4,-6.464,260.46649
SOJQOCV12AB0183CEA,R. Carlos Nakai,In A Distant Place (World),158.152,0,0,4,-22.812,238.13179
SOSLDUO12A8C13F7E0,Onyx,Wet The Club,164.981,1,0,4,-6.305,255.50322
SOESXET12A8C13DFA0,Jennifer Lopez,Por Arriesgarnos,201.792,4,1,4,-10.447,211.80036
SONRFCO12AC3DF6AFB,Joe Grushecky,A Fool's Advice,109.997,11,0,4,-13.54,253.04771
SOXVEFH12AB0187A2C,THE CHIFFONS,One Fine Day,88.808,6,1,4,-8.23,129.67138
SOHCAJI12AB017EF9A,Spitfire,Tanzen,155.056,10,1,4,-3.73,200.09751
SOXCDGN12A8C140A48,Equilibrium,Prolog auf Erden,180.12,2,0,4,-3.901,219.03628
SOJLKPC12A8C13A3A7,Martha Wainwright,Who Was I Kidding,153.396,2,1,3,-10.512,251.16689
SOJDHGS12A6310D85E,The Rolling Stones,Rocks Off,141.808,9,1,1,-8.242,272.43057
SOQJDZH12A67AE0CBF,Ms. Dynamite,Unbreakable,109.287,2,1,1,-8.226,208.5873
SOPNKLV12AB018B51E,Ronny Eriksson,Spritlåten,115.079,5,1,4,-12.417,160.1824
SOQZLAF12A8AE48030,Kat DeLuna,Run The Show featuring Don Omar [en Espanol],104.986,10,0,4,-5.919,213.4722
SOQHUQW12AB0189F4A,Atom,Strikes-3,126.953,11,0,4,-9.36,439.06567
SOEGFSO12AB01846B9,Artie Fishel & The Promised Band,Watermelon Man (What A Mellow Goy),155.329,10,1,4,-7.008,145.76281
SOSCFFU12A8C134C67,Johnny Horton,Got The Bull By The Horns,87.653,6,0,4,-11.011,131.81342
SOADTWR12A8C136DB5,Fat Joe,Words With Fat Joe,172.279,1,1,1,-15.329,37.642
SOHESPW12AB0184D99,Jerry Yan,Pei Chen Pin,125.506,0,1,4,-6.954,277.18485
SORSVFU12A6D4FA6DD,L.A. Guns,Some Lie For Love,133.624,9,1,4,-9.767,215.82322
SOROHXN12AB018704F,Demonbreed,Lifewalk,164.137,8,1,4,-5.028,308.81914
SOHTPZM12A6D4F8716,XLNC,Vaisakhi Wala Mela,187.926,2,1,3,-14.803,241.42322
SOCNJIB12A58A7899B,Champion Jack Dupree With TS McPhee,No Meat Blues,87.062,3,1,3,-10.688,192.15628
SOWHBYK12A6D4F7925,Enrique Iglesias,Si Juras Regresar,141.22,9,1,4,-7.06,263.81016
SOLMOSX12AB01878CE,Britt Nicole,Don't Worry Now (Performance Track In Key Of Db Without Background Vocals),160.015,1,1,4,-13.053,245.81179
SOOIETN12A8C13E1AD,Esa Pakarinen,Lentävä kalakukko,171.876,2,0,1,-15.202,202.86649
SOTQMEG12A58A7B8BC,Claire Hamill,Sidney Gorgeous,122.693,9,1,4,-18.206,116.29669
SOKHOUY12A8C1358E0,The Plasmatics,Summer Nite,119.38,11,1,4,-4.907,286.9024
SOAKDOC12A8C13B1A9,Connie Smith,If I Talk To Him,141.553,10,1,4,-13.232,146.33751
SOXXWIL12AB0182D64,Scalplock,Protagonist (Album Version),110.499,5,0,1,-5.3,66.0371
SORJNBB12A8C14156E,The Grease Band,Willie And The Pig,174.96,9,1,4,-17.604,254.85016
SOWJXCF12A8C13608D,Amy Lambert,Because He Loves Me,108.533,4,1,3,-11.603,288.67873
SOIZXEV12A8C13086A,Torcuato Mariano,Black and Blue,180.191,2,0,3,-11.878,295.02649
SOYQLYM12AB018C099,Dobby Dobson,A True Friend,163.957,9,0,4,-7.303,193.56689
SOBIZOU12AF729E8CA,Baby Bash / Grimm,Changed My Life,89.478,2,1,4,-5.179,231.07873
SOXMPLR12A8C134ED0,Chops,Give It To 'Em,181.747,1,1,1,-3.326,171.2322
SOPFUID12AB018A8F9,Carl Smith,Loose Talk,113.726,2,1,4,-26.045,152.42404
SOKSSEC12AF72A3D89,Rise Against,Intro/Chamber The Cartridge,109.45,8,1,3,-4.504,214.88281
SOBOCZJ12A8C13F619,Martriden,Blank Eye Stare,83.914,0,0,4,-4.701,355.94404
SOSAUKQ12A8C13CEED,Fredi,Laula kanssain,121.117,3,1,4,-10.613,243.722
SOGVORW12A8C13C6E5,Sandy Lam,Wei Liang,98.991,4,1,4,-4.934,213.91628
SOSBYVZ12A6D4FBBF2,Patsy Cline,I Cried All The Way To The Altar,91.637,7,1,3,-9.38,148.40118
SODUMDU12AC468A22B,All Leather,We're Skrewed (Otto Von Schirach My Supernatural Motorcycle Gang Will Knife U Open Piss & Shit All Over Your Organic Starbucks =iPhone Bank Account Lifeless Lifestyle Remix),150.982,8,1,4,-5.282,249.5473
SOKMICL12AC46894B9,D:Fuse,Living The Dream,131.877,2,0,1,-12.982,352.93995
SOOJNDD12A6D4F99E5,Janet Jackson,Hold On Baby,61.878,10,1,7,-32.742,10.34404
SOHYOKJ12AB018B902,Dokken,Judgement Day,124.285,8,1,4,-4.938,242.85995
SOBZGTU12AC3DFB6E8,James Newton Howard,U North,129.113,2,1,4,-30.893,108.35546
SOBTGBJ12A8C1393AB,Daryl Hall & John Oates,Everything Your Heart Desires,99.973,5,0,4,-7.414,299.49342
SODDTOV12A6D4F9167,Bad Company,Valerie (LP Version),127.592,2,1,1,-12.217,208.87465
SOWSNEN12A8AE479B6,Max Steiner,Main Title / The Searchers,144.404,9,1,4,-14.759,94.27546
SOANMOG12A8C13CDFA,Angel Romero,Prelude No. 2 (2000 Digital Remaster),78.281,4,1,3,-30.894,110.05342
SOSHOMP12A8C144BB1,Humble Pie,Lonely No More,120.563,10,1,1,-13.339,193.54077
SOQANLU12A8C142FEF,Gaetano Donizetti,Donizetti: Roberto Devereux: Ah! Ritorna qual ti spero....,122.423,7,1,4,-18.524,164.362
SOLIQUE12A58A78306,Incubus,Warning,161.697,11,1,4,-6.084,291.81342
SOXEYLY12A8AE45DBD,Juliette & The Licks,Shelter Your Needs,156.523,2,1,4,-5.199,241.37098
SOUBCNK12AB017CA1C,Aesop Rock,Limelighters (feat. Camp Lo) / Flunkadelic Interlude,57.332,10,0,1,-8.011,273.60608
SOKTNOK12A8C1340BA,Paul Avgerinos,Gnosis,119.897,9,1,1,-23.03,423.60118
SOILEMF12CF530E512,Phil Collins,You Can't Hurry Love  (LP Version),97.649,7,1,4,-11.813,172.93016
SOHDIVC12A6D4F8DA7,Bangalafumenga,Baile Da Pesada,77.41,4,0,3,-8.239,188.89098
SOJJAKJ12A6D4F951B,Bryan Ferry,Wildcat Days (1999 Digital Remaster),125.978,10,1,4,-7.158,274.28526
SOXIQTE12AC468D65F,Angels,Tulip,102.967,7,1,4,-6.335,221.41342
SODWQBY12A8C13CAF3,Barbara Fairchild,I'll Meet You In The Morning,115.126,8,1,3,-8.596,193.09669
SOOLNAT12AB0185FE3,The Balustrade Ensemble,Crushed Pears,118.311,2,1,3,-24.802,226.76853
SOIRBSI12A58A7A859,Prince,Escape ( LP Version),119.956,4,1,4,-9.754,210.70322
SOVEBOC12CF530D548,Santana,Let It Shine,107.542,11,0,4,-12.896,342.83057
SOSORMU12AAA15E6F2,Diego Verdaguer,Todos mentimos,120.03,6,0,4,-8.368,171.04934
SOPLZYS12A8AE48DE6,Teenage Fanclub,The World'll Be OK,120.271,4,0,4,-8.198,266.89261
SOJMZOQ12AB017ECA5,Cavo,Over Again (Album Version),121.029,8,1,4,-4.044,207.0722
SOPGPJM12AB0186FFA,Bruisers,Never Fall,114.61,2,1,4,-10.352,103.75791
SOALLVR12A8C138417,The Highwaymen,Daughters & Sons,153.04,7,1,4,-11.595,260.91057
SOLIZTL12A8C13A809,Joselito,En Un Pueblito Español,98.096,2,1,1,-5.767,198.76526
SOLNCHC12A6D4FA7AD,Bill Laswell,Slow Murder,137.934,1,1,4,-16.297,347.402
SOPXTAX12A6D4F573B,AFI,Summer Shudder,170.046,1,1,4,-4.183,187.03628
SOBWLUW12AC468F17D,Lil Mz. 313 featuring DJ Rashad,Suk The Blood,160.084,10,0,4,-7.432,231.73179
SOWIXZS12A58A7AB35,Juan Carlos Baglietto,Fui Mujer,120.101,4,0,5,-12.142,262.922
SOYWICF12A8C13BDD7,Hatebreed (int License),Beholder of Justice (Album Version),134.804,5,0,4,-3.856,164.20526
SOUZSKM12A6D4FBFD2,La Portuaria,Explorador,120.006,7,1,4,-8.853,291.13424
SOXCVHC12AAFF429D7,Conjunto Clasico,Mi Suegra,91.871,0,1,4,-10.05,244.74077
SOIBTMP12AF729FC8F,Snowgoons,Been Fighting Devilz,94.146,10,0,4,-6.249,240.45669
SOYJPUH12AF72AB2C8,Warren Barfield,Unleashed,196.13,4,1,4,-6.352,216.81587
SOJHLKF12A8AE47D4C,Ayo,Welcome Into My World,185.89,4,0,4,-11.522,264.56771
SOMEWJW12A8C13F04F,Vitamin C,Girls Against Boys (LP Version),117.198,1,1,4,-6.024,256.83546
SOGACHN12AB0187ACA,Jah Legacy,What is the best,105.985,7,0,4,-8.089,262.21669
SOEYVKP12AB017B847,R. Carlos Nakai,Canyon People (World),157.381,6,0,1,-32.339,276.50567
SOHKZZU12A8C1327EC,Bob Marley,Corner Stone,201.953,0,1,1,-11.575,135.49669
SOCRJDM12A8C139311,Margaret Becker,Cave It In,121.147,0,1,4,-7.329,260.75383
SOGHWUG12A6D4FB3D3,The Cufflinks,Sally Ann,138.425,7,1,1,-15.402,167.00036
SOXIWIH12AB018000D,Rolfe Kent,Bill's Speech - A New Kind of Warrior,92.244,5,1,4,-24.516,100.30975
SOBFRTX12AB018DE14,Dimitri Tiomkin,Villagers Galloping To Battle,84.926,9,0,1,-13.419,192.7571
SOWRNJI12AB018C5C6,Pheeroan Aklaff,Oooh_ Pooh,207.409,7,1,3,-18.379,81.91955
SOAWDUW12AB0183A26,Moraes Moreira,Agradeça Ao Pelô,185.327,8,1,4,-9.832,232.07138
SORMLXW12A58A76039,Olivia Ruiz,Vitrier,241.892,5,0,3,-8.328,252.86485
SOKZLSY12A8C1320E1,Richard Burton,Camelot,112.144,5,1,4,-15.545,149.28934
SOITORD12A6D4F79D3,The Roots,Essaywhuman?!!,74.162,10,0,3,-3.05,315.01016
SOMKTMJ12AB0189ACF,The Pharcyde,Homegrown,130.019,7,0,3,-9.628,138.50077
SOJAWYZ12A67ADE3EC,The Doors,Albinoni's Adagio In G Minor (LP Version),97.035,0,0,3,-13.473,272.45669
SOSOMWG12CF530D54E,Janet Jackson,When I Think Of You,116.195,8,0,4,-11.761,235.41506
SOISIPQ12AB018C2AE,Rick Snel,Metanoia,133.0,1,1,4,-8.744,465.99791
SONWZEA12A6D4F9724,Erick Sermon,Stay Real,97.544,4,1,4,-9.356,235.51955
SOUXGBA12A8C14002E,Chris Brown,So Glad,100.969,10,0,4,-7.098,177.89342
SOAGXBV12A6D4F70BD,Butthole Surfers,Ulcer Breakout,122.125,2,1,4,-3.865,154.85342
SOHRBUD12A8C13A769,Isabel Pantoja,Porque Me Gusta A Morir,163.922,2,1,4,-11.88,317.36118
SOGLABR12A6D4F9585,Soul Asylum,Freaks (Album Version),191.226,2,1,4,-10.294,206.75873
SOJUIEW12AC468957F,Michèle Bernard,Monsieur qui s'engraisse,109.974,7,1,3,-12.882,212.13995
SOPGSMM12A8C139BF7,Raymond Lefèvre,"Générique - ""le gendarme et les gendarmettes",112.445,5,1,3,-9.831,114.99057
SOWNJYB12AB017D17B,Chanta Vielma,Rio Grnade,81.585,4,0,3,-12.652,244.24444
SOBSOLH12A58A7E673,Helen Love,Atomic Beat Boy (Album Version),142.004,3,0,4,-9.699,216.76363
SOUIWLO12AB017CBC2,Undertakin' Daddies,Two Wheels In the Ditch,122.358,7,1,4,-9.269,146.02404
SOJYNQE12AB0186EAB,2raumwohnung,Rette Mich Später (Michael Ilbert Radio Mix),124.992,1,1,4,-5.239,234.34404
SODSOLK12AB018BB66,Papoose,Intro,95.147,1,0,1,-10.951,46.47138
SOXKTIB12A8C14474A,Andy & Lucas,Dime Si Me Quieres,97.786,2,1,4,-4.85,213.52444
SOOWXMG12A8C13D0A7,Plump DJs,Contact 00,138.046,9,1,4,-7.881,348.55138
SOENUXD12A8C139297,Konstantinos Galanos,Oso Ego Kanenas,136.495,10,0,4,-5.019,293.8771
SOQMIMZ12AB018B499,Astrovamps,Monsters In Tinsel Town,145.26,0,1,1,-7.807,235.72853
SOAYZDX12A8C13B9C1,THE CHIFFONS,Did You Ever Go Steady,122.939,9,1,4,-6.863,138.762
SOPAWDU12A58A7CD4D,Jimmy Durante,Amen (Album Version),124.656,10,1,4,-14.751,233.37751
SODBFVM12AB0184A53,Jackie Wilson,I'm Wanderin',108.248,5,1,3,-12.534,160.78322
SOCJHME12A6D4F9867,Raphaël,La Mémoire Des Jours,85.949,4,0,4,-12.924,255.65995
SOKAGKK12A58A7FE14,Intars Busulis,8:00,140.029,1,1,4,-3.698,208.16934
SOFKJOV12A81C21C38,Sao Paris,Jap,129.903,7,1,4,-11.554,279.43138
SOASBOZ12AB018DC23,The Meatmen,Slum Goddess (Originally Performed by The Fugs),149.034,2,1,5,-7.257,218.5922
SOJTBGX12A6D4FBA6F,Quadro Nuevo,Swing Vagabond,105.069,8,1,1,-11.437,272.92689
SOFNXUH12A8C13F06B,Zeca Baleiro,Não Adianta,122.174,2,1,4,-15.145,246.49098
SOTVHNP12A8C1376BF,Alexis HK,Le Diable,116.099,4,0,4,-9.885,167.28771
SONJMCI12AB018B16A,Porcupine Tree,Remember Me Lover (Album Version),132.972,9,1,4,-10.321,454.16444
SOJBGIS12AB017E349,Jimmy Nelson,Little Miss Teasin' Brown,106.964,3,0,3,-9.625,178.78159
SOZNZMJ12A8AE492E6,Jacques Dutronc,Transes-Dimanche,137.119,9,1,1,-8.573,128.33914
SOGALHA12A6D4FD8C3,Less Than Jake,Antidote For The Underdog,120.697,9,1,4,-5.072,147.48689
SODDXCD12A8C1339AB,Deep Forest,Hunting,145.464,1,1,4,-9.314,397.76608
SOATRKY12AB017FBC7,Lollipop Lust Kill,No Answer (Outro),126.747,8,0,1,-16.794,211.90485
SORPBRR12A8C13979C,Hotwire,Not Today,141.741,2,1,4,-4.522,200.33261
SOWFTVP12AB0189B74,The Gufs,Last Goodbye,166.057,4,0,4,-4.297,232.98567
SONISVG12A8C13EB34,Eagles,Last Good Time In Town,115.277,9,0,1,-6.991,427.36281
SORIXFW12A58A77E7A,Basement Jaxx,Jump N Shout Featuring Slarta John (Radio Edit),126.805,11,0,5,-4.984,218.14812
SOIJROX12AB0186787,Prozak,Why??? featuring TECH N9NE & Twista,113.534,10,0,4,-5.534,207.85587
SOPYBNE12A8C1435C1,Mark Wills,That's A Woman,69.222,4,1,3,-11.528,162.37669
SOQAJMX12A8C131F1D,Weirdos_ The,I Want What I Want,139.913,11,0,1,-9.4,161.27955
SOCOPFT12AB017FC06,S.U.P,Back From The Garden (Live),147.983,0,1,4,-10.849,320.02567
SOYACST12AB0182EDE,Tree,Try,101.409,0,1,4,-7.971,172.90404
SOQLLHX12AF72A3586,DAVE MATTHEWS BAND,The Space Between,85.141,6,0,4,-5.21,293.66812
SOFQHNI12AB018345A,BT,Ver de Feliz,110.002,8,1,4,-17.729,311.90159
SOHAJBB12A8C145F43,Goldfinger,Get By (Disconnection Notice Bonus Track),151.036,7,1,4,-4.985,191.29424
SOIXWTG12AB01875CC,George Jones,Still Hurtin',158.955,9,1,3,-7.854,124.29016
SOKDGEX12A6D4F6537,John Berry,She's Taken A Shine,118.096,10,1,4,-9.612,221.88363
SOTUHSG12A8AE474EA,John Williams,Bach Suite No. 1 In G Major (Gigue),117.971,11,0,1,-26.589,115.12118
SORWSBE12A58A7CA8D,Abijah,The Rock,119.029,8,1,4,-9.787,283.68934
SOYXBLH12A8AE45E74,Agnostic Front,Undertow,110.791,4,0,5,-5.439,179.09506
SOBKGSR12AB0184A57,Sick Of It All,Death Or Jail,113.198,10,1,1,-2.388,171.07546
SOMUWHH12AB0188A46,Très,Color of Seasons,125.983,1,0,4,-10.868,430.0273
SOTFQLY12A8C13AD51,Kenny G,Don't Make Me Wait For Love,84.825,4,0,4,-12.853,285.98812
SOGYLEI12AC4689F43,Shirley Caesar,Cornerstone,103.8,8,1,3,-5.74,314.30485
SOZXZIL12AB0189931,Kevin Burke,Brendan McGlinchey's Reel (Splendid Isolation) / Sweeney's Buttermilk (medley),214.424,9,1,3,-17.604,149.39383
SOCVPCD12AB018E260,Sean Quinn,Skyline,111.442,2,1,4,-11.743,217.52118
SODPOTV12AB0187285,Nicola Fasano feat. Paula B.,Missing,126.282,9,0,4,-9.462,218.27873
SOFHNRX12AC3DF678C,Oscar Pettiford,Judy's Jaunt,144.49,7,0,4,-14.36,151.92771
SOXLPKH12A8C13E7FC,Fuel,The Name Is...,190.631,7,1,4,-7.128,159.42485
SOTCFPV12A8C13CE08,Marc Lavoine,C'est La Vie,122.503,3,1,4,-10.322,224.39138
SOHOXPI12A81C21566,Frederick Knight,I've Been Lonely (For So Long),96.534,7,1,1,-8.482,198.81751
SOUHJKU12AB017DF67,Radiohead,Stop Whispering (US Version),122.428,2,1,4,-14.748,250.8273
SOGOPDF12A8C1356A9,Phantom Planet,Leader (Album Version),179.51,4,0,4,-4.373,169.84771
SOJONVF12AB01866C3,Mario Rosenstock,The Best Of Radio Roy 1 (Best of 2009),81.65,1,1,5,-9.279,195.70893
SOAQVPX12AB017F938,Russ Morgan,I Heard You Cry,142.657,2,0,4,-19.61,145.76281
SOIWOPZ12A8C135EBA,Aerosmith,On The Road Again,148.358,11,1,1,-11.719,217.23383
SOXFPBO12A8C13BBBF,Hoods,Another Lesson (Album Version),118.947,6,0,1,-6.351,143.5424
SOJFJVJ12A8C139F83,Grand Funk,Please Me (24-Bit Digitally Remastered 02),114.934,2,1,4,-5.791,217.73016
SOZKXKY12AB018039F,Carl Doy,Wave,147.51,9,0,1,-17.08,233.58649
SOUOQFE12A8C13C240,Mothers Pride,Your Bad Heart,89.881,9,0,4,-6.318,187.92444
SOQIBCH12A8C142CE5,Geier Sturzflug,Und die Zeit vergeht,160.24,7,1,4,-6.051,231.96689
SOBYVWD12AB0185ACD,Workhorse,Serus,122.858,0,1,1,-6.581,349.6224
SOFVXXK12A8C135404,Knack,Everything I Do,150.08,2,1,4,-6.467,230.71302
SOAWAPM12A6D4FB56A,Deep Puddle Dynamics,June 26th_ 1999 - Slight,177.876,1,1,4,-5.756,353.07057
SOGMOAM12AB0189876,Zebra,Take Your Fingers From My Hair  (LP Version),138.831,2,1,4,-10.155,441.52118
SOEFIPZ12AB01836DE,Naseebo Lal,Dang Pyar Da ,87.03,9,1,3,-13.749,247.562
SOSLDZO12AB0186A26,The Irish Rovers,Green Grows the Laurel,165.53,7,1,3,-11.518,240.32608
SOLSWGZ12AB0183E38,A Tundra,The Doug McComb Over,177.958,2,1,3,-9.698,271.3073
SOXHJSF12A8151C96E,Juana Molina,Micael,123.278,7,0,3,-12.055,183.64036
SOFKRIR12AB017CFE4,Hank Penny & Sue Thompson,Walkin' In The Snow,140.151,3,1,3,-14.441,119.58812
SOFNMLB12AB0183FF8,Jeff And Sheri Easter,Praise His Name (Low Key-Studio Track w/o Background Vocals),122.023,1,1,4,-13.04,279.84934
SOZFJWK12AB01852DC,JennyAnyKind,Didn't You Notice,117.416,7,1,4,-5.536,251.01016
SOXPMCW12AB017D2D6,Winds Of Plague,Soldiers Of Doomsday ,140.238,2,1,7,-3.263,246.04689
SOJRKRL12AB018C221,Al Duvall,Dark Inside,118.029,6,0,4,-12.287,167.28771
SOOMSZH12AB0189A6F,Johnny Osbourne,Folly Ranking,136.72,0,1,1,-13.637,202.03057
SODPMFZ12A8C135E5A,Britt Nicole,Good Day,132.021,1,1,4,-3.092,203.78077
SOOJGLP12A58A78410,Tyrone Taylor,Midnight Hour,81.936,10,0,3,-9.58,224.65261
SOGOISU12AAF3B27B1,Poncho Sanchez,Co Co My My,211.806,5,1,4,-12.995,307.09506
SOOBOKE12A8C136227,Dead Kennedys,The Man with the Dogs,223.62,5,1,1,-4.058,182.04689
SOUOWOU12AC3DF4CB6,Modern Lovers,She cracked,142.857,7,1,4,-12.502,260.62322
SODIWEO12AB018479E,Paul Taylor,Apogee (ft. TechTonic),144.005,11,0,4,-7.49,453.58975
SOFZBXX12AB0181731,Los Auténticos Decadentes,Que Vas A Hacer Conmigo,133.821,0,1,4,-5.634,205.37424
SOIXEBH12A6D4FD17E,Atreyu,The Remembrance Ballad (Album Version),151.64,0,0,4,-4.6,267.17995
SOCLDAW12A8C144BEC,Luiz Bonfa,Santeleco,194.099,2,0,4,-15.263,141.40036
SOFLBQJ12A8C1334BF,Shelly Manne,Get Me To The Church On Time,121.871,7,1,3,-18.623,255.39873
SOAFHVT12A8C141A9F,Washboard Sam,Washboard Swing,95.666,0,1,4,-14.727,184.78975
SORZHJO12A8C1338F3,Amil,Anyday,165.967,0,1,4,-8.183,248.5024
SOVKZIU12AB0180A2D,Skeeter Davis,Am I That Easy To Forget,120.689,11,1,3,-12.945,125.77914
SONJBUC12A6D4F92A2,DJ Godfather,Intro,97.075,1,1,7,-14.853,53.21098
SOQGLWB12AF72A632B,Thrice,The Earth Will Shake,126.947,9,0,7,-9.458,329.7171
SOJXNPU12A8C13170B,Fehlfarben,Magnificent Obsession,122.754,2,1,4,-8.978,291.13424
SORGLXE12A8C1355FF,The Real Kids,Some Love Like Yours,124.616,4,1,4,-8.549,256.15628
SOOQCSS12AB0182A99,Andres Calamaro,Un vestido y un amor (en vivo),76.908,4,1,7,-10.747,271.59465
SOBYWCK12A58A7C5C0,Hey Colossus,The Book of Disquiet,84.518,9,0,4,-10.017,420.07465
SOQDQTD12A8C145BE5,The London Pops Orchestra,Moon River,92.26,5,1,5,-22.102,162.0371
SOAEAQO12AB0184ACE,Goatwhore,Gravedom,113.557,1,1,4,-8.644,205.63546
SOOPVJI12AB0183957,Snow Patrol,Just Say Yes,107.998,9,1,4,-5.519,284.1073
SOBHMQL12A67ADE30A,Inspiral Carpets,Commercial Reign,113.608,2,1,4,-4.422,283.32363
SOKUJAQ12A8AE46C1B,Eric Burdon,Ghetto Child,86.833,2,1,3,-11.164,318.37995
SOQMRDA12AB018A86C,Kruger,Peyte Pivo Pennoe (present for A. Trofimov),154.637,8,1,4,-6.305,181.15873
SOMBYVD12AB01884BE,Albert Préjean,Dede De Montmartre,210.636,3,1,3,-20.754,169.482
SOWRMRV12A8C13E406,Lonestar,Amie,92.025,9,1,3,-7.786,245.7073
SODSJMD12A58A79533,Erick Sermon,Freak Out,88.878,6,1,4,-8.821,187.42812
SOFKBNW12A8C13E536,Freddie McGregor,Cover For Me,92.972,4,0,4,-7.423,249.18159
SOJEUHQ12A6D4FC92D,Amber Nicholson,Tonight It's Just Me,95.061,8,1,4,-8.669,252.55138
SOMWYRR12A8C143501,Circle Jerks,Paid Vacation,156.605,1,1,1,-7.545,88.89424
SOQLNEY12B0B8062FA,Arctic Monkeys,Dancing Shoes,144.955,1,1,4,-4.526,141.13914
SOTRCOC12A6D4F868C,Sierra Maestra,No Me Llores Más,117.766,2,0,1,-10.11,318.56281
SOGPNMB12A8C141375,James Newton Howard,Photographs,189.037,2,0,3,-37.456,54.96118
SOLQIRG12A8AE47400,Kofi,Don't Let Go,59.957,0,1,1,-10.258,231.33995
SOPHADT12A8C14245D,Gene Simmons,Bad Boy Willie,140.148,0,0,4,-11.603,112.06485
SOEPOUR12A58A7839C,Tex Williams,Just A Pair Of Blue Eyes,168.879,0,1,4,-15.965,147.82649
SOOCPZM12A8C1379F0,SANSHIRO,Morgane regarde le ciel,147.395,5,1,4,-10.267,272.95302
SODLJKB12AB01871D6,Death SS,The Healer,102.126,3,0,4,-7.009,258.29832
SOBHLPN12AB01822EB,Bessie Smith,Gin House Blues,75.316,11,0,1,-21.782,195.70893
SOKHSHK12AB017BBDC,Lou Reed,Intro,65.896,7,1,4,-23.367,111.15057
SOGQNAM12A6D4F895E,Daniel Chan,Duo Liu Yi Hui,161.986,5,1,4,-9.162,222.14485
SOGKLVR12A6BD550C7,Jerry Lewis,Borgia Liquor,122.786,4,0,1,-17.399,132.98893
SOEYQZU12AB018DDB3,Alain-François,En silence,160.046,5,1,3,-6.523,213.99465
SOXPCVS12A8AE4892F,Los Rumberos Catalanes,Yo Te Camelo,66.064,8,1,4,-15.933,140.19873
SOOMUYV12A8C1409D7,Cam'Ron,Do Ya Thing (Remix) (Explicit Album Version),101.883,2,1,4,-5.797,174.88934
SOFVEWB12AC4689917,Randy Travis,I Am Going (Album Version),99.141,11,1,4,-11.366,228.75383
SOXDYYS12AB0180A12,Michelle & Vickie,Ai De Ka Luo Li,120.014,4,0,3,-4.991,194.21995
SOLSCUE12AB017D8AC,Arco Iris,Canción del Arco Iris,105.157,11,1,4,-9.132,199.96689
SOZJZQG12AB01828BD,Paulo Flores,Belina,101.767,4,1,3,-13.615,282.85342
SOLZTDM12AB01865A7,Philly's Most Wanted,Y'all Can't Never Hurt Us (Clean Version),96.037,11,0,4,-6.355,242.25914
SOSWLCT12A58A79466,Phantomsmasher,Bishop Hopping,88.05,3,1,3,-6.291,382.14485
SOTLJUL12AF72A198D,George Lopez,Kids Now,113.131,6,0,3,-14.401,215.7971
SOLHRRP12A6D4F4A3B,Bas-Sheva,Lust (1995 Digital Remaster),111.504,10,1,4,-16.858,178.65098
SOEDYLR12A8C1385E3,Hélio Ziskind,Galopar,93.753,0,1,4,-13.075,140.32934
SOEEWVH12A58A78C98,Mikey Dread,The Jumping Master,144.144,1,0,4,-7.325,309.83791
SOWCGPY12AB018F709,Big Star,Morpha Too [Alternate Mix],58.393,0,1,1,-13.717,88.00608
SONWUQM12AB01821AB,30 Seconds To Mars,Night of the Hunter (Static Revenger Remix),122.924,6,1,4,-5.157,297.53424
SOWPUQN12A6D4F8821,Grandpa Jones,Falling Leaves,65.93,9,1,1,-11.145,158.71955
SOKNKAU12A58A7A70B,Cross Country,Tastes So Good To Me,185.623,3,1,4,-8.165,189.962
SORNNLK12A8C1351A6,Jack Miles,Nuits Orientales,120.005,7,1,4,-6.309,174.34077
SOUYILL12A8C139933,The Marx Brothers,Everyone says i love you,172.809,7,0,3,-24.838,179.12118
SOOMISZ12A58A7CAF1,Bug Mafia,Poezie De Strada / Street Poetry,186.006,1,1,4,-5.121,279.77098
SOPTOKV12AAF3B5233,Hatebreed,Boxed In (Subzero),136.021,0,1,4,-4.011,179.17342
SOKQFBG12AB0181409,Converge,Dark Horse,156.924,1,1,4,-3.373,174.75873
SOSIXKT12A8C13FC8C,Philip Glass,The Kiss: Golden Coins,120.003,8,1,3,-26.597,161.51465
SOWMWMK12A6BD4F3AC,Drexel,Blood On The Snow,137.333,4,0,1,-9.053,226.32444
SOPLCEU12AB018795B,Mons Leidvin Takle,Gud Har Ein Plan Med Ditt Liv,83.057,5,1,4,-9.823,208.32608
SORYEAW12AB0184D51,Cool Connection,I'm Your Boogie Man,119.957,0,1,4,-10.66,274.31138
SOEZQXE12AF72ACC54,Falco,Junge Römer,112.352,8,1,5,-5.928,271.09832
SOVCFPI12AAF3B2045,Taylor Swift,Should've Said No,167.97,4,0,4,-4.954,245.78567
SOSKQWN12A58A7D155,Rainbow,Rainbow Eyes,135.206,5,0,4,-23.44,454.1122
SOFAECD12AC9097B7B,Nancy Walker,Boy! What Love Has to Me!,47.682,10,0,4,-12.172,185.44281
SOUJALE12A8C130DF5,Misfits,Helena 2 (Album Version),135.801,5,1,7,-6.444,201.82159
SOPWDVC12AB0185A86,Jane Winther,Om,19.657,0,1,1,-21.779,345.0771
SORXBMW12A6310E268,Jyve V,Maria Morena,132.082,10,1,4,-6.435,191.92118
SOLGWJT12A8C14181B,Shamen,Phorever People,125.749,1,1,4,-11.197,292.28363
SOMYIFM12AAF3B5E69,Eko Fresh,Hart(z) IV,86.928,1,1,4,-1.714,238.13179
SOKUYDL12A8C13623E,Janis Joplin,Down On Me,137.368,7,1,1,-11.864,183.14404
SOIAOMF12A8C134A44,Wilks,Still feel pain,90.007,2,1,4,-9.224,264.48934
SOHHJYE12CF530E53A,Enrique Iglesias,Do You Know? (The Ping Pong Song),114.983,8,1,4,-5.01,222.14485
SOMYNRK12AB018A4CD,Kali,No. 284,128.999,2,1,4,-11.335,601.99138
SONQTZF12AB0181781,Neil Sedaka,Superbird,159.184,4,0,1,-17.289,256.9922
SOMUBQM12A8C13ABC0,Joy Division,A Means To An End [Live at Birmingham University] [2007 Re-mastered],133.331,5,1,4,-11.524,241.08363
SONUVBF12AB017CFDC,Ino,Silence tells you all,124.997,0,1,5,-11.32,392.35873
SOAYOFO12AF72A4B88,Jennifer Lopez,Play,104.796,6,0,4,-1.81,211.56526
SOSJENW12AB0185F30,Cherish The Ladies,The Shaskeen / Gan Ainm,118.182,2,1,5,-16.831,134.81751
SOIJTGT12AB017D995,Jerry Butler,Let It Be Me(with Betty Everrett),71.171,9,1,4,-15.685,164.70159
SOCGBAY12AB017C78E,Eason Chan,Been Sick Lung,119.977,0,1,4,-6.005,226.55955
SONSSFN12A58A7C412,Nicole C. Mullen,Shooby (Live Version),104.039,8,1,4,-5.643,237.16526
SOZIVOA12A6D4FA4BD,Eden's Bridge,By My Spirit  (),79.13,2,1,5,-16.311,337.13587
SOBFTEV12A8C13B4A4,Eagles,I Don't Want To Hear Any More,92.186,5,1,4,-6.182,261.17179
SOBNCWM12AC4689D40,Edmundo Ros,Congo,199.894,0,1,1,-15.05,168.88118
SOTJXRK12AAF3B264E,Abbott & Chambers,Where Are You,129.956,7,1,4,-6.581,434.15465
SORMZSD12A6D4F736A,Al DiMeola,July,206.101,1,1,4,-10.176,319.84281
SOKFBHX12A8AE466DB,Twista & The Speedknot Mobstaz,Warm Embrace (LP Version),121.957,8,0,4,-6.893,377.86077
SOLBAJZ12AB01840B0,The Revolutionary Ensemble,911-544,74.183,2,0,4,-11.973,1253.92934
SOYEKDZ12A58A7EA4F,Leroy Van Dyke,If A Woman Answers,163.942,0,1,1,-18.57,124.52526
SOWJALY12A6D4F837F,John Mayall & The Bluesbreakers,All Your Love,107.458,2,0,4,-8.441,214.69995
SOOAHQO12A6D4FA507,Peggy Lee,If You Build A Better Mousetrap,144.099,3,1,1,-11.824,185.0771
SOEXZJD12AB0182FC1,Lightnin' Slim,My Babe,94.721,7,1,3,-16.554,177.68444
SOVLSST12AB01838C2,Les Hurlements D'leo,10 $ Bill,163.317,9,1,4,-7.75,334.13179
SOSVJKU12A8C142FFE,Mykill Miers,Knuckle Up,106.221,4,0,3,-7.699,252.94322
SOHLSKT12A6D4F71B4,Bad Brains,At The Atlantis,135.415,11,1,4,-8.435,118.04689
SOFTAZM12A8C141CD9,Dora The Explorer,ABC (The Alphabet Song),107.201,7,1,4,-8.431,32.1824
SOQBIEB12AB0187D27,Randy Stonehill,Get Together - Album Version,121.437,2,1,4,-11.724,229.90322
SOFJBSA12A8C130F97,Los Iracundos,Candilejas,102.534,10,1,4,-9.91,228.30975
SOAEWDR12A8C13D286,Shirley Caesar,It's In The Book (Album Version),127.686,2,1,4,-11.922,232.09751
SOROADL12A58A7C995,Pursuit Of Happiness,No Safe Place,127.987,4,1,4,-10.368,190.04036
SOBDPQZ12AB0188E92,Bézu,Le rire du sergent,122.968,11,1,4,-3.574,186.64444
SOFEXUF12AB01877C6,Mathey,Ballo,108.024,2,1,4,-8.988,262.19057
SOUWDRW12A6BD4F950,Elli Kokkinou,Sex (French Version),93.022,6,1,4,-5.971,284.65587
SOKKIXX12AB01864E7,Mark Lowry,All Mama Ever Wanted  (Album),122.166,8,0,3,-15.37,553.27302
SODVRDV12A8C14005C,David Arkenstone,Over The Rainbow,81.952,0,1,4,-15.757,241.99791
SOZONJS12A58A7920D,Johnny Pearson,Boss-Eyed Whelk,125.41,0,1,4,-11.101,144.48281
SOSXOTX12A8C13790F,Agnostic Front,United Blood (Album Version),130.869,11,1,4,-5.197,98.2722
SOGAKLF12A67AD9390,Pierre Perret,Le poulet,135.487,5,1,4,-11.372,90.46159
SOJFDCP12AB0181DDD,Pursuit Of Happiness,Killed By Love,131.04,2,1,4,-9.623,245.10649
SONIMPI12AB0186C14,Ben Sidran,See You On The Other Side,160.976,7,1,4,-9.399,278.7522
SOTZGHE12A58A75DC4,Soilent Green,Daydreaming the Color of Blood,100.917,2,1,1,-5.958,180.32281
SOCXKCF12AF729F898,Long Beach Dub Allstars,Kablammin' It,69.737,7,0,4,-3.834,282.61832
SOBXDBA12AB0187E5C,New York Dolls,Don't Mess With Cupid (1972 demo),122.03,10,0,4,-12.668,186.09587
SOXIZCU12A8C1440A1,Kelly Clarkson,Never Again,131.991,5,0,5,-7.562,368.92689
SOBSNOJ12A58A79522,3 Way Funk,Real Playaz,190.14,7,1,4,-6.027,210.25914
SOKQAEZ12A8C133D8F,Freddie Roulette,Everybody Wants To Go To Heaven,103.064,2,1,1,-12.004,232.85506
SOGLEIQ12A6D4F856D,Noel Harrison,The Last Thing On My Mind (Previously Unissued),176.761,11,1,4,-15.717,157.09995
SOYRIEN12AB0184D7B,JennyAnyKind,In A Village Square,169.991,6,0,4,-10.824,224.80934
SOPOJVI12A58A7E706,Redman,Jam 4 U,94.146,0,1,4,-7.184,185.83465
SOJMOQU12AC468B167,Skeeter Davis,Ladder Of Success,134.931,3,1,1,-8.46,128.67873
SOOYRFK12A6D4FB5CA,Liquid Stranger,We Meet at Last,93.328,5,1,4,-11.582,551.54893
SOFVVWJ12AB0183B6A,Spok Frevo Orquestra,Passo De Anjo,71.156,2,1,4,-6.719,269.73995
SOEHUNR12AB017C920,Percy Faith And His Orchestra,The Song From Moulin Rouge,55.233,7,0,4,-14.837,220.15955
SOQTJWB12A670218FD,Bob Newhart,Herb Philbrick - Counter Spy ( LP Version ),133.721,10,1,3,-12.043,72.33261
SOSZHRE12AB018BB5F,Boney James And Rick Braun,Shake It Up (Album Version),96.136,9,1,3,-5.58,243.48689
SOJHMFW12B0B80B79B,Beastie Boys,Shadrach,100.788,9,1,4,-15.059,247.7971
SOEVIQU12A8C134A62,Academy/Marriner,Andante Cantabile (String Quartet No 1 In D Major,118.712,10,1,3,-29.793,377.10322
SOTBQVH12A58A7B6C7,Teena Marie,Help Youngblood Get To the Freaky Party,99.978,6,0,3,-12.23,345.67791
SOLBDUG12AB0183A49,Daouda,Mon coeur balance,104.72,2,1,4,-10.466,208.37832
SOIUEQG12A8C134F30,Marc Shaiman,We're New Yorkers Now!,131.615,2,1,4,-17.548,154.122
SOJXOVT12AB018581C,John Berry,Let's Fall In Love This Christmas,126.533,7,1,4,-8.139,239.20281
SOLBPPU12AB0187DD7,Ace Da Vinci,D Solo,211.059,11,1,4,-9.255,269.68771
SOONKTB12AC3DFA982,Andrae Crouch,Ive Got Confidence,164.647,7,1,1,-4.101,174.602
SOAUXQN12AB018D2F6,BT,Mercury & Solace,136.003,6,0,4,-11.59,506.27873
SOVJSUC12A8C13B2DF,Skeeter Davis,My Last Date (With You),98.663,0,1,3,-10.487,153.49506
SOMOSOM12A8C13D618,The Bug Featuring Ricky Ranking,Judgement,143.812,8,1,4,-9.376,309.28934
SOAIPGL12AB01837A3,All Girl Summer Fun Band,Rewind,76.455,2,1,4,-14.927,138.97098
SOVDYER12A6D4F7E1B,Madonna,Jump [Jacques Lu Cont Edit],130.003,7,1,4,-7.288,320.1824
SOCRVUE12A8C13F949,Sugar Minott,More Than I Can Take,159.715,7,1,4,-12.914,223.21587
SOXURBQ12A6D4FBB27,Silverstein,BLEEDS NO MORE (Live Version),132.962,7,1,4,-3.573,256.46975
SOJEYRE12A6D4F7610,The Elders,Buzz's Jig,129.903,7,1,1,-8.2,282.43546
SOOQIWV12AB018B96D,Louisa Mark,Keep It Like It Is,128.304,5,0,1,-14.29,156.52526
SOYWSDZ12AB01812FE,Pumpkin Buzzard,Death Adventure,119.984,6,1,3,-5.94,122.40934
SOELLGL12A8C13691C,Gonzalo Rubalcaba,Infantil (Dedicated to John McLaughlin),187.406,9,1,4,-12.205,424.51546
SOUHLWG12AB0184414,Cookie Crew,"Got To Keep On (12"" Version)",85.962,8,0,5,-10.713,282.33098
SOEKYVZ12AB018741A,Evergreen Terrace,Please Hammer Don't Hurt 'Em,166.03,7,1,4,-5.983,143.882
SOFUCJI12A8C142A03,Michael Salgado,Surfriendo El Castigo,206.637,7,1,4,-6.693,221.64853
SOVEHDZ12AB017E78F,Brainchoke,1st World Hypocrisy,127.171,6,0,4,-2.874,91.01016
SOAFJWE12AB01837B3,Tania Maria,Come With Me,176.18,11,0,4,-12.861,325.66812
SOTXYXO12AB018B008,Placebo,The Never-Ending Why,118.956,7,0,4,-5.176,221.6224
SOHBSTB12A6D4FAE27,Alice Stuart,Woman Blue,83.456,0,0,3,-12.28,305.73669
SOFPTCN12A8C13BD3C,León Gieco,Ruta Del Coya,120.023,2,1,3,-10.423,266.762
SOXXSLE12AB0184F1B,Moving Ninja,Lost Tribe,90.167,6,0,3,-8.717,287.00689
SOOCYRU12A8C132403,2raumwohnung,Lachen und weinen,111.016,11,1,4,-9.322,335.17669
SOESQNH12A58A79AC3,Sex Pistols,Pretty Vacant,144.573,2,1,4,-6.758,194.58567
SOLPNHG12A8AE47934,Twista,It Feels So Good (Album Version),120.389,1,0,4,-6.828,368.03873
SOUYFXA12A6D4F8482,KT Tunstall,Boo Hoo,137.806,7,1,1,-7.272,295.07873
SOBIOBC12A8C14074B,Hound Dog Taylor and The Houserockers,Rock Me Baby - Live,95.48,4,1,1,-12.02,335.28118
SOJIWWF12AB018404F,Tony Mathews,(Coming With) Loving on My Mind,70.26,1,1,4,-17.154,281.80853
SOHYDLL12AB0187493,La Billo_ Los Melódicos,Para Que Recordar,163.566,2,1,3,-9.085,195.29098
SOOTWLE12AB018E20A,Screaming Lord Sutch,Son of Jack the Ripper,130.76,9,0,4,-8.02,231.44444
SONYFKQ12A58A7B29F,Sylvia Tosun,Head Over Heels,127.968,8,1,4,-6.319,575.79057
SOANUME12A8C1368DF,Kings Of Leon,Day Old Blues,85.855,4,1,4,-10.831,212.97587
SOMYDMS12AB017C4B8,Pinch,Joyride,139.994,6,0,7,-9.847,315.84608
SOIYRUA12A8C13F1CE,Dave Weckl,Just An Illusion,93.502,0,1,4,-11.638,311.01342
SOBSBCL12A8C136909,Atreyu,Ex's And Oh's (Instrumental Version),160.153,4,0,4,-4.964,214.07302
SOAKUXB12AB018230A,Grant Geissman,Chaco (Album Version),192.301,0,0,3,-11.143,307.40853
SOTMRFA12AB0181590,Ed Ames,Our Love Is A Living Thing,127.408,2,1,3,-12.399,132.93669
SOQGLPH12A8C141089,Uphill Battle,Memory,137.911,8,1,5,-6.472,210.36363
SOYYIZT12A8C1408CA,Foo Fighters,Next Year,173.983,7,1,4,-4.203,274.65098
SOVQGSX12AB0188818,Loretta Lynn,Away in a Manger,83.976,4,1,3,-10.694,197.58975
SOTKSYF12A6D4F6AB4,Jacky Cheung,Zai Ai Shang Ni,148.073,8,1,4,-12.299,267.44118
SOCTARC12A8C134D12,DeGarmo & Key,Don't Stop The Music (Streetlight Album Version),161.846,7,1,4,-11.462,220.02893
SOBJJEX12A8C13ACDC,Usher,I Need Love,118.237,5,1,1,-14.434,32.41751
SOPHWSQ12A8C133AE4,Moraes Moreira,Boca Do Balao / Preta Pretinha / Juazeiro,145.047,9,1,4,-7.498,185.44281
SOUYDOZ12A8C131C66,The Real Kids,Happens All The Time,175.626,0,0,4,-7.046,192.15628
SOYJFWA12A58A76CC3,Rance Allen Group,The Painter,100.332,0,1,4,-11.202,201.27302
SOPFUJH12A8C1460C9,Patrick Bruel,L'Appart,140.696,9,1,4,-17.855,263.94077
SOMOMNY12A8C14549F,Gran Coquivacoa,Frente A Tu Altar,81.255,6,0,4,-8.914,185.0771
SOSJYAJ12A6D4FCA04,Grayson Capps,Give It To Me,101.076,2,1,4,-7.109,124.18567
SOTQGSB12AB01894AE,Tracy Byrd,Take Me Fishin',137.528,9,1,4,-11.036,190.27546
SOTSIIH12A8C13A516,Café Quijano,Poesía De Amor,102.677,11,0,4,-9.37,262.37342
SODKRYJ12AC468A00F,Brian Free & Assurance,The Coming Of The King,108.565,11,1,4,-5.296,207.04608
SOKKHGP12A8C13768C,Nirvana,Nevermind_ It's An Interview,131.056,4,0,4,-19.304,1061.79873
SOBMPPH12A6D4F87E1,The Misfits,She (1997 Digital Remaster),185.615,2,1,1,-8.294,82.1024
SOBSEGK12A58A7BEBF,Sex Pistols,Seventeen,129.722,8,1,1,-6.458,129.93261
SOUCLTK12A8C141490,Carl Smith,If You Don't Somebody Else Will,109.449,4,1,4,-13.51,107.62404
SOKMXBB12A67AD85BC,"Clarence ""Gatemouth"" Brown",Up Jumped The Devil,136.38,2,1,1,-8.338,325.19791
SOCLRZA12A81C22F81,Mighty Diamonds,Free Africa,85.043,10,0,4,-9.188,256.7571
SOUVGPX12A8C13CE77,James Carter,Dodo's Bounce,140.666,8,0,4,-18.826,366.0273
SOIYAIE12A58A7CEE2,The London Theatre Orchestra,Babylon 5,107.662,5,0,3,-9.276,78.94159
SOTDNWF12AB0186452,Atari Teenage Riot,Revolution Action,100.341,2,0,4,-5.547,249.46893
SOHFBGI12AB01831E1,DJ Isaac,The Hardway,172.133,10,0,1,-6.282,274.18077
SOILGNH12A8C14537E,X-tv,Skate alone,146.037,7,1,4,-11.49,279.14404
SODWTYQ12AB018A257,Scott Weiland,The Date ( LP Version ),112.68,5,1,4,-5.328,321.01832
SOAJTFZ12AB0186524,Beto y sus Canarios,Noche Eterna,120.546,10,0,1,-8.184,197.72036
SOHIEPQ12A58A770F6,Kris Kristofferson,Killer Barracuda,138.094,7,0,4,-17.312,183.06567
SOENIFL12A8C138231,Bravehearts,Sensations,199.07,6,0,7,-10.212,209.03138
SOKANNU12AB0183D18,Primordial,The Burning Season (Live),118.196,3,1,4,-10.141,508.3424
SOSPCBI12A58A7BF1E,Jason Mraz,Did You Get My Message?  (Live From Shubas),104.296,6,1,4,-10.26,336.43057
SOMZLIQ12A8C13BA38,Robin Fox,It's Gonna Be Okay (Original Mix),135.993,8,0,4,-8.701,398.52363
SOISNCS12A58A78F33,Deborahe Glasgow,Give Me That Touch (The Touch Up Mix),166.579,4,1,4,-11.695,390.32118
SOLHEQO12AB017DBCB,2 Minutos,Como Caramelo De Limón,146.275,1,1,1,-11.504,129.48853
SOUEWVH12AB018B119,Jope Ruonansuu,Työnnä kännykkä hanuriin,134.109,9,0,4,-5.136,175.41179
SOWQAJL12A8C1418C9,Jimmy Cliff,Let's Seize The Time,122.773,0,1,1,-7.449,301.71383
SOJWQRM12AB01847CE,Bill Laswell,Digitaria,172.955,2,1,4,-9.232,381.30893
SOUQKFN12A8C13DC40,Snowgoons,Real World,85.138,9,0,4,-4.751,212.32281
SOABDSJ12A6D4F9065,Sammi Cheng,Liu Zi Zhen Yan,103.982,2,1,4,-6.412,248.2673
SOHJWNE12A8C14140B,The Statler Brothers,White Christmas,99.66,0,1,5,-12.361,140.69506
SOCPYWK12AB01832C7,Vex'd,Canyon,149.96,11,0,4,-7.566,365.03465
SOSWZAS12A8C143F3E,The Kings,Who Do You Love,100.65,4,0,3,-15.59,191.21587
SOBFWIT12A8AE4795E,Daler Mehndi,Teri Nau Ke Paune Teen,146.856,0,1,4,-4.462,245.49832
SOOYWKG12AB018AFB5,Mannheim Steamroller,Battle Hymn Of The Republic,130.052,0,1,4,-9.635,285.6224
SOTUFIE12AAF3B3B7D,Hatebreed,Supertouch/shitfit (Bad Brains),175.363,0,1,1,-4.571,141.50485
SOZLTVI12A6D4F77B8,Lil' Romeo,Don't Want To,95.991,11,1,4,-7.076,211.82649
SOFVXSY12A6D4F8571,Noel Harrison,Sparrow (Remastered Album Version),146.688,10,1,4,-12.876,166.73914
SOQBKRM12A8C13E97C,Shunza,Dear Friend,141.733,6,1,4,-8.737,278.38649
SOOHXAA12AB018A1D2,Ray Charles,Heartbreaker,154.332,1,1,4,-8.733,170.00444
SOXSPQZ12AB01832BA,Annie Blanchard,Sur L'autre rive,101.868,0,1,3,-11.841,260.80608
SOCSOYD12A8C13AF1B,Seal,The Beginning (Giro E Giro Mix),123.795,6,1,4,-12.1,368.06485
SOXQTLK12AB018A1D9,La Bergère,(Et puis) Elle allait,123.437,7,0,1,-11.451,243.80036
SOYIUJK12A8AE46346,CoCo Lee,Each Time I Think Of You,146.284,5,1,4,-8.414,264.01914
SOBUUHE12A8C143DD8,The Chap,What's Love Got to Do With It,181.863,4,0,4,-7.507,216.2673
SOPGSBP12A6701F741,Naughty By Nature,Guard Your Grill (LP Version),93.925,6,1,4,-7.805,279.90159
SOYDYJV12A8C13B5CC,Jason Mraz,No Stopping Us [Eagles Ballroom Live Version],119.234,1,1,4,-4.196,369.94567
SOJYNKH12A8C13A0D6,Janet Paschal,Take This Trail Trip Beside Me (The Best Of Janet Paschal),146.807,4,1,3,-9.793,213.78567
SONUSEX12AB0180235,Vanessa Daou,Joe Sent Me,86.743,10,0,1,-11.642,225.59302
SODIYIX12A6D4F514F,Memphis La Blusera,Amigo mío,132.023,7,1,4,-6.246,221.64853
SOSEQWD12A81C21F43,Venice,All My Life (LP Version),104.556,0,1,4,-8.38,301.08689
SOUOVZX12AB018A15C,Frank Chacksfield,Beginner's Luck,84.789,8,1,1,-19.634,108.61669
SOLZGRF12AB018824F,Séamus Egan,Poultry in the Parlour / Rolling the Ryegrass,201.512,9,1,1,-13.152,198.84363
SOMQUCX12A6D4F89B6,Photek,Terminus,104.98,9,1,4,-7.272,326.922
SOATRAN12AC3DF9F6B,Cotton Candy,The Windsor Tap Recap,106.836,9,0,1,-11.052,149.9424
SOTQKLJ12AF72A9260,KRS-One,The Devils Crown,146.06,1,1,4,-7.618,256.57424
SORFRSB12A8C13DB7F,The Doors,Rock Me (Live In Boston_ 1970) (1st Show),86.051,2,1,3,-12.869,434.15465
SOBAAER12A8C13A83C,Agnostic Front,Rock Star,116.438,9,0,1,-3.199,94.6673
SOMTUMT12A67ADAE76,The Last Days Of Jesus,Life In Line,125.126,8,1,4,-6.248,209.55383
SOFGSDC12A8C140592,Dyango,De Mi Enamorate,99.003,2,1,4,-9.088,246.09914
SODAKWB12A8C12FFBE,Ty Herndon,A Man Holdin' On (To A Woman Lettin' Go),128.087,2,1,4,-8.809,217.15546
SOEBCBI12AF72A154F,The Knife,The Captain,105.02,4,0,4,-11.194,368.79628
SOBCVXS12A5892055C,Chris Jagger,Still Waters,99.547,7,1,4,-17.955,248.92036
SOELNXC12A58A7AFD5,Jimmy Witherspoon,Better Love Next Time Part 2,45.582,0,0,4,-11.542,149.73342
SOWTJTU12AB0183CBB,R. Carlos Nakai,Tibetan Turquoise (World),107.963,1,1,1,-20.698,296.51546
SORJCOX12AB018490D,A-FS,Get it Right,98.254,11,1,4,-10.15,205.94893
SOLTZTZ12A58A7A84F,Kieran,Best Friends,87.572,8,0,5,-5.155,219.84608
SONNMKS12A8C13E662,Gabriel Yared,Ship in a Painting,137.149,4,1,3,-15.417,100.0224
SOWWHEW12A81C21D9D,Curtis Mayfield,Superfly (Single Mix Version),119.811,4,1,4,-6.724,188.21179
SOXDVKB12A8AE45E73,REX ALLEN JR.,Don't Say Goodbye (Album Version),80.242,7,1,4,-11.647,165.04118
SOIOBNP12A58A7B61B,Jimmy McGriff,Cumayon,95.87,8,1,4,-8.901,210.33751
SOOTADG12AF729F5CF,Céline Dion,"Because You Loved Me (Theme from ""Up Close and Personal"")",120.047,1,1,4,-7.722,274.57261
SOVSGNS12AB0189315,Danny Davis & The Boys,The Golden Sea,132.674,2,1,4,-10.977,169.19465
SOSXDVD12A58A7D78C,Sugar Ray,Mean Machine (Remastered LP Version),92.299,11,0,4,-4.068,161.82812
SOXZUMI12A58A77D7F,The Jeff Healey Band,My Little Girl,126.16,9,0,4,-7.457,223.92118
SONUULR12A8C137C3E,Dakis,Tha Mino Pia Sto Parelthon (2005 Digital Remaster),164.947,7,1,4,-9.878,134.39955
SOGUEML12AB01850DA,DJ Omega,Pop dat shit,160.043,7,1,4,-14.363,217.05098
SONLCFV12A6D4F8AC3,Viki Mosholiou,Kimisou Palikari (TH' Allaxi To Feggari) (2004 Digital Remaster),91.919,1,1,3,-10.688,274.80771
SOZFYIJ12AB018DB5F,Year Long Disaster,Show Me Your Teeth (Radio Edit),113.978,0,1,4,-4.671,228.15302
SONRCXL12A8C13ABE3,Joy Division,Digital [Live at Birmingham University] [2007 Re-mastered],162.394,2,1,4,-12.941,218.56608
SOXNJYI12A67AE0EE7,The All-American Rejects,Bite Back,147.998,9,1,4,-5.071,279.71873
SOZPJVN12A8C133983,Blind Willie Johnson,Jesus Is Coming Soon,139.866,7,1,1,-17.85,193.20118
SOHPUUH12A8C137C12,Vox Dei,A Nadie Le Interesa Si Quedás Atrás (Total Que...),154.475,9,1,1,-14.03,197.04118
SOQVVEE12AB01843C3,Anti-Flag,Tearing Everyone Down,110.134,6,0,1,-2.255,175.25506
SOKMXMN12A8C1437A5,Tony Ashton & Friends,Roadrunner / My Generation,125.523,6,0,4,-3.201,278.25587
SOXXGFN12A8C1379A1,Dorothy Norwood,Near The Cross,151.215,5,1,3,-9.006,287.03302
SOUBHGD12A8AE4685D,Sinch,Plasma (Album Version),135.895,2,0,3,-7.397,300.72118
SOFNQWZ12A6BD53D1D,MIMS,Cop It,105.393,11,1,4,-4.186,181.28934
SONLPSN12A8AE4711C,Rick Astley,You Move Me,128.171,8,1,4,-12.585,225.4624
SOUNTXT12A8C138FC2,RUN-DMC,Can I Get A Witness,102.176,6,0,4,-12.274,216.65914
SOZWECJ12A6D4F5229,Chimaira,Left For Dead (Album Version),93.513,7,1,4,-3.16,342.36036
SORYDNX12AB0187381,Sui Generis,Zapando Con La Gente,129.761,7,1,1,-12.685,269.84444
SOKBJDL12A8C145D66,The James Taylor Quartet,The Obsession,204.791,4,0,7,-5.415,283.37587
SOCHVST12AB017CD1D,Pedro Luis e a Parede,In The Rain,92.065,7,1,1,-15.508,151.92771
SOAELDS12A8AE47F30,Cindy Morgan,Need (LP Version),111.379,9,0,4,-12.22,210.70322
SOOOUTD12A8C135657,Joe Grushecky,A Good Life,139.066,7,1,4,-8.071,231.57506
SOOKMHU12AB017EB61,The Clancy Brothers;Tommy Makem,In This Windy Old Weather,82.653,3,0,3,-15.732,186.53995
SOLFNJP12A58A78574,Big Star,Till The End Of The Day (Alternate Mix),144.717,2,0,4,-6.097,133.45914
SOTZXIM12A8C13FEFF,Double Image,Three Romances_ Op. 22: III,88.183,7,0,5,-24.012,262.922
SOJUBCK12A81C2050B,Gorki,Morse,150.117,4,1,4,-8.596,209.31873
SOKNYLI12AB018846C,Kitty Wells,Makin' Believe,117.815,9,1,4,-10.323,165.61587
SOEIQUY12AF72A086A,The Mars Volta,Eriatarka,158.34,6,0,3,-3.183,380.42077
SOJHEMH12A8C13D4B2,Isabel Pantoja,Adelante,95.673,0,1,4,-7.618,181.65506
SOMTYWT12A58A75BF7,The Highwaymen,Shaggy Dog Songs,181.968,7,1,5,-20.845,150.85669
SOSMFGX12A8C1411D8,Lynn August,Trust In The Lord,115.848,2,1,4,-12.125,262.5824
SOYVHRG12AB0182A0F,Snow Patrol,Just Say Yes,89.347,9,1,1,-4.815,255.60771
SOESCEH12A58A7EC90,FFH,Why Do I,163.96,0,1,4,-7.721,277.62893
SOBTDFV12B0B80B789,Beastie Boys,Get It Together,101.044,11,1,4,-8.127,245.7073
SODPDHX12AB018077E,Sandy Lam,San Geng Ye Ban,125.251,2,0,4,-6.918,248.97261
SOBXLHX12A8C130B60,POLINA,Tora,129.915,2,0,4,-9.05,203.49342
SOHVQUV12A8C131A69,Karlheinz Stockhausen,02'-15',95.13,9,0,3,-31.109,277.18485
SOPFPTM12A8C135D00,Beatnuts,No Escapin' This,92.115,9,1,4,-6.803,257.54077
SOBTIQL12A6701FD2D,Sugar Minott,Make It With You,148.382,0,1,1,-12.692,207.90812
SOJGLOH12A8C139F3C,Billie Jo Spears,Permanently Lonely,105.445,6,0,4,-14.72,180.61016
SOGVTFI12A8C13F248,Philip Glass,Left Alone...,69.979,9,0,1,-33.662,93.33506
SOAKNXU12A8C13E920,Prince,Baby (LP Version),138.165,9,1,4,-17.1,190.06649
SOPAZPG12AB017DDDA,Sierra Maestra,Abandonada / Blancas azucenas,141.121,2,1,1,-13.822,295.99302
SOBSFSK12AC468926B,Nicola Fasano,Been a Long Time (feat. Paula B) [Club Radio],130.04,1,0,4,-7.773,215.77098
SOKXQAJ12AC4687FA7,The Perrys,I'm Living In Canaan Now,111.959,9,1,4,-7.097,125.962
SOGDWHE12A6D4F794A,Public Image Ltd,The Suit,124.494,8,0,4,-23.949,209.3971
SOXHJUK12A8C1351F4,Jennifer Clarke,It's Alright,71.233,1,1,4,-13.45,213.21098
SORJEKJ12AC468D3BA,The Gufs,Sunday Driver  (LP Version),156.527,9,1,4,-6.138,232.41098
SOIQDHX12CF530D596,brokeNCYDE,Schitzo,113.361,4,0,5,-4.656,262.89587
SOVKHLV12AB0187078,Richie McDonald,If Every Day Could Be Christmas,99.784,5,1,3,-4.385,290.69016
SODQAHH12AB017DB34,Alexandre Desplat,Le Chagrin de Coco,170.024,5,0,4,-21.011,177.42322
SOEAMLK12AB017F3D2,Barenaked Ladies,This Is Where It Ends (Album Version),120.969,7,1,4,-11.835,173.19138
SOPWNYG12AB0189540,Nightswimmer,A Brief Moment In The Sun,119.826,0,1,4,-10.803,281.80853
SOIEKLM12AB01896EC,Mink DeVille,Heaven Stood Still,41.945,7,1,4,-20.055,173.92281
SODYSVW12A679C805B,Ms. Dynamite,All I Ever,150.567,9,1,4,-11.136,269.81832
SOVWWUP12AB017FDB1,99 Posse,Rafaniello,101.849,7,1,4,-12.492,351.34649
SODJJHJ12A8AE493AF,Sugar Minott,Devil Pickney,161.353,10,0,4,-5.807,284.73424
SOBUXON12A8AE493EB,Rocio Jurado,Noe Cuando El Diluvio (Sevillanas Biblicas),87.533,2,1,5,-8.123,217.67791
SOSRMYO12A6D4F64EA,Ms. Dynamite / Bounty Killer,Put Him Out,105.201,8,0,4,-4.999,241.37098
SOHMVLQ12A8C14202E,Jazz Gillum,You're Laughing Now,107.669,9,1,1,-16.855,165.85098
SOFTYWI12A8C138BEC,Babbie Mason,Who In the World (Album Version),199.762,5,1,1,-12.647,210.59873
SOTNIIP12A8C1359DA,Pierre Boulez,"Pli Selon Pli (""fold according to fold"")/IV.  Improvisation sur Mallarmé III",47.794,0,0,1,-18.628,956.60363
SOATWYP12AB017B841,Assassin,Quarter P.O.D.,174.005,10,0,4,-6.703,155.16689
SOQNPQX12A8C135E46,Britt Nicole,Set The World On Fire,120.008,4,1,4,-4.58,220.36853
SOLBRZV12A8C13177C,Richard Souther,Red River Falling /O rubor sanguinis,107.005,10,1,5,-16.481,283.27138
SOMQBLB12A58A7921E,Doug Sahm,Sometimes (LP Version),104.618,5,1,3,-13.873,159.42485
SOWZREF12A8C13810B,Steve Vai,Fire,163.692,2,1,4,-7.856,363.36281
SOWHRKI12A8C13CF2A,Max Stalling,Girl by the Lake,190.485,7,1,4,-8.999,167.65342
SOCIKSJ12AB018BEAB,Deepest Blue,Is It A Sin,130.013,6,0,1,-6.368,514.45506
SOYOBCG12A6701FB4E,Cactus,Parchman Farm (LP Version),133.227,7,1,1,-5.872,186.69669
SOOXHKU12AB0187180,Jan Wayne,Hello,127.968,6,1,4,-5.62,381.28281
SOPESJQ12AB0189D07,Bob Cheevers,Under The Bayou Moon,116.729,7,1,4,-9.816,204.38159
SOFDDGP12AB0186E80,Chris Farlowe,What You Gonna Do - Original,103.342,11,0,4,-9.917,181.36771
SODNXEC12A8C130EFA,James Taylor,Everyday,101.967,4,1,4,-8.736,197.11955
SOXVULB12AB0184DD5,Goatwhore,A Closure in Infinity,97.073,7,0,1,-5.559,224.86159
SOSWEJS12A8C138994,Wesley Tuttle,With Tears In My Eyes,71.705,2,1,4,-15.019,175.22893
SOQCQNU12A8C138694,Toni Braxton,He Wasn't Man Enough,175.959,11,0,4,-3.825,262.08608
SOMNNMY12A8C13247F,Jimmy Riley,Simple Communication,157.137,11,0,4,-5.01,229.58975
SOMMBWK12A8C13CCE9,David Summers,2.000 Kilometros,111.063,7,1,4,-16.104,247.77098
SOYEFDU12A6310F400,Dolly Parton,When Jesus Comes Calling For Me,139.981,1,1,3,-10.915,166.24281
SOJDTLW12A8C1394FD,Smash Palace,It's All Because,136.164,4,1,4,-5.135,276.81914
SODSGOT12AB0180ACC,Brice Kapel,Aloha,128.229,7,1,4,-4.107,297.09016
SOIDNKA12A8C13B743,DJ Deeon,Dik N Ballz,134.88,0,1,4,-13.286,260.30975
SOJKFQE12A58A7CA77,J.J. Cale & Eric Clapton,Sporting Life Blues (Album Version),113.151,5,1,3,-14.259,211.17342
SOSKQYI12A6D4F95E2,Jacky Cheung,Man Man,99.144,6,0,1,-10.305,283.71546
SOZERJS12AC9070FF3,Van Halen,Panama (Album Version),141.325,8,1,1,-5.338,212.63628
SOGBOCA12A582A2A78,The Nelons,Revival In The Land (Album),164.828,9,1,4,-10.674,170.55302
SONFKVB12A6D4FBA9A,Lionel Richie,In My Dreams,84.821,4,1,4,-9.163,296.09751
SODKJWI12A8151BD74,Arctic Monkeys,From The Ritz To The Rubble,184.023,9,0,3,-5.325,193.43628
SOXNQKW12A6701F7E0,Fehlfarben,The Tarnished Angels (remastered),91.097,7,1,3,-8.351,330.65751
SODYQME12A6D4F6FB4,The Rascals,I'm So Happy Now (Single Version),124.335,9,1,1,-10.953,170.63138
SOBASZR12AB0188D8E,Workhorse,My Friend the Blind,132.093,7,1,4,-6.787,276.37506
SOXYJAJ12A81C22F87,Mighty Diamonds,I Say No,171.377,9,1,4,-8.03,242.23302
SOQGYLZ12A8C1445A1,Yiannis Tassios,Ti Patheno,190.035,7,1,4,-7.399,208.1171
SOQYRAY12AC3DFAFB0,Leonardo Favio,Sera Cuestion De Conversar,102.392,11,0,3,-13.879,229.25016
SOQEEGM12A8C13C4EF,MICHAEL WHITE,Dirty Dancer  (LP Version),124.237,3,1,4,-13.54,239.64689
SODVART12AB0188835,Jackie Edwards,Ali Ba Ba,158.322,10,1,4,-14.635,178.46812
SOVKRGY12A8C13981D,Sophie Tucker,Down South,95.514,10,1,4,-11.345,121.20771
SOQPGGJ12A8C13ABEB,Raze,Always And Forever (Bff)  (Power Album Version),102.606,5,1,5,-7.227,938.00444
SOJAYDC12A6D4FA328,Quinteto Violado,A Burrinha,134.654,0,1,4,-12.863,136.77669
SOMLUAZ12A8C133A5F,Ricardo Lemvo,Yiri Yiri Bon,175.43,5,0,4,-8.491,292.12689
SOSFOAC12A58A78544,Joe Bataan,Keep The Change,104.801,10,0,4,-8.648,199.3922
SOJZTXJ12AB01845FB,Tito Puente,China,88.384,7,1,4,-12.469,295.05261
SODFSTY12A6701E6D3,Spooky Tooth,Evil Woman,142.646,7,0,4,-9.465,545.74975
SOIEPKN12AB0187BB4,Larytta,Just in time,96.064,1,1,3,-13.017,278.12526
SOVAVUD12AB01832AE,Jane Winther,Kyrie Eleison,0.0,11,0,1,-20.931,159.84281
SONQKDG12A8C130D96,Juana Molina,Isabel,108.504,3,1,4,-16.764,262.89587
SOHZTFU12A8C144690,Kuba,We'll Learn,168.004,5,0,4,-12.138,402.65098
SOYYUBG12AB01853E2,Reginaldo Bessa,O Smaba Que Eu Não Fiz,91.684,3,1,4,-11.688,132.54485
SOPMFEV12A6D4F8A3B,John Hammond,How Many More Years (LP Version),105.36,7,1,4,-12.441,196.362
SOFVLOG12AB0180AB2,Brice Kapel,Lo,79.468,11,0,1,-4.097,225.61914
SOTXHWZ12A8C13265A,Rick Ross,Trouble in Mind,75.634,7,1,4,-9.713,199.8624
SOHDNUO12AB0183EC1,Bersuit Vergarabat,Bolivian Surf,126.531,7,1,4,-6.179,180.11383
SOJDMGZ12AAA15FC1E,Patrick St-Eloi,Anvi Viv?,180.017,2,1,4,-5.922,310.41261
SOUHJSQ12A58A7BC4D,Vangelis,Preparation,125.028,4,1,4,-19.662,101.8771
SOHIPGT12AB018CDAF,Charles Williams,From the East,102.739,6,1,4,-14.676,89.12934
SOASRTP12A6310E086,Mazz,Calla,106.955,9,1,4,-10.381,221.1522
SOUXDZD12AB018AC5C,Catupecu Machu,Abstracto,130.008,3,0,4,-9.285,322.35057
SOINCFI12A58A7C357,Grayson Capps,I See You,186.886,0,1,4,-13.012,242.18077
SOLVXJJ12AB0181253,Asure,Ugly MF,99.886,7,1,4,-1.026,215.11791
SOPWGTF12A58A7D658,Cracker,Dr. Bernice,116.805,2,1,3,-19.164,380.86485
SOOSUPK12AAF3B516F,Jorge Alfano,Cuycha,51.142,9,1,1,-21.515,166.76526
SOKHHXO12A8C13D2DF,Stefon Harris,And This Too Shall Pass,134.83,1,1,4,-17.68,511.21587
SOUXPMN12AB018CFDD,D.A.R.,Quiere Novio,90.997,2,1,4,-7.216,220.73424
SONCOOV12A58A79316,White Heart,In His Name,82.533,7,1,3,-14.275,260.46649
SOBLRSW12A5891D70B,Junior Parker,Love Ain't Nothing But a Business Goin On,151.273,0,1,4,-16.238,202.55302
SOJMGIE12A8C137C14,Cheri Keaggy,The Cross That Bears His Name,97.977,7,1,7,-14.173,262.24281
SORSQRR12A8C13A20D,Cassidy,Take It,114.959,7,1,4,-6.866,180.11383
SOAFQPT12AB018A8BF,The Shamrock Singers,You Made Me The Thief Of Your Heart,106.865,6,1,4,-14.383,393.76934
SOUQKXS12A8C132CAD,Jessica Simpson featuring Lil Bow Wow,Irresistible,93.08,1,0,4,-6.288,215.66649
SOQVXCF12AF72A419B,The Mars Volta,Take The Veil Cerpin Taxt,174.792,9,0,5,-3.741,521.63873
SOOHCSN12A8C13F950,Uman,On Fait Ce Qu'on Peut,85.992,0,0,4,-7.91,213.02812
SOOREAS12A58A7C580,Burning Spear,Tumble Down,101.799,8,1,1,-14.241,217.93914
SOGCGDZ12AB01844CC,Irma Thomas,I Gave You Everything,130.839,6,0,1,-13.332,173.26975
SOOVQIU12A6D4FB6C9,João Gilberto,Meditacao,76.953,7,0,5,-32.331,333.89669
SOCZJSH12A6D4F7636,fIREHOSE,For The Singer Of R.E.M.,179.008,9,1,4,-14.582,201.22077
SOZFGOG12A58A7F755,The Black Crowes,Ballad In Urgency,117.706,2,1,4,-5.365,339.25179
SOTWTSF12AB01830BD,Electronic pig,Electro nicpig,137.938,9,0,4,-6.513,218.53995
SORGSDN12A6D4FCA0A,Grayson Capps,Mermaid,132.684,9,0,3,-9.072,236.59057
SOOFJAI12A6D4F6F24,Neil Innes,Come Out Into The Open,140.069,2,1,1,-9.85,222.87628
SOPRXCY12AB0183788,Eduardo Fernandez / Norbert Blume / English Chamber Orchestra / George Malcolm,1. Allegro,131.816,2,0,1,-25.127,341.05424
SOOJLSM12AB0180267,Jane's Addiction,Stop! [Demo],123.015,9,1,4,-7.915,240.01261
SOMHGDS12AB017F0E2,Noisettes,Don't Upset The Rhythm (Go Baby Go),145.1,3,0,4,-3.936,218.46159
SOFOHOB12AB0186C23,Maysa,I Put A Spell On You,101.439,6,0,3,-8.316,313.93914
SOYRUFJ12A81C22C87,Pete Miser,On The Rhyme (Featuring DJ Pete Miser),179.965,7,1,4,-9.559,224.02567
SOPPEEZ12A6D4F87B2,Line Renaud,Il Y A Des Anges,117.537,1,1,3,-12.755,140.30322
SOMRPXI12AB018788D,Katie Armiger,Movin On,150.085,9,1,4,-5.231,204.22485
SOQJLAI12A8C13BF33,Marc Lavoine,Si Tu Veux Le Savoir,140.424,4,1,4,-13.354,190.6673
SOXKLGM12A58A7D814,Mungo Jerry,Alright_ Alright_ Alright,175.048,0,1,4,-9.698,167.26159
SOVCYMJ12A6D4F7726,Stephy Tang,Zi You Zi Zai,148.252,0,1,1,-9.151,205.06077
SOLKIUR12A8C1393C5,Grup Knar,Burma Diginin Eger Er,156.239,5,1,3,-10.709,106.63138
SOIGEWM12AB0184077,Andrew W.K.,Long Live The Party,191.144,4,1,4,-4.008,240.40444
SOASGOU12A6D4FBAED,Jim Kweskin,If You're A Viper (LP Version),182.773,4,1,1,-12.528,122.33098
SORQCTW12A8C13AB09,Amilcar,L4-L5,87.882,0,1,1,-14.631,277.7073
SOAHYMX12AB0182021,Basement Jaxx,Sfm,130.862,7,1,7,-4.665,161.85424
SOPBCHO12A8AE4808C,Commander Cody And His Lost Planet Airmen,Hawaii Blues (Album Version),123.713,4,1,4,-8.353,185.44281
SOBGPAH12A58A78C55,Wyclef Jean,Heaven's In New York,85.964,6,1,4,-6.748,287.50322
SORXYBE12A6310E27A,Thomas Dolby,Screen Kiss,88.928,11,0,4,-17.428,328.72444
SOFOWNK12AB018C539,Blind Lemon Jefferson,Long Distance Moan,106.798,10,1,1,-28.197,201.79546
SONWRPE12A58A7B042,The Distillers,Oh Serena,162.727,3,1,4,-4.048,152.68526
SOERNBP12A8C13D228,Dan Shen_ Gruppo Vocale Cantemus_ Ensemble Airone_ Luigi Marzola,Miserere: XVII. Quoniam Si Voluisses,47.421,11,0,1,-25.063,56.71138
SOLBVPH12AB018577F,Moraes Moreira,Bateu No Paladar,215.595,11,1,3,-7.622,249.23383
SORQGPC12AB01859EA,Smidi Beats,All Shook Up,98.128,6,0,4,-14.497,199.18322
SOYACRZ12A6D4FA356,The Robert Cray Band,Bad Influence,127.373,1,0,4,-7.933,173.322
SOXZRXO12A8C134918,Juan Carlos Baglietto,Como Boomerang,131.724,7,1,4,-11.54,205.84444
SOBMUYO12AB0183BAC,Jacques Higelin,Quand j'improvise sur mon piano,120.203,9,0,1,-10.829,163.05587
SOLZRNM12AB0182048,Kool Moe Dee,How Ya Like Me Now,104.171,6,1,4,-7.0,336.43057
SOHERCW12A8C14292A,Alternative TV,Lemons_ For Kevin,136.964,2,0,4,-13.846,237.08689
SOLIERS12A58A75718,Abbott & Chambers,Where Are You,138.012,7,1,4,-6.466,496.06485
SOEUWCB12AB0183A31,Indica,Ihmisen Lento,112.795,7,0,4,-6.676,210.85995
SOOOWUL12AB0182785,Danny Wright,Walking in Faith_ Reprise,108.718,0,1,4,-17.471,109.03465
SOWLRCG12A6D4F7D25,Bad Azz,Tha Stand,86.979,10,1,4,-5.108,211.30404
SOETFHY12AAF3B3FD4,Pagan Wanderer Lu,Knight -> King 4,134.909,7,1,3,-7.523,346.25261
SOENVPC12A58A771C4,Little Eva,Up On The Roof (LP Version),120.026,1,1,4,-7.517,171.78077
SOXIDBV12AAF3B3B76,Eduardo Dusek,Nostradamus,111.802,2,1,3,-7.667,160.7571
SOGVKJE12AB017DA9C,Alfredo Gutiérrez,Linda mariposa,95.971,0,1,4,-6.013,133.95546
SOMAJVT12A6D4FB162,Why?,Miss Ohio's Nameless,132.462,0,1,1,-6.913,173.68771
SOIHARY12A8C1338E8,Amil,Get Down,90.894,7,1,4,-6.875,269.19138
SOIAQFI12AF729E236,Pepper,Musical 69,98.173,9,1,3,-5.935,172.87791
SOBKSMX12A6D4F9750,Hi-Tack,Say Say Say (Waiting 4 U) (Tocadisco's Not Guilty Remix),129.146,7,1,4,-7.908,345.96526
SOUAOPT12AB0182B82,Alex Gopher,Keep on dancin' (Last man standin'),125.147,7,1,3,-12.114,684.79955
SOLDBZO12A8C13D2A5,Kékélé,Dido,139.243,9,1,5,-6.112,264.12363
SOXXYXY12AB01851E5,Hank Penny,Steel Guiter Stomp,117.726,1,0,4,-12.361,170.47465
SOFPYWI12AB017E7C0,Dealership,I Don't Want Your Love,107.002,10,1,4,-7.403,103.52281
SONSVNR12A8C1405E7,Frankie Howard,Three Little Fishes,165.903,8,1,5,-18.75,198.73914
SOEOEZA12AB018530E,Freakhouse,Submit,78.019,7,1,3,-3.638,204.06812
SOARXSQ12A67020F78,The Smashing Pumpkins,Rocket,115.938,0,1,3,-11.253,246.93506
SOCPVQM12AB0184ABB,Starski and Clutch,Belle Isle Players,165.252,1,0,4,-13.248,239.80363
SOZBCID12AC468B7E6,Sunnyland Slim,Hard Times (feat. Floyd Jones),106.545,9,1,1,-14.101,148.47955
SOIJZUS12A6D4F73B1,The Highwaymen,Abilene,154.188,7,1,3,-20.803,277.83791
SOKYNPU12A6D4F8462,Juan Carlos Baglietto,Amor Siciliano,86.794,0,1,4,-11.06,225.33179
SOQFVNY12A58A7F001,Gaither Vocal Band,Passin' The Faith Along,86.249,7,1,4,-9.324,180.92363
SOAAFUV12AB018831D,Big Mountain,Where Do The Children Play? (LP Version),149.169,2,1,4,-7.885,216.05832
SODTEMK12AF72A7210,Simon & Garfunkel,A Simple Desultory Philippic (Or How I Was Robert McNamara'd Into Submission),181.41,2,1,4,-10.222,138.70975
SONDTMH12AC468965E,Professor Longhair,No Buts - No Maybes,164.648,3,1,4,-7.992,127.37261
SOXINEE12AB0189B66,Kommunity FK,Junkies 1984,91.312,3,1,1,-6.667,213.75955
SOYXCOI12A8C1421AB,Richi M.,Wake Me Up,136.826,1,1,4,-8.729,590.00118
SOVTNTH12A8C1421C9,Stevie Ray Vaughan And Double Trouble,Come On (Pt. III),158.136,4,1,1,-9.716,256.13016
SOIYMOP12A6D4FB02E,Foghat,Three Wheel Cadillac,187.314,9,1,4,-6.961,235.75465
SOHVBFS12A8C13E159,Slim Whitman,Cattle Call,106.637,0,1,3,-11.271,152.42404
SOZGJIY12AB0186634,Brian Auger's Oblivion Express,Voices Of Other Times,107.053,0,1,4,-12.601,360.30649
SOIIXNV12AB018265A,Unearth,Crow Killer,77.399,7,1,4,-5.071,197.25016
SORMVVP12AB017B071,Tim Hughes,Dance,145.962,0,1,4,-7.205,268.2771
SOCZBGK12AB0187C35,DJ Icey,A Little Louder,132.986,11,1,4,-6.705,325.98159
SOFWEJY12A8C131DF1,King Curtis,Misty,43.211,5,0,4,-18.199,169.01179
SOAIEMM12AB017EC98,The Black Crowes,Locust Street (Album Version),98.176,7,1,1,-7.183,254.74567
SOHPFBD12A8C133971,Scott Krippayne,The Main Thing (LP Version),96.0,1,1,4,-7.82,230.00771
SOBWYOK12A6D4F9314,El Gran Silencio,Ayer,143.947,7,1,4,-6.195,300.09424
SOVEVBC12AB0185DCB,Der Moderne Man,Sinnloz/ Anakonda (live),148.244,5,1,4,-8.702,195.18649
SOSRUNU12A6D4F988C,Babbu Maan,Kudian Kudian,94.986,4,0,4,-7.159,227.7873
SOGOFSR12A8C13CE47,Yuppie Pricks,Prick For President,106.662,11,1,4,-1.83,134.50404
SOYZBUV12A8C1393FD,Erik Berglund,Ave Maria,79.632,10,1,5,-9.473,354.66404
SOZMMFV12AB0183F74,Rodney O & Joe Cooley,Supercuts,118.933,6,0,4,-13.262,346.22649
SOYDZUT12A8C13677D,Mando Diao,Annie's Angle,150.276,9,1,4,-4.8,182.282
SOJUTVA12A8151E862,The Hit Factory,Explode (Instrumental),133.29,9,0,4,-7.027,233.76934
SOSMUCO12A8C13AE8E,Ramón Vargas,Dal labbro il canto,126.07,8,1,4,-28.536,255.21587
SOUVAZT12AB017C119,Barbara Jones,You Are Always On My Mind,165.754,2,1,4,-7.055,224.91383
SOVGPMI12AB0183BA2,Schoolyard Heroes,Dreidel_ Dreidel_ Dreidel_ Dreidel!,86.409,6,1,1,-5.898,103.41832
SOPRCGJ12A58A80410,Arturo Sandoval,Waheera,200.42,5,0,1,-11.105,315.48036
SOEWQBT12AC3DF93A7,Christie Hennessy,The All-Ireland,130.588,7,1,1,-16.183,180.76689
SOWFZZY12A8C142E99,Sirka Ragnar,Port now!,160.03,7,0,4,-5.076,177.94567
SOYDJQU12AB018BD6F,Richard Walters,All at sea,127.719,10,1,3,-9.627,193.93261
SOIARWN12AF72A5A63,It Dies Today,Sixth of June,160.126,6,0,4,-3.337,184.24118
SOWWQST12A8AE4675B,Richie Ray & Bobby Cruz,El Gallo Y La Vaca,109.505,7,1,4,-2.348,209.162
SOKSSME12AB0187610,Les Paul_ Mary Ford,Goofus,200.562,11,1,1,-8.148,158.40608
SOSOEOS12AC468911E,Little Brother,Second Chances feat. Bilal & Darien Brockington,100.415,11,0,4,-7.534,245.28934
SOIRCZT12A8C13F724,Vaggelis Perpiniadis,To Diazigio,108.556,2,1,1,-10.42,174.52363
SOXHXDU12A8C13BAF0,Olivier Messiaen,Les Corps Glorieux (7 Visions De La Vie Des Ressuscités) (1939) : VII Le Mystère De La Sainte-Trinité,131.619,2,1,4,-42.472,462.0273
SOAOXXE12AB0182517,Charlie Byrd Trio,Travellin' On,161.694,7,1,1,-21.115,267.4673
SODSKGE12A8C144435,Herb Alpert And The Tijuana Brass,Flowers On The Wall,184.279,2,0,1,-9.144,126.79791
SOBNYPF12AB0179B22,Tim Exile,Family Galaxy,116.795,10,0,4,-6.628,305.55383
SOCQTHA12AB0181C33,Glen Ricks,Fall In Love,84.994,4,1,4,-11.442,218.87955
SOVJSWO12A8C13426D,Chango Spasiuk,Autores Anonimos,84.212,5,1,1,-19.65,36.20526
SOZUCVS12AB0182119,Black Messiah,Gullveig,124.037,2,1,4,-5.461,488.41098
SODICKC12AB0186806,Eric Burdon,Motorcycle girl,145.858,2,0,4,-7.111,232.64608
SOJLUXH12A6D4FD0CE,unloco,Reckoning (Album Version),155.793,6,1,4,-5.673,205.73995
SOQMDHI12A6D4F98DC,Gene Chandler,Festival Of Love,92.293,5,1,3,-15.631,148.11383
SOENKHG12A58A79945,Little Milton,You Were On The Right Street,162.226,10,1,5,-7.049,193.85424
SOVNIWE12A8C144C9E,Bobby Vee,I Wouldnt Change A Thing,115.185,7,1,4,-12.387,258.61179
SOIOCUC12A8C13EDAA,The Misfits,Halloween II,83.953,2,1,1,-9.742,133.27628
SOPDUIV12A8C1367B5,GG Allin,Garbage Dump,140.97,10,0,1,-12.186,143.59465
SOZTRYZ12A8C13D285,Tanya Chua,Zuo Li Bu An,147.892,8,1,4,-6.217,254.24934
SORYJIP12A8C139505,The Cutting Edge,Cutting Edge,147.173,1,1,4,-13.075,481.07057
SOZIIHW12AB0189AFA,Natalie MacMaster,Father John Macleod's Jig,109.097,2,1,3,-10.359,175.49016
SOVRBKR12A8C133AF2,Southside Johnny Lyon,Please Come Home For Christmas**,94.938,4,1,3,-23.94,160.93995
SOKZNMZ12A6D4F7D44,EPMD,Please Listen To My Demo,122.838,7,0,1,-11.199,181.39383
SOMHYKZ12B34F1F013,Patti Smith,Lo and Beholden,97.147,2,0,4,-8.342,283.19302
SOHJJTY12A8C139876,Jaime Urrutia,Caray! (con Loquillo_ directo Enjoy 07),133.01,5,1,4,-5.97,214.43873
SOLTLEZ12AB01886B3,Dean Martin,Pennies From Heaven,63.16,5,0,3,-13.296,134.94812
SOOONHL12AB01824B1,Danny Diablo feat. Puerto Rican Myke,31 - 40,94.335,11,1,4,-13.483,281.49506
SOCJDLS12A8AE468B4,Mudhoney,When Tomorrow Hits (Album),83.122,1,0,4,-15.959,159.58159
SOGBZFX12A8C13C9BA,Faithless,Take The Long Way Home,130.002,0,1,4,-7.852,275.12118
SOFWWUB12AB018CEA6,Demonbreed,Blood Will Fall,121.487,6,0,5,-6.392,329.40363
SOVRUGO12A8151D3B3,Blackfoot,Train_ Train (LP Version),121.483,9,1,4,-12.347,177.8673
SOMWLYI12A6D4F519D,Smiley,Come On Shake My Feelin',110.043,9,1,4,-7.789,186.06975
SOLLOTO12AB01804C6,Grizzly Bear,Deep Blue Sea (Daniel Rossen home recording),85.003,9,1,4,-14.372,351.50322
SOGPSMM12A8C13FDBA,GARFIELD,Garfield - A Tail Of Two Kitties: Mirror Dance,81.646,10,0,3,-22.386,53.86404
SONJZMT12AB018299D,André Verchuren,Maria Morena,120.643,0,1,1,-10.062,139.62404
SOJIBPK12A8AE4657E,George Dalaras,Ammohostos,47.447,7,0,4,-14.618,164.77995
SONQXNP12AB017F81B,Stephen Marley / Damian Marley,The Mission,115.823,9,0,4,-7.842,273.89342
SONHTWP12A8C142744,Manolis Famellos & I Podilates,Vals '89,94.301,0,1,3,-11.719,162.58567
SOANXLR12A6D4F82BF,Blondie,Rapture (Us Disco Version) (1999 Digital Remaster),215.006,0,1,4,-10.448,431.75138
SONHKXA12AB0180478,Emperor,In the Wordless Chamber,169.423,0,1,3,-5.315,334.68036
SOOUILN12AAA8C75EF,Darcelys,Un Petit Cabanon Pas Plus Grand Qu'Un Mouchoir De Poche,166.935,0,1,3,-15.412,152.842
SOCNYGS12AB01832B8,Annie Blanchard,La vérité,113.287,5,1,4,-10.021,252.44689
SOPIHMB12AC468E0DD,Uriah Heep,Ghost of the Ocean (Live),149.921,7,1,4,-8.151,214.25587
SOCEHMD12A67AD94C4,Akon / Kardinal Offishall,Belly Dancer (Bananza) Remix ft. Kardinal Offishall,100.364,10,0,4,-6.583,207.20281
SOJCZUF12AB018A68B,Gal Costa,Me Recuso,149.039,9,1,4,-17.225,252.02893
SODRPJT12AC468DEF1,Alain-François,The frog song,136.044,2,1,7,-5.91,169.87383
SOUNAAM12A8C13A752,Facto Delafe y las flores azules,Lametavolante,194.012,7,1,4,-5.726,127.79057
SOSBXRW12AB01857E0,Red Foley,Old Shep,38.443,4,0,4,-10.697,192.80934
SOFQJNR12A67ADE64E,Jaime Urrutia,Azzurro,120.464,8,1,4,-5.688,278.96118
SOPGXXV12AB0183709,Radiohead,Bullet Proof ... I Wish I Was (Acoustic),153.08,7,1,4,-18.146,214.7522
SORPYYA12A8C135B7F,The Weegs,Petticoat,159.041,10,0,5,-7.215,177.18812
SOGUVEM12A58A7E90C,Plasmatics,Sometimes I,113.11,2,1,4,-11.425,230.66077
SOCQZZN12A8C13B3F4,Maria Callas/Giuseppe di Stefano/Orchestra del Teatro alla Scala_ Milano/Gianandrea Gavazzeni,Un ballo in maschera (2002 Digital Remaster)_ Act 2: Oh_ qual soave brivido (Riccardo/Amelia),76.731,4,0,3,-16.618,233.40363
SOFKXQZ12A8C1422D9,Yvette,Je me sens libre,130.03,11,0,4,-6.103,405.002
SOCDQCT12AAFF429B6,Tanika Turner,Compatible,95.039,6,0,4,-8.073,232.72444
SOVKVJM12A6D4F972F,Mark Wills,How Bad Do You Want It,96.071,2,1,4,-5.849,210.33751
SOKDDJT12AB017C4B7,Grupo Batuque,Ole Ola,0.0,1,1,7,-4.411,270.39302
SOJIMPZ12AAF3B5B92,Computer Paul,Cuts (Bobby's Still In Williamsburg),127.983,11,0,4,-7.972,577.48853
SOLVLUY12A58A7BD24,Tony Joe White,I've Got A Thing About You Baby (Album Version),89.102,7,1,4,-15.733,162.0371
SOMMGBR12AF729EB7E,The Elders,Moore Street Girls,108.04,9,1,4,-7.3,231.00036
SORNTMR12A8C13F949,Dan Shen_ Gruppo Vocale Cantemus_ Ensemble Airone_ Luigi Marzola,Miserere: IV. Quoniam Iniquitatem,30.553,11,1,1,-34.162,16.40444
SOEYLYV12AB0185C8A,Tomash Gee,Bad,146.999,1,1,4,-4.198,373.75955
SORAIKD12AB018A306,Yuridia,Estar Junto A Ti (Angel),116.629,2,1,1,-14.612,265.92608
SOGCHIX12A8C13DCC9,Gloria Lasso,Le Pull Over,109.509,9,1,4,-11.685,162.16771
SOQKYHD12A8C139193,Claw Hammer,Speak Softly,167.156,2,1,1,-8.85,293.8771
SOLOMCQ12A8C135B73,The Weegs,Slivery,148.735,6,0,4,-7.008,192.20853
SOVDLSZ12A8C140662,Bizzy Bone,A Song For You (Feat. DMX and Chris Notez),84.971,8,1,4,-5.066,238.21016
SONBSUA12A8AE47EE5,Debra Laws,On My Own (LP Version),119.697,0,1,4,-8.219,257.48853
SOBUBWM12AB0185123,Der Plan,Alter Mann,54.468,9,1,4,-15.478,136.82893
SOVIZEV12A8C1377F2,Christian Quast,You Are!,125.049,6,1,4,-13.431,466.33751
SONGGNI12AB0184B1E,Chapta_ Stage McCloud_ SupaStarr & Tony Manshino,Get F#%ked Up,78.612,10,0,3,-4.733,274.38975
SOZPRDS12A8C134E2E,The Monroes,Arabian Night,132.369,4,0,4,-4.07,219.61098
SOCGTRV12AAA15DE67,Red Stick Ramblers,Why_ Now Baby?,101.235,2,1,1,-9.265,194.0371
SOXIWDR12AF72A5E4E,Cece Winans,The Wind (Tears For You),124.766,11,1,4,-8.998,288.91383
SONGITI12AF72A2AF5,Mobb Deep,(The Grave Prelude),93.785,10,1,4,-13.662,50.15465
SOFDEKM12A6701E597,KT Tunstall,Boo Hoo,128.205,7,1,4,-10.997,308.63628
SOMYPEW12A6D4F6C04,Milk Inc.,Losing Love (DJ Wout Remix),140.023,0,1,4,-10.674,430.65424
SOLCSRR12AB017E36E,Doyle Bramhall,Ooh Wee Baby,89.922,2,1,3,-7.194,252.36853
SOFVUCR12A6D4FBCE4,ÄI-TIEM,All das mag ich,93.978,7,1,4,-10.948,323.3171
SORWVBQ12A8C1410D7,Doc & Merle Watson,Three Times Seven,100.483,4,1,4,-16.522,140.5122
SOOYBRW12A8C13C277,Sasha,Owner Of My Heart (Album Version),95.962,7,1,4,-6.282,220.99546
SOGDLRA12AC468F00B,Berrogüetto,Navicularia,166.431,0,1,3,-10.413,363.31057
SOGIFFP12A6701BF53,DMX / Dyme,Good Girls_ Bad Guys,119.579,2,1,4,-4.422,233.40363
SOIVRIF12AB0186852,The Gone Jackals,Janus (Riff Monster - topical),142.801,10,1,4,-5.817,207.33342
SOPTRXF12A8C135387,The Jackson Southernaires,Jesus Can Work It Out,110.709,1,0,4,-6.749,187.32363
SOMMLUE12AB0187FCC,William Goldstein,Bartholdi's Dream,112.328,0,0,4,-24.188,115.74812
SOIIQRB12A8C1349E9,Danger Danger,Rock America,164.171,4,1,4,-7.866,292.85832
SOHEQWN12AB0183127,Legacy Five,Wy Wouldn't I,156.131,8,1,4,-10.088,168.12363
SOEKGVX12AC39275FD,Clay Crosse,Givin' My Love,143.245,3,1,3,-9.817,256.33914
SOUCKDH12A8C138FF5,Coldplay,Don't Panic,122.291,0,1,4,-8.501,139.12771
SOCKHZY12A8C142F79,Josh White,My Soul Is Gonna Live With God,133.972,8,1,1,-18.449,181.49832
SOCYSYD12AAF3B2F7B,José Roberto Bertrami,Sheds And Weeds (Barracos E Arbustos),103.277,7,0,1,-15.439,204.87791
SONIIAC12A67AD84E5,30 Seconds To Mars,Hunter,106.525,10,1,3,-10.807,234.73587
SONKSSI12AB0188CB2,Elizete Cardoso,Cancáo Do Amor Demais,63.621,1,1,1,-18.276,103.18322
SOTFKBC12A8C13189D,Eddie Money,Runnin' Away,120.581,0,1,4,-10.633,213.68118
SOIHCDS12AC4687731,Orquesta Harlow,El Terror,124.001,9,0,4,-9.076,281.59955
SOBWVGX12AB017BD87,Belle and Sebastian,Like Dylan In The Movies,104.494,1,0,1,-10.504,250.69669
SOQHNAC12A81C22229,Little Milton,Who Can Handle Me Is You,142.739,8,1,1,-13.336,185.36444
SOCIVUH12A8C138A99,Steven Halpern,Bamboo Blue,144.544,6,0,4,-16.663,264.82893
SOMHGMP12A6D4F5904,Thrice,The Earth Will Shake,125.019,9,0,4,-5.257,268.17261
SOPLIYZ12A6D4FBB08,Silverstein,MY CONSOLATION (LP Version),202.068,9,1,5,-6.818,242.83383
SOJSGWO12AF72A2C49,Mando Diao,All My Senses,119.346,6,0,4,-5.403,251.03628
SOZICVP12AC3DF5451,The Russell Family,Tatter Jack Walsh,117.005,4,0,3,-31.127,96.86159
SONMMXM12CF530E58E,Shakira,Ojos Así,87.054,6,0,5,-7.936,409.99138
SOLWSUT12AB0188BE5,Ya Boy,How U Want It?,117.66,2,1,1,-10.649,208.14322
SOZLBPC12AB0183CEF,The Harvey Averne Dozen,The Think Drink Theme,92.082,10,1,1,-15.489,166.81751
SOBJCMO12A6D4F756F,Taking Back Sunday,Spin (Album Version),95.254,11,1,4,-4.164,219.79383
SOCUBIC12A8AE45AF0,The Clash,Lose This Skin,120.223,9,1,4,-5.49,308.50567
SOIKYJF12A8C138BB7,RUN-DMC,Run's House,198.564,0,0,4,-5.068,201.82159
SOERSNE12AB018DCF3,Mystic Revelation of Rastafari,Ethiopian Serenade,118.132,5,0,4,-18.933,250.90567
SONBWUH12A8C1421BB,Joshua Rifkin,Réjouissance [I'll Cry Instead],90.318,2,1,1,-15.007,111.46404
SOPQQMH12A81C2177E,Flora Purim,Latinas,136.234,4,1,3,-20.831,222.9024
SOEJUVY12A8C135C4A,Danny Elfman,The Kingdom - Titles,85.807,3,0,5,-14.107,269.7922
SOGXQWP12A58A7D7C8,Suzy Thompson,Drunken's Man's Dream,151.576,7,1,4,-11.846,196.91057
SOSVBAP12A58A7ABC2,Behemoth,No Sympathy For Fools,118.817,1,1,5,-5.117,229.40689
SONLXKV12A8C13CD49,Mary Black,Katie,116.673,10,1,4,-11.691,283.61098
SOILAJR12AC3DFB3BA,Dolores Keane,Dangerous Dance,180.532,7,1,3,-16.454,249.93914
SORBWQW12A8C130C25,Keb' Mo',I Am Your Mother Too,86.631,7,1,3,-16.239,242.80771
SOMIVSA12A8C1419AA,Mart'nália,Cabide,144.548,7,1,1,-9.602,157.07383
SONKRUI12AF72A1956,George Lopez,Dogs,75.114,10,1,1,-15.149,297.22077
SOQPFPI12AF72AC7F4,Opiate For The Masses,21st Century Time Bomb,80.006,9,1,3,-3.3,233.11628
SOSRXYE12A8C13E41A,Quincy Jones,Exodus,109.86,11,0,1,-12.328,204.82567
SOFDJER12A6D4FD361,Ministry of Sound,Bitesize - Electro Beats Mix,85.958,1,1,3,-7.661,1686.7522
SOAXRPH12A6D4F802D,Bow Wow Wow,C30 C60 C90 Go,231.725,10,0,1,-10.137,182.9873
SOCLLWU12A8AE47C66,Pascal Obispo,La Machine,130.057,6,0,4,-8.909,246.56934
SOXNMRG12AB0183958,Kamelo Punto Semos,No tendrás casa,133.036,4,1,4,-6.86,258.84689
SONLFOB12AB017C555,Les Brown,Harlem Nocturne,86.441,1,0,1,-14.319,172.87791
SOOJCHC12A6D4F81E1,Sister Hazel,Think About Me,138.581,7,1,1,-5.15,188.62975
SOQTFZH12AB0188264,Barbara Jones,Moonlight Lover,176.932,6,1,4,-9.375,242.20689
SOKJZRV12A6D4FBEF7,Rooney,Get Away,119.406,11,0,4,-3.324,171.93751
SOKVJQB12A6D4FD0CE,8Ball & MJG,Pimpin' Don't Fail Me Now [Featuring Jazze Pha and Juvenile] (Explicit Album Version),170.046,1,1,4,-5.674,236.93016
SOSXIUD12AB017FBB6,Timothy Byram-Wigfield,Les Corps Glorieux: III. L'Ange aux parfums,112.238,0,1,3,-32.934,473.46893
SOZNESJ12A6D4FD187,Atreyu,Nevada's Grace (Album Version),128.639,8,1,4,-5.512,227.99628
SOHSQVS12A8C1369F2,Jazz Crusaders,Top Of The World,96.617,1,1,1,-9.718,406.07302
SOCYUZL12A6701FA23,Madonna,Bedtime Story (Album Version),111.958,7,1,4,-13.603,248.55465
SOWHFID12A8C133F6B,Scott Wesley Brown,This Little Child (Brown),111.915,10,1,4,-14.696,350.11873
SOPYTTP12A81C22D88,Ashes to Ashes,Pass The Earplugs,110.005,1,1,4,-6.125,215.40526
SOBVERW12AAF3B56C0,Faith Hill,Silent Night_ Holy Night! (Album Version),37.656,6,1,4,-16.402,189.67465
SOHZUGI12AB0188802,Forensics,Crappy Shop (50 Cent Diss Track),96.528,11,0,1,-12.995,381.33506
SOIJYGX12AB0185610,The Rolling Stones,Fortune Teller,173.845,2,1,1,-6.999,116.92363
SOAEHWD12A58A7E36C,Amoral,Metamorphosis,129.962,7,1,4,-5.306,306.38975
SODHTHF12AB0184F53,Tony Martin,Ebb Tide,80.609,7,0,1,-26.928,216.24118
SOAKFMO12AB017DE84,Kool Moe Dee,Way Way Back,110.153,1,1,4,-11.151,272.8224
SOWIEEH12AC468C6C1,Fudge Tunnel,Spanish Fly,140.638,4,0,3,-13.702,325.72036
SOGEIFG12AB018E42D,DJ Nasty,Southern Fried,149.956,11,0,4,-15.386,195.13424
SOKWAIM12A8C137350,Dusminguet,Africa,106.073,7,1,4,-9.688,173.97506
SOTNWCI12AAF3B2028,Taylor Swift,The Way I Loved You,160.786,5,1,4,-4.536,245.36771
SOKWEYI12AB018B712,Roger Williams,The High and The Mighty,86.721,10,1,4,-21.186,161.95873
SOQOSFA12AC960D97D,France D' Amour,Je n'irai pas ailleurs,95.068,3,0,4,-4.858,229.79873
SOLEIOS12AB018372B,Nancy Walker,Ya Got Me,75.77,0,1,5,-14.12,162.79465
SOIDKSM12A8C13C275,The Paul Butterfield Blues Band,All In A Day (Live @ The Troubadour_ LosAngeles),200.105,5,0,7,-9.839,490.84036
SONCRFH12A8AE495EF,Aeoliah,The Passion (Regular),99.21,5,1,5,-26.236,262.53016
SOMMAMA12A8C13F9E7,Tony Martin,Where in the World,66.568,3,0,3,-16.643,192.54812
SOUTCRW12A8C13D937,Kiss,Domino,91.413,2,1,1,-8.471,240.45669
SOJOGRW12AB0183B0C,Glen Washington,Love the One You're With,158.242,1,0,4,-11.97,203.75465
SOHCGGR12A58A78585,Miguel Gallardo,Dedicado,108.789,10,1,4,-10.369,227.60444
SOIASMV12AB0182DC0,Dionne Warwick,Just One Of Those Things,101.421,7,1,3,-13.765,210.96444
SODJKTV12A8C137456,The Jackson Southernaires,Keep On Doing What I'm Doing,115.262,7,1,3,-11.703,193.25342
SOJVPKL12AB018E875,Jah Cure,To Your Arms of Love,168.979,8,1,4,-3.362,210.85995
SOPNFYY12AB01828D4,Swallow The Sun,...and Heavens Cried Blood,71.758,0,0,4,-6.317,377.75628
SOFHYZU12CF530E59B,Janet Jackson,Again,129.542,0,1,4,-10.252,227.082
SOMNCXX12A8C130C46,Bare Jr.,Tobacco Spit,91.973,7,1,4,-7.837,230.05995
SOHBPQS12A58A7A631,João Gilberto,Eu E Meu Coracao,55.596,2,1,4,-22.083,312.05832
SOYXOJV12AB017FC27,Basement Jaxx,Twerk (feat. Yo Majesty),85.332,0,1,5,-5.2,210.20689
SOHMBBX12A58A7926C,Nightwish,Sleepwalker,78.006,9,1,5,-5.921,175.80363
SOJCZRX12A8C1342A8,Stanley Clarke & George Duke,Finding My Way,132.465,11,0,4,-14.253,339.09506
SOOYFUC12A8C13F122,Plump DJs,Creepshow Remixes (Soul Of Man Mix),129.961,11,1,4,-8.564,490.55302
SOEZHBW12A8AE45C83,Jean-Jacques Goldman,Comme Toi (Live),120.704,2,0,4,-14.457,327.65342
SODTWEQ12A8C140FDB,Dennis Brown,Go Now - Original,157.619,1,1,4,-10.999,205.24363
SOYEPDE12A67ADCF1B,Faith Hill,There Will Come A Day (Album Version),154.434,11,1,4,-9.031,253.1522
SOUWQYP12A8C1373F2,Estopa,Exiliado En El Lavabo,142.869,11,0,4,-12.359,195.83955
SOETWIB12A58A7A90D,Lee Michaels,Fell In Love Today,101.015,7,1,1,-11.723,118.88281
SOMKNJK12A8C145989,The London Pops Orchestra,Smile,67.6,6,1,4,-16.755,204.2771
SOIAUJN12A6D4F79BE,The Police,Voices Inside My Head,108.565,7,1,4,-13.425,233.45587
SOEOUCQ12A6BD4F935,Despina Vandi,Kalanta,87.965,9,1,3,-7.865,307.87873
SOVJFWT12A6D4FA5D4,Mark Feldman_ John Taylor_ Anders Jormin_ Tom Rainey,Everafter,86.175,8,1,4,-27.513,527.82975
SOAFHDJ12A8C13F6FF,Frank Stokes,Nehi Mamma Blues,172.348,2,1,4,-16.079,190.92853
SOQXPGC12AB017E91A,John Wesley Ryles,Living Again,101.348,2,1,4,-15.878,183.95383
SOQVFVG12AAF3B3FA5,Bobby Broom,Where Is The Love?,124.883,8,1,4,-14.856,382.98077
SOCYGVT12A8C13ED02,Bill & Gloria Gaither,Farther Along (Favorite Hymns Sung By The Homecoming Friends Album Version),111.321,3,1,3,-9.489,216.18893
SOTQFQD12AB017BCDC,Max Steiner,Presenting The Eight Wonder Of The World,134.759,0,1,3,-15.511,24.13669
SOMARKF12A8C139E6A,Alfredo Kraus,La Alegria Del Batallon,92.409,8,1,1,-17.667,135.13098
SOZHWVN12AB017FAA2,Carman featuring Commissioned & The Christ Church Choir,The Same God,149.978,9,1,4,-7.914,247.14404
SOEZRMA12A58A7D1C3,Junie,Rappin' About Rappin' (Uh-Uh-Uh),102.682,11,0,4,-8.71,243.69587
SOALNDY12AB0182A18,Freddie McGregor,Walls Of Jericho (Album Version),124.088,11,0,4,-9.44,210.52036
SOBHHSV12A8C142BF5,Los Amigos Invisibles,Ultra-Funk,109.35,9,0,4,-6.505,218.67057
SOGBFJS12AB0183AB7,Byron Cage featuring Tye Tribbett,In The Midst,119.194,1,1,4,-4.681,240.43057
SOWEZBD12A6D4F8143,Moonspell,Sacred,120.064,1,0,4,-7.145,313.46893
SOVDNXZ12AC3DF9EA4,Vickie Winans,You Turn Me,179.934,5,0,4,-8.139,347.42812
SOIOOWC12CF530D524,Dolly Parton,It's All Wrong_ But It's All Right,143.804,7,1,4,-10.691,193.54077
SODWIDI12A6D4FA683,Frederic Galliano,Nomades Monades,81.983,10,0,4,-20.282,1394.75546
SONMZEM12A6D4FD284,Room 5,Hidden Sun,127.99,4,0,4,-7.611,403.01669
SODYJEQ12AB0180054,Lambda,Hold On Tight,128.07,1,0,3,-7.944,180.79302
SOVQKDF12AB01834B3,Statues,The Last Stand,182.195,9,1,4,-5.39,127.73832
SOMAJWB12AF72A6875,Zeromancer,Mosquito Coil,93.001,2,0,4,-8.704,277.81179
SOHIDSZ12A6D4F7CF5,Gang Starr,The Planet (Explicit),209.396,7,1,4,-10.518,316.02893
SOGZXGR12AB017F004,Al Denson,Rain Love,80.137,9,1,4,-8.7,249.67791
SOQGFFB12A6D4F9C7F,Buckwheat Zydeco,Buck's Going Downtown (Album Version),124.325,0,1,3,-10.165,416.23465
SORAWOD12A8C142B3F,Strata,Trio (1932)_ Movement 3: Moderato,91.854,7,0,3,-20.406,409.83465
SOPYDEH12AAF3B279A,Poncho Sanchez,Lip Smacker,111.985,5,0,7,-11.951,372.37506
SOMMTIX12A8C139A75,Leona Naess,Heavy Like Sunday,147.256,8,1,4,-9.042,179.74812
SOXHMJM12A58A7A33A,Phil Collins,Dance Into The Light (LP Version),87.871,7,1,3,-6.548,262.00771
SOAQDXZ12A58A7FFBC,Roger Subirana,Un Res Pyr,116.866,8,1,4,-14.015,288.07791
SOILDHG12AB0188DDF,Natural Elements,NE Thang,76.76,4,0,7,-12.141,220.83873
SOJBPLF12AB018362A,Kathy Mattea,Standing Knee Deep In a River (Dying Of Thirst),132.335,0,1,4,-9.352,250.33098
SOIPGLN12A58A7C54F,Vilma E Vampiros Palma,Se Puede Salir,127.879,7,0,4,-7.724,265.32526
SODPBUM12A8C142299,Albert King,I'm Gonna Move To The Outskirts Of Town - Live,96.804,9,1,3,-13.004,454.84363
SOHKXIB12A81C207F1,Frankie Negron,Comerte A Besos (Bachata Version),125.007,11,0,4,-6.035,260.8322
SOROXGS12AB0180D21,Seamus Egan,The Munster Cloak,98.355,7,1,1,-15.717,184.2673
SOAOCCQ12AB0183F50,Tiny Tim,Sweet And Lovely,87.895,5,1,4,-13.265,236.77342
SOCSZBL12CF530E5B0,N.E.R.D.,Intro / Time For Some Action,113.034,11,1,4,-5.795,222.6673
SOQDTMC12A6D4FA1D2,Naughty By Nature,The Hood Comes First (LP Version),199.652,6,0,4,-12.711,216.60689
SOPGVOO12A8C13E37D,React,Fabrication,126.412,4,0,1,-10.158,131.082
SOMYHTA12A6D4FB87D,Tresenlesen,Das Gelübde,174.332,4,1,5,-12.119,239.46404
SOQNJSP12AB017D3B5,The All American Rejects,Jack's Lament,109.697,2,0,5,-9.322,195.18649
SOEOYCV12A8C13CC6F,Malefaction,Drowning In Public Approval,151.379,5,0,3,-3.807,76.90404
SORCCVC12A8C13DFB5,Los Van Van,Appapas Del Calabar,202.153,7,1,4,-5.801,268.042
SOXFWZI12A58A7D561,Washboard Sam,I'm On My Way Blues,92.574,0,1,1,-16.597,169.22077
SOWNYEK12A6701F046,Viktor Krauss,Side Street,93.394,10,0,4,-21.361,243.1473
SORRHHE12A58A7EAC1,Dan Cummins,Chocolate Squirrelador (Album Version),112.194,5,0,1,-13.605,140.43383
SOFLNBJ12AB017EC59,Willy DeVille,Cadillac Walk (Album Version),143.592,2,1,1,-5.883,439.30077
SOPQSPR12AB0183C46,Pescado Rabioso,Aguas Claras De Olimpos,80.754,7,1,1,-13.209,526.21016
SOALBQW12A8C142359,Justin Timberlake,What Goes Around...Comes Around,127.952,11,0,1,-3.773,254.1971
SOQPBEV12AC3DF66EF,Hall & Oates,Perkiomen,105.314,3,0,1,-9.926,158.40608
SOCVHWL12A8C13E56D,Plump DJs,Weighed Down,134.113,9,1,4,-6.934,304.45669
SOYLCKM12A8C1346FF,Billy Bragg,This Guitar Says Sorry,176.447,7,1,4,-9.341,153.88689
SOFZQHK12A8C13B23E,Sugar Minott,Try Love,158.051,1,1,4,-11.107,290.35057
SOGEMXW12A8C13CC88,Sasha,Jour De Chance (Lucky Day),101.05,7,0,4,-5.275,199.23546
SOEHBCX12AB0181B89,"Ricky Martin Feat. La Mari de ""Chambao",Tu Recuerdo,83.891,0,0,4,-6.41,247.87546
SOGWUAE12A6D4FCE22,Bukka White,My Baby,114.268,4,1,4,-13.206,880.92689
SOZJIWO12AB0189335,White Willow,The Reach,101.341,6,0,3,-12.518,659.46077
SOALPUI12AB018A7FC,Los Barón De Apodaca,Ese Que Traes A Tu Lado,199.046,9,1,4,-12.442,213.7073
SOWRAQJ12A8C146BF1,Ten Wheel Drive,No Next Time,113.866,5,1,4,-11.723,272.84853
SOAFZGF12AB01823ED,Bob Carlisle,I Will Shelter You,147.576,0,1,4,-7.853,252.00281
SOJABTU12A58A7E1CA,Scalplock,Safe in Numbers (Album Version),98.032,5,1,5,-8.704,52.03546
SOVUTTU12AC468D67E,The Jackson Southernaires,It's All In The Word,110.167,7,0,4,-8.038,281.25995
SOHHMXP12AB018264D,Smut Peddlers,"Nova (originally from ""failure"")",160.147,2,1,1,-6.052,104.93342
SOGQFXS12AB01865FB,Nerf Herder,Nervous Breakdown,189.995,7,1,4,-2.885,167.44444
SOPSYTV12AB01807DB,Bryan Ferry,"Slave To Love (7"" Version) (2009 Digital Remaster)",147.421,11,0,4,-7.664,240.03873
SOVJWKQ12A8C145462,Moon Mullican,Mona Lisa,74.6,0,1,4,-17.881,170.52689
SOPRQKI12AB0181A85,2 Minutos,1987,186.495,0,1,4,-7.653,64.39138
SOLUCSP12AB0183B9E,Spok Frevo Orquestra,Folião Ausente,102.164,5,0,4,-8.431,286.04036
SOKRRQW12A8C13F94B,Vinícius de Moraes,A volta da mulher morena,103.682,5,0,3,-16.216,157.30893
SOMUCDN12A6D4F8555,Santana,Persuasion,109.464,2,0,4,-4.27,317.09995
SOKEEIT12A58A7E185,Huey Dunbar,Sin Poderte Hablar,100.029,11,1,4,-7.024,200.80281
SOEOKDW12A8AE45B27,Hot Chip,No,146.035,5,1,4,-8.208,182.15138
SODWVNV12A8C1423C6,Behemoth,He Who Breeds Pestilence,129.829,8,1,4,-2.735,341.2371
SOKFFUV12A8C1411A0,Sylver,Sympathy,138.935,9,0,4,-9.122,170.50077
SOJTLMJ12A58A80212,Dead Hearts,In Our Hands_ Once Again,136.714,4,1,1,-5.053,44.30322
SOAPRLL12AB0183EF2,Klubbingman feat. Beatrix Delgado,Another Day Another Night,145.004,3,0,4,-5.395,333.21751
SOGJGNM12AB0188BC3,Mawatari Matsuko,Hohoemi No Bakudan (YUUYUUHAKUSO Opening Theme),86.765,0,0,5,-4.834,253.77914
SOTKEPE12AB0188847,Harry Diboula,Rendez-Vous,167.952,9,0,3,-9.522,249.88689
SOYEUES12AB0187F14,Scott Matthews,Underlying Lies,100.008,5,0,4,-8.599,325.48526
SOZAVXS12A8C134305,Tito Puente,"Carnival (from ""Black Orpheus"")",102.308,0,1,4,-13.906,273.81506
SOITXNB12A8C144ECD,Graham Central Station,It's Alright,119.633,8,0,4,-9.783,229.27628
SORUAFU12A8C141452,Jacques Dutronc,Les Femmes Des Autres,122.233,11,0,1,-11.899,192.33914
SONSDBD12A8C13CC4B,Pennywise,Dying to Know (Album Version),171.516,7,1,4,-5.163,185.5473
SODBXDN12AB018194E,Gustavo Santaolalla,Endless Flight,156.446,4,0,1,-21.463,276.21832
SOUSXAY12A8C1358FA,Shakira,Poem To A Horse,93.982,7,1,4,-6.025,246.43873
SORMUQC12A8C13C1D7,JK,You Make Me Feel Good ,125.991,6,0,4,-14.475,361.16853
SOZQVTJ12A6701D96B,Snow Patrol,Wow,143.038,0,1,4,-5.694,242.05016
SOKFQSX12AB0188CEE,Sandy Posey,Touch You,149.252,0,1,4,-15.15,165.19791
SOCJYJY12AB018A3A3,Taking Dawn,Black Diamond,144.777,7,0,4,-4.361,236.79955
SOBHBII12A6D4F9FFA,Mario Rosenstock,HUM,126.476,0,1,5,-11.043,29.49179
SOJOUBX12AB018A61A,Royal S,Personne Stop (feat. Nixon),184.155,10,0,3,-6.313,285.98812
SOWQVVZ12A58A7B65C,Rainbow,Still I'm Sad,162.384,11,0,4,-10.178,663.24853
SOGYMWC12A6D4FBAF2,David Meece,This Time (Learning To Trust Album Version),104.56,9,1,4,-11.809,241.76281
SORQTDS12AB0186ED3,Kurupt,Girls All Pause,103.596,1,0,5,-7.804,207.98649
SOOAWZF12AB017BE3B,Esa Pakarinen,Hengähä tok,125.346,0,0,4,-14.988,200.202
SOFLKHX12A6701C32A,Robert Palmer,Looking For Clues,141.674,2,0,4,-11.514,299.78077
SOCDLSK12AB018168E,Danny Williams,Stay Awhile,143.467,2,1,7,-16.389,200.82893
SOUMZVI12AB018567C,Jimmy McGriff,After The Dark,140.085,2,0,4,-17.522,334.18404
SOASNLL12AB018129B,Piero Umiliani,Questo sporco mondo meraviglioso,104.263,6,1,1,-11.443,158.51057
SOZQJSC12A58A7F42F,Bryan Ferry,Going Down,105.361,7,1,5,-10.096,188.18567
SOWOYGM12A6D4FB4C1,Eminem,Paul,120.765,3,1,3,-24.997,13.58322
SOILZTW12A8C1438A1,Hanoi Rocks,Walkin' Away,102.99,11,0,4,-5.628,236.35546
SOAYEQY12A8C140810,Mikey Dread,Have you got a Minute to spare,158.813,8,1,4,-10.099,251.14077
SOSWCOP12AB01864AF,Bukue One,Up Close and Personal,192.025,11,1,7,-11.117,130.61179
SOLNCDE12AC468EC62,Mr. Sancho,Ooh Baby (feat. Lil Bandit & Royal T),167.85,2,0,4,-10.373,215.97995
SOJQTDA12AB0181540,Nerf Herder,Pantera Fans In Love,171.833,7,1,3,-6.357,200.04526
SOLOLMU12A8C133FBB,White Heart,Let The Kingdom Come (Freedom Album Version),86.096,7,1,4,-12.245,301.81832
SOFQTGN12A8C13E0E8,Eyes Set to Kill,Liar in the Glass,91.873,2,1,4,-3.492,238.05342
SOGXGUK12A6D4FC1B4,Tony Joe White,A Man Can Only Stand Just So Much Pain (Bonus Track),122.236,7,1,4,-16.834,152.842
SOPIRTQ12A8C131DF9,Furry Lewis,Everybody's Blues,105.715,10,1,4,-14.438,175.5424
SOGYEFP12AF729F8DF,Snowgoons,Platoon Goons,97.454,8,1,4,-5.191,257.25342
SOCIUEE12A6D4F95D1,Cali,Dolorosa (Live),160.126,5,0,1,-6.871,339.80036
SOQXSVW12A58A7A419,Kol Simcha,Nigun,109.265,7,0,1,-20.327,164.64934
SODQPDV12AC468903A,The Refreshments,Lana Lee,193.584,7,1,4,-5.204,175.96036
SOGBONS12AB0181C65,Gran Coquivacoa,Versos Gaiteros,181.671,0,1,4,-3.864,212.40118
SOKSVVV12AB0181165,Ale Möller,Sandpolskan,86.313,9,1,1,-9.75,184.42404
SONDARV12AB017C7CD,Charlie Peacock,Down in the Lowlands,194.659,9,0,4,-8.872,298.70975
SOBJUKG12A58A7DCA8,Phil Collins,Two Hearts,155.843,7,1,4,-2.689,204.19873
SOSPFEP12AC468825B,Jean Carignan,Bank,234.26,2,1,4,-10.102,189.72689
SOIXFFL12A8BED74A0,The Marx Brothers,The Professor's Conference/Horse Feathers (Dialogue),77.212,5,1,5,-17.315,159.16363
SOPILXJ12AB0186E27,The Dells,I've Got A Woman - Original,120.522,8,1,4,-14.641,214.9873
SOXCQIQ12AB017D8DB,Seal,When A Man Is Wrong (Album Version),146.758,4,1,4,-9.303,258.63791
SOKSFXW12A8AE48407,The Dylans,I Hope The Weather Stays Fine (Remix),106.035,2,1,4,-14.744,410.98404
SOVMJZI12AB0182218,Jim Reeves,Mexican Joe,126.689,2,1,1,-9.609,157.6224
SOKJITL12AB017E7FF,John Mayer,Who Did You Think I Was,193.14,7,1,4,-6.578,263.36608
SOPXOYP12AB01883DE,Oesch's die Dritten,Die berüehmte drü Wörtli,85.347,4,1,1,-5.481,227.05587
SOYBRXG12A58A776D6,The MC5,The American Ruse (LP Version),173.34,5,1,1,-2.969,149.96853
SOUAUZJ12A8C137CDA,Floyd Cramer,Stood Up,104.793,2,1,1,-19.115,125.85751
SOEPYBI12A8C13AF79,Craig Wedren,Alone in Love,71.283,0,1,4,-14.98,155.27138
SOPCFDS12AB017E0E5,The Almost,Books & Books,84.99,11,0,4,-4.289,210.59873
SOGAMBY12A8C140D10,David Hudson,Didgeralia,146.796,0,1,4,-10.15,242.99057
SOKQWLL12AB01861F7,Leon Lai,Ji Yi De Hua Yuan,127.909,11,1,4,-4.897,199.75791
SOLTAOU12A8C1375CB,Simply Red,Fairground (+ Sample),122.811,6,1,4,-7.209,333.322
SODEWQE12A8C143E6A,Tommy Sands,Goin' Steady,126.462,7,0,1,-6.431,153.0771
SOVBYCN12A8C13AABC,Bad Religion,Fertile Crescent (bonus track),139.755,8,1,1,-3.376,138.52689
SOFSFXP12A8C13F077,Nybbl,Such Grand Ideas,130.06,2,1,4,-7.375,232.202
SOUUKDE12AB018956E,Roy Rogers,Ride Ranger Ride,115.319,10,1,4,-18.519,158.01424
SORTPHZ12A8C13D374,Plies,I Am The Club (Explicit Album Version),86.967,5,1,4,-6.947,223.65995
SOLXAOA12A8C13520A,Kix,Rock & Roll Overdose [Live Version],89.995,1,1,4,-11.822,268.12036
SOGVWVG12A6D4FCD8A,Nightfall,Death Of Neira,121.949,9,0,4,-5.028,272.69179
SOODOKY12A6701C584,Fountains Of Wayne,Janice's Party,134.289,9,1,4,-5.094,165.61587
SOMPAOJ12A6D4F68BB,Terry Callier,Occasional Rain,125.964,11,1,7,-12.061,243.04281
SOPSCBU12AB018B6DC,The Knightsbridge Strings,Whispering Grass,73.742,0,1,4,-12.827,188.44689
SOWSCTG12A6D4FA919,Juan Diego Flórez / Riccardo Frizza / Orchestra Sinfonica di Milano Giuseppe Verdi,Allegro io son,164.595,4,1,3,-17.898,222.61506
SOBVZHC12AB0181786,Lara Fabian,TLFM (Toutes Les Femmes En Moi),104.994,8,0,4,-6.945,246.20363
SOQRMSV12A8C13DD92,Sun Yan-Zi,Sensible,99.981,8,0,4,-4.085,263.49669
SOVSHWF12AF72A75EF,David Banner / Sky / Marcus,My Lord,147.327,7,1,4,-4.043,263.47057
SOKEPVI12A6701E91E,Abracadabra,Otra vez,85.085,4,0,4,-10.209,194.5073
SODQZVY12AB018BF68,Event Horizon,Endless Ocean,85.391,7,1,4,-9.341,440.76363
SOXVFYT12A81C2351C,Entre Ríos,Cerca & Extraño,215.999,5,1,3,-10.083,285.04771
SOYGWDD12A8AE47F23,The New York Dolls,Stranded In The Jungle,88.508,9,1,5,-9.325,245.68118
SOXQOHL12AB017D69E,Epitaph,Dancing With Ghosts,113.141,9,0,3,-6.288,253.75302
SONIUEQ12AB0184D1A,BT feat. JES,Every Other Way,168.474,6,0,4,-5.213,550.97424
SOTNLCJ12AB018FA13,Arika Kane,Here With Me,127.757,6,1,4,-3.731,245.13261
SOYTZKN12A6D4FB921,Oscar Castro-Neves,Air On A Six String,79.992,2,1,3,-18.32,197.38077
SORZBEO12A8C142A98,Lonestar,Somebody's Someone,141.171,4,1,4,-8.163,263.49669
SOMGSLD12AB017EDD1,The Cliks,Career Suicide (CD),142.948,2,1,4,-5.122,199.78404
SOPSBBI12A8C1342C4,Agnostic Front,No One Hears You,199.527,2,1,4,-4.883,98.11546
SOWYVEO12AB017FBDB,Jaci Velasquez,Al Munda Dios Amo (LP Version),89.456,2,1,4,-9.585,306.65098
SOMXQEF12AB0181AF0,Mario Rosenstock,Obama's Election (Best of 2009),211.688,1,1,1,-8.767,216.13669
SODXQTB12A8C13F0F7,Dixie Chicks,Lullaby,109.74,5,1,4,-12.749,351.84281
SORXEQN12AB0184EEE,Lizzy Borden,Generation Aliens,145.882,2,1,4,-2.339,268.40771
SONWRCU12A8C1343B0,Tha Liks featuring Defari,My Dear,184.046,9,0,4,-5.033,233.92608
SOPAOVE12AC468EC72,Cliff Bruner,Milk Cow Blues,161.246,7,1,4,-13.841,188.31628
SOUFLZS12AAF3B21DE,Funeral For A Friend,Building,139.401,3,1,4,-15.609,160.23465
SOGPXXQ12AB0180CC6,Delbert McClinton,He Will Break Your Heart,126.776,7,0,4,-9.69,251.29751
SOKSFDI12AB017DBFF,Brigada Victor Jara,Parto em terras distantes (2.ª versão),119.901,7,1,5,-9.674,223.76444
SOJWGBZ12AB018B730,The Crystal Method,Realizer,130.006,10,0,4,-6.642,228.85832
SOORKEP12A6D4FBB59,Kate Clinton,The Urge To Merge,132.345,9,1,3,-14.726,186.53995
SOLWTDG12A6701E978,Nirvana,School,170.069,6,0,4,-5.864,160.33914
SOJIMUS12AB0181194,Beenie Man,Once a Year,120.956,1,1,5,-5.591,241.26649
SOGXKPF12A582916B9,Bongzilla,666lb. Bongsession,89.997,4,1,3,-6.499,475.11465
SOPEDTR12AB0185B7A,Scissors for Sparrow,Top of the Hill_ Bottom of the Valley...Uhh!,120.958,5,1,4,-14.056,225.27955
SOPPCXM12A6D4F66BC,Madonna,Vogue [Live],116.169,6,0,4,-5.407,330.94485
SOKBKBA12A8C13338A,Vusi Mahlasela,Our Sand,190.019,9,1,5,-8.178,358.71302
SOCVDDL12A6D4F9A6C,Alex,What If,147.871,2,1,4,-7.41,250.69669
SOAEYFM12AC3DF51A2,MyKungFu,Hesitate,110.644,1,1,3,-7.83,209.57995
SOBEYDE12A8C141417,Liquid Soul,Dysfunction,183.836,10,0,4,-9.154,285.28281
SOIJWMK12AC9073334,Jesus Jones,Real_ Real_ Real (BBC In Concert),114.995,7,1,4,-9.728,192.62649
SOXJRPT12A8C13D0FD,Sanna Nielsen,Då är det jul,80.981,5,1,4,-13.308,200.30649
SONPKQG12A8C145AE2,Aaron Watson,Sweet Contradiction,124.15,9,1,3,-9.249,257.35791
SOTDWOU12A8C137EDE,Sin Plomo feat. Boris G.,Why can't we live together,72.022,5,0,5,-11.928,299.72853
SOUSXRA12A8AE490AC,Dave Eggar,Sorrow's Call,97.243,8,1,4,-27.845,240.09098
SOUURWE12AB0182EA3,Dax Riggs,Night is the Notion,124.409,11,1,4,-6.172,158.51057
SOYBGAI12AC468AA34,Grupo Sierra Maestra,Aunque Tu Mami No Quiera,138.561,9,1,1,-10.511,239.46404
SOKWYNX12A58A802A6,Ben Jelen,Wicked Little Town (Album Version),101.954,7,1,4,-5.77,240.32608
SOJEBLF12A8C138B50,Twila Paris,How Beautiful (Cry For The Desert Album Version),105.834,7,1,4,-12.126,290.19383
SOONMID12AB0180F92,Bruisers,Police Opression,114.648,9,1,4,-6.854,151.53587
SOFHSVX12AB0180161,Warner mack,How Long Will It Take,153.898,9,1,4,-17.777,120.42404
SOIPXAK12A8C133A08,Bill & Gloria Gaither,God Lead Us Along (Homecoming Hymns Version),50.066,0,1,1,-15.516,199.02649
SOJPEUX12A8C138B18,Edmond Leung,Xing Dao Shou,106.879,0,1,4,-6.164,211.17342
SOINLKW12A6D4F8F83,Leroy Hutson,Ella Weez,122.524,4,0,4,-12.987,181.55057
SORMAAO12AC9075357,Roj,The Process Revealed,115.307,7,1,4,-12.912,65.95873
SOPRQEX12A8C133558,Wyclef Jean,Something About Mary,189.99,0,1,7,-6.431,319.97342
SORIWJQ12A8AE4778E,Singing Melody,I Never Know,146.545,10,0,3,-7.837,231.67955
SONZDGL12AB018CD7C,Maysa,Escuta_ Noel,82.72,5,0,5,-10.484,176.37832
SOLZZPQ12A8C130C70,Bob Neuwirth,Turn It Around,123.836,7,1,4,-9.825,209.34485
SOEUZAC12AB018C2B0,Ben E. King,Love Is Gonna Get You,157.118,10,1,1,-7.258,200.54159
SOPXSEX12A670204A0,Phil Collins,That's What You Said  (LP Version),129.729,8,1,4,-6.68,260.96281
SOCZYSK12A8C135DB0,Jeanne Robertson,Mumbling or hearing loss?,80.311,5,0,5,-16.307,140.09424
SOYBSGS12A8C140EBF,9th Wonder,Saved,171.968,6,0,7,-6.012,184.92036
SOGFNPM12AB0183EFA,Cabin Crew,Can't Stop (Mind electric Remix),85.348,10,0,5,-4.434,194.97751
SOUXPPN12CF530E5EB,Dolly Parton,Light Of A Clear Blue Morning,137.865,7,1,1,-8.782,294.24281
SOEXJDG12A8C137AE8,Lockwood,Meat Parade,107.386,0,1,4,-7.323,256.46975
SOKQUFP12A8C140A16,Albert King,Watermelon Man,152.2,1,1,3,-15.879,244.27057
SOAOPVN12AAF3B1856,Rihanna,SOS,139.304,6,0,4,-3.925,244.50567
SOXESGI12A8C13F85C,Fenton Robinson,Somebody Loan Me A Dime,114.255,10,1,3,-12.346,263.73179
SODMXRL12A58A7E9C6,Jason Miles,Flamenco Sketches (Intro),61.589,1,1,7,-17.43,30.45832
SODJYRI12AB0188BDD,Luiz Bonfa,Manhã de Carnaval,104.475,9,0,4,-24.341,147.87873
SOVTUWX12A58A7E944,Emilio,Even If I Tried,117.532,7,0,4,-6.612,175.72526
SOVQEOZ12AB0181472,Orquesta Sublime,Se Acabo El Carbon,128.367,2,1,4,-7.488,178.33751
SOZJQGK12A6D4FD5BE,April Wine,Caught In The Crossfire,138.572,4,1,1,-12.551,214.43873
SOHFZQQ12A58A7FA07,Alexandre Desplat,High-Speed French Train,120.08,10,1,4,-20.551,86.22975
SOUNBPD12A6D4FDB4E,Novaspace,Summer Of Love,131.985,0,1,4,-5.861,356.23138
SOJJIDZ12A8C134C8F,Esser,Headlock,121.988,10,0,3,-4.622,191.55546
SOEAUZI12AC907268A,Black Debbath,Where To Piss And Shit In Oslo,132.642,5,1,4,-5.808,278.46485
SOEDKCH12AB01860C6,Helen Love,Shifty Disco Girl,95.575,8,1,4,-7.531,185.36444
SOPOJXE12A6D4FA9BA,Nicola Fasano Feat. Paula B,Missing (Olivier Berger Mix),125.997,4,0,4,-9.305,445.33506
SOBDGYX12A8C135C37,Mazz,Borrare Tu Nombre,107.233,2,1,4,-8.28,209.10975
SOZSDYI12A8C13ED4D,Suzi Quatro,Kids Of Tragedy,124.519,4,1,4,-11.38,207.882
SOJRFYT12A6D4F9972,Phil Collins,I Cannot Believe It's True,121.044,5,0,4,-11.763,316.39465
SOGORRZ12AB0183975,Happy Mondays,Kinky Afro [Remastered Version],117.933,0,1,4,-6.243,239.75138
SOBYYOX12A8C13FE6A,Joe Turner,Chains Of Love,101.77,5,1,5,-16.274,198.50404
SOWZIPP12A8C13333A,Eddie Cantor,When My Ship Comes In,77.963,5,1,5,-14.618,196.88444
SOFERCA12CF530E5F2,K.T. Oslin,Come Next Monday,163.969,4,0,4,-8.705,229.45914
SOWVTCS12AC468543B,Justin,Show Me,104.71,10,1,4,-4.703,203.2322
SOSCSUO12A58A80530,The American Boychoir,Minuet in g minor,104.289,7,0,1,-36.353,122.51383
SOAVKMN12A58A7C691,Falco,Brillantin' Brutal',123.028,5,1,4,-13.844,228.12689
SOLUUHX12A8C136926,The Plasmatics,Living Dead,124.439,7,1,4,-5.116,94.51057
SOKGHNS12AB0185DB0,Der Moderne Man,Gib mir den Tod (Live),96.154,11,0,4,-8.696,238.8371
SOMTQWW12A8C13F17C,Buddy Miles,Midnight Rider,94.57,7,1,5,-9.978,218.3571
SOFCZGT12A8C13918D,Miriam Yeung,Chao Wo,135.064,9,0,4,-3.397,277.15873
SODYNOZ12A8C13D20D,Dan Shen_ Gruppo Vocale Cantemus_ Ensemble Airone_ Luigi Marzola,Miserere: XI. Cor Mundum,59.49,6,0,1,-20.105,84.1922
SOOIFZO12A58A7BFF0,Chalk Farm,Lillie Anne,191.033,2,1,4,-7.795,294.08608
SOWODCW12A58A7AB81,This Or The Apocalypse,Two Wars,163.935,9,0,3,-4.256,293.66812
SORYXHP12A8BEE954B,Rocket From The Tombs,Frustration,164.23,9,0,1,-7.359,138.44853
SOMQRBU12A8C130DE1,Long John Hunter,Slash,81.988,0,1,3,-10.688,117.83791
SOFEBHT12AB0188E7E,Djelimady Tounkara,Sigui,125.693,0,1,1,-11.576,303.90812
SOHJXOB12AB018627B,Rickie Lee Jones,It Must Be Love (Live Acoustic Version),90.373,7,1,3,-15.502,287.16363
SOTLXEX12A6D4F96EA,DeGarmo & Key,Out Of The Danger Zone (Degarmo And Key Album Version),127.89,9,1,5,-7.099,173.19138
SOUNAQQ12A6701EBA8,Kraftwerk,Autobahn (Live),166.015,2,1,4,-9.827,531.61751
SOTIGFM12AB018A3E7,Dee Clark,Whispering Grass - Original,82.79,1,1,4,-20.418,178.49424
SOMAWEN12A6D4FC37F,J.R. Writer_ Jha Jha,What It Do,151.936,6,0,4,-9.146,145.10975
SOQNELE12AB0187B0A,Mr. Grillo,Aqui Estoy,191.956,4,0,4,-5.641,208.45669
SOTTFNT12A8C14333D,Eddie Calvert,O Mein Papa,107.302,5,1,4,-11.977,163.52608
SOSCHBV12AB017F968,The Frequency,Stop It,118.008,7,1,4,-9.334,195.21261
SOJFDTQ12A8C140F90,The Hokum Boys,Ain't Goin' To Beg You For That Stuff,116.096,5,0,4,-20.349,209.73669
SOQKEIO12A8C135319,The Clash,Life Is Wild,150.871,2,1,4,-5.612,159.65995
SOOMQYS12A8C141F23,Karaoke (Made famous by DMX),Ruff Ryder's Anthem (Guide Vocal),91.001,10,0,4,-11.382,218.17424
SOSDPXR12A58A7A45D,No Address,Pretty Girl (Amended Version),87.106,5,1,4,-8.1,286.4322
SOQKIOE12AB017C818,Frederik,Es klappert die Mühle,160.114,0,1,3,-6.465,113.99791
SOHNHEF12A8AE47210,Nicky B,I Only Want To Love You,124.556,10,1,3,-12.041,184.34567
SONNUHH12A8C133376,John Stewart,Price Of The Fire,91.496,2,0,4,-14.28,290.53342
SOSWAAA12A58A7CE6B,Hinge,Pork Chop Sandwich,86.061,7,1,4,-5.154,247.48363
SOAGWGQ12A8C13F9A5,Bottom Of The Hudson,One of Us,106.14,3,1,1,-7.474,193.35791
SOEWTMM12AB018A9FF,Delroy Wilson,Half Way Up The Stairs,147.791,7,1,4,-8.045,191.99955
SONWQGF12AB018719A,The Roches,It's Bad For Me (Album Version),34.335,0,1,4,-20.394,165.98159
SOSCFCE12AAF3B1DE5,Britney Spears,Break The Ice,130.012,0,1,4,-5.432,530.12853
SOVAGPJ12AB017E892,Rhian Sheehan,Untitled,83.412,0,1,1,-18.406,38.922
SOOHGVW12A8C1449BB,Samba Enredo,Estacao Primeira Da Mangueira_ Viva Do Samba,139.344,9,1,4,-10.415,202.05669
SOIPJHI12A6D4F58C4,Rishi Rich,Sorry Feat. Rafaqat Ali Khan,71.14,6,0,3,-7.676,235.25832
SOHDLOZ12A6D223A7A,JennyAnyKind,I'm On The Run,150.243,10,0,4,-10.854,326.79138
SOUVFBG12A58A7B0DC,Michèle Crider;Eleonora Jankovic;Vincenzo La Scola;Riccardo Muti,Mefistofele/La luna immobile,39.187,10,1,4,-36.577,225.30567
SOFNTHT12A58A7D462,This Is Hell,RECKLESS,150.006,8,1,4,-5.261,119.7971
SOKPTNB12A8151DFF5,Test Icicles,What's Your Damage?,174.942,7,1,4,-2.756,216.45016
SOQCBZS12AB018B8C1,Michal,Stay With Me,149.897,7,1,4,-6.553,217.39057
SOIWGSG12A8C133AE2,Michael Gettel,Through Bucky's Eyes,103.3,3,1,4,-22.42,232.77669
SOEFIUU12A8C133A2B,Non Phixion,Sleepwalkers,96.093,10,0,4,-5.724,222.56281
SOEEAEI12A8C1465B4,Beres Hammond,Tender Lies,170.114,10,1,4,-15.998,193.07057
SOGKFXJ12AB01831BB,Flame,Don't Stop,121.015,8,0,4,-8.402,190.37995
SOPBHMH12AB018252F,Artie Fishel & The Promised Band,Artie In The Sky,100.08,7,1,1,-21.501,28.83873
SOHGHMH12A67020155,Maire Brennan,The Big Rock (LP Version),135.124,7,1,3,-9.584,184.34567
SOYYBGR12A8C140F1A,Les Bonapartes,Welcome,181.801,11,1,5,-6.779,190.69342
SOJHRLU12A6701EB67,The Roots,One Shine,98.008,1,1,4,-10.345,340.40118
SOPQGHM12A58A792A6,Royal Bubble Orchestra,Too Bad,94.055,2,1,3,-6.215,184.81587
SOBYMIE12AB017E82A,Georges Brassens,Comme hier,75.064,9,1,4,-13.624,100.8322
SOIPEHH12AB0189DFC,Tinariwen,Tenhert,93.325,8,1,3,-7.155,328.85506
SOHAKWP12AB01841E0,Eddie Cantor,Cheer Up! Smile! Nertz!,112.896,0,1,4,-9.792,116.34893
SOQNLMA12A8C1414FC,The Killers,When You Were Young,130.065,11,1,4,-7.477,269.76608
SOKMBQK12A8C1450CE,Usher,Moving Mountains,126.955,11,1,5,-5.692,309.83791
SOJVZZA12A58A79CC3,Varios,Te Parto el Alma (inter. El Tariacuri),83.872,11,1,3,-8.357,128.62649
SOGWNDQ12A58A7A20D,The Wes Montgomery Trio,Satin Doll,137.11,0,1,4,-19.802,246.80444
SOKRSWC12AB017D0E2,The Hollywood Brats,Suckin' On Suzie,164.026,7,1,1,-9.102,367.49016
SOLRPAE12A8C144522,Klimperei,M. tagu va au marché,111.042,5,1,1,-6.302,103.47057
SOVMEBZ12A8C134A44,Mars Ill,Saturday Night Special,69.313,8,0,7,-5.333,287.55546
SOILWZV12AB017BBAA,Kisha,I singe dir es Lied,139.914,11,1,4,-12.146,206.21016
SOKCMEE12A8C13742B,Blind Willie Johnson,Church_ I'm Fully Saved Today,97.761,10,1,4,-15.89,187.14077
SOVPWAB12A8C13BBA8,Three-6 Mafia,We Got Da Dope,157.991,0,1,4,-9.33,159.81669
SOIGKCB12A6310F113,Coldplay,A Rush Of Blood To The Head (Live In Sydney),138.038,5,1,4,-8.229,410.8273
SOSAOKB12A8C14605C,Jim Chappell,Adventure No. 8,109.196,9,1,4,-18.254,208.87465
SOJSJBM12A8C1390D7,OutKast featuring George Clinton,Synthesizer,94.904,7,1,4,-6.791,311.30077
SODBJKJ12AB0183292,2-Gether feat. Sarinah,Feelin` Alone,127.977,11,0,4,-6.38,294.00771
SOCKBSD12AB0188C72,Black Flag,Room 13,190.6,9,1,4,-4.606,79.51628
SOHLFAO12AB0189832,DJ Nasty,Shawty Get Loose,130.149,0,1,4,-3.631,191.89506
SOEEGLD12AB0188039,T-Bone,Blue Moon,124.04,7,1,4,-7.836,248.45016
SOXEVTP12A8C1409F5,Terry Muska,Fantasia 6: Mudarra,107.016,2,0,1,-16.548,91.61098
SOWJFLR12A6D4FBF97,Mike Vax,Speak Low,78.109,2,0,3,-16.113,229.61587
SOHNZKO12AB0182300,Grant Geissman,Silent Movies (Album Version),100.329,0,1,3,-13.752,349.23057
SOXIVDK12AB018BAF4,Commander Cody And His Lost Planet Airman,Riot In Cell Block N.9,49.565,5,1,4,-10.646,199.13098
SODIQMY12A8AE4670F,John Davis,We've Got It All,102.769,6,1,4,-11.534,121.91302
SOSXSIN12AB0180963,Tom Barabas,Canon In D,100.148,2,1,4,-17.604,455.02649
SOAZQML12A8C136B66,Big Mike Griffin,Sittin' Here With Nothing,137.496,7,1,5,-5.815,233.53424
SOCMVJL12AB0181221,Rocker-T,Jah The Only One,147.882,10,0,4,-6.089,265.37751
SOAHAZZ12AAF3B464A,Beherit,Lord of Shadows and Golden Wood,130.955,11,1,4,-18.65,202.91873
SOZTGFT12A8C137271,Keb' Mo',Dangerous Mood,106.802,0,1,3,-9.032,297.66485
SORDUJI12AB0183D3F,Rihanna,The Hotness (ft. Shontelle),116.012,6,0,5,-8.464,190.4322
SORXGOR12A8C139139,Ramón Vargas,Quando io leggio... Son gli ebbri... O mio castel... Nell'argilla...,155.641,1,1,7,-21.908,642.92526
SOWQWTJ12A58A77081,Fruko Y Sus Tesos,Lontananza,106.449,7,0,4,-8.445,189.88363
SOJYWZM12A8C13D52A,K'Naan,Is It A Myth?,100.567,3,1,3,-14.254,213.13261
SOHHJIL12A8C144BDB,Luiz Bonfa,Samba De Duas Notas,124.842,4,0,1,-14.05,192.78322
SOOLJYX12AB018FE92,Sven Scholander,Melangtäras intåg i Kallsta,113.01,0,1,1,-18.283,191.42485
SOKQANC12AB0184D1E,Shaggy,Still Caah Nicer Dan Yard,114.318,2,1,3,-5.252,187.03628
SOJRXUV12A8C136CA0,Arthur Fiedler;Earl Wild;Pasquale Cardillo,Rhapsody In Blue,127.579,9,1,4,-19.303,976.56118
SOVKTCY12A6310E1CC,Helmet,Everybody Loves You,112.77,0,1,4,-3.568,206.94159
SODRXYW12A6D4F956E,Soul Asylum,Long Day (Album Version),70.778,11,0,4,-11.207,166.26893
SOJDPPG12A8C134780,Tex Williams,Castle Of My Dreams,40.875,8,1,4,-12.845,148.79302
SOXSUIT12A6D4F48DC,Miranda Lee Richards,The Long Goodbye,116.123,0,1,4,-8.141,243.722
SOSCCOO12A8C13F0AF,Miossec,Que Devient Ton Poing Quand Tu Tends Les Doigts,103.005,9,1,4,-8.503,159.60771
SOAOCAG12A6D4FA89E,The Cure,Lost,85.006,2,1,1,-11.199,232.48934
SOWDFME12AB018547F,Herbstrock,Halt mich,99.995,8,0,4,-4.295,203.4673
SOJCRUU12AB018BE8A,Will To Will,Take Me To Paradise (Nicky Scanni's Garage Mix),129.818,0,1,4,-18.495,508.65587
SOBGRIE12A8C132032,K's Choice,A Sound That Only You Can Hear,87.495,2,1,4,-6.575,252.83873
SOGTZDE12AB017E44A,Tyrone Taylor,I'm A Believer,91.995,7,1,4,-4.268,229.35465
SOPEKHR12A6D4FB338,Junior Jack,Thrill Me (Atfc's Jackhammer Re-Rub),0.0,7,1,3,-11.985,482.55955
SOPDODI12A8C13B53C,K-OS,Sunday Morning (Sony Connect Set),88.282,9,0,4,-6.956,214.17751
SOKAHMK12A8C138EB9,Paul Cantelon,The Other Boleyn Girl - Opening Titles,130.183,0,0,3,-20.178,146.442
SOCFJZY12A8151CDB5,Blue Rodeo,Up On That Cloud,189.068,2,1,4,-5.972,213.34159
SOQOEMZ12A6D4F9C52,Bobby Hutcherson,Maiden Voyage (Rudy Van Gelder Edition) (2006 Digital Remaster),86.446,7,0,5,-12.939,349.72689
SODATWH12AC46887D9,Rincon Morales,Gaita Gaitero,65.316,11,1,1,-10.325,197.0673
SOHSHQH12AB0184AA4,Goatwhore,Liar of Nastrond,99.805,0,0,4,-7.09,153.49506
SOJDROX12A58A7E969,The Police,Man In A Suitcase,159.106,10,0,4,-11.636,137.45587
SOSOKDL12AF729F196,George Harrison,Baltimore Oriole (2004 Digital Remaster),71.756,7,0,4,-6.692,238.602
SOVGSQX12A81C22AA5,Connie Francis,Baby's First Christmas,137.99,6,1,1,-9.378,147.17342
SOLWGUJ12A8C13908A,D.O.W.N.,Freeword,109.791,1,1,4,-7.063,350.11873
SOAGWHY12A679C80A8,Oasis,Columbia,100.382,7,1,4,-3.811,376.99873
SOQTZWV12A6D4F9D54,Ray Barretto,Vaya (Live At The Beacon Theatre),82.815,5,1,3,-10.999,413.07383
SOQDSXI12A8C13FB4C,Adrienne Pierce,Laundry & Dishes,151.945,6,0,3,-8.425,269.63546
SOVJPYN12AB017FA80,Mongo Santamaria,Los Conguitos,120.446,8,0,4,-23.581,130.01098
SOEWUJD12A8C1390C2,OutKast,"Return Of The ""G",156.688,2,1,4,-6.407,289.25342
SOUTOWZ12AB0185610,Guitar Slim,The Things That I Used To Do,96.731,5,1,3,-13.164,183.06567
SOPVCLO12A58A7D89C,Fruko Y Sus Tesos,Fruko's  Boogaloo,219.796,6,1,4,-6.974,263.33995
SOKXOSS12AB0183A6D,MIMS,Life Of A Star,127.779,4,1,5,-4.213,230.53016
SOAMDMA12AB0186434,Jacques Douai,Pauvre Jean,127.14,7,0,4,-18.852,60.89098
SOEBBWH12A6D4F8016,Selena,Estoy Contigo,104.795,2,1,4,-10.333,198.45179
SOEZWYI12AC4686705,Dave Rave_ Mark McCarron,Face,92.005,2,1,4,-19.661,90.38322
SOYFOXO12A6D4F6C8B,I.N.T.,Big Sister,93.105,7,0,4,-7.433,152.92036
SOEAKUA12A6D4F624B,The Edgar Broughton Band,Aphrodite (1999 Digital Remaster),100.799,0,1,4,-12.135,245.44608
SOCXPZW12A8C141821,TEN MADISON,Leaving Melbourne,133.326,4,0,5,-7.827,283.76771
SOBCLZT12AB017F960,Malkit Singh,Akh Larh Gayee,101.13,1,1,4,-14.03,370.85995
SOKATUR12A6D4FA32D,Quinteto Violado,Galope A Beira Mar,125.224,7,1,5,-13.136,162.08934
SODUMTY12A8C131295,Mobb Deep,Where Ya Heart At,93.976,5,1,4,-7.101,264.64608
SOGSJIP12AB0185929,Alturas,A ti,136.874,4,0,4,-12.891,279.84934
SOCWNBM12A6D4FCD84,Phil Vassar,This Is My Life,94.007,11,0,4,-4.35,217.28608
SOAXXGJ12AB0181D28,Patricia Kaas,Elle Voulait Jouer Cabaret,130.272,5,1,5,-8.016,247.11791
SOKFEUG12AB017E353,Kyle Eastwood,Samba de Paris,115.212,10,1,4,-12.712,441.7824
SOPANEB12A8C13E81E,Alice In Chains,God Smack,124.144,8,1,4,-4.438,230.60853
SODQUNS12AB0186868,The Cat's Miaow,Portland_ Oregon,146.909,4,1,4,-13.386,125.25669
SOGZMFD12A8C13FE4D,Wild Horses,Mother's Little Helper,103.047,2,1,4,-7.458,174.18404
SOVNFJP12AF72A6545,Juelz Santana,Lil' Boy Fresh,99.742,11,0,5,-4.148,233.92608
SODSLRA12A8C13BDD3,Busdriver,Sun Shower (Single Version),130.129,11,1,4,-7.331,223.68608
SOJWXCI12AB018E430,Gerald Clayton,All Of You,94.978,10,0,3,-16.849,329.37751
SOYUGXJ12A8C139914,Bröderna Djup,Ovanlär,199.675,5,1,4,-9.619,114.1024
SONDPIA12A8151CE96,Blackfoot,Dream On (LP Version),123.415,11,0,4,-12.377,316.99546
SOFPXNL12AB018498A,DJ Rashad,Juke Appeal,160.046,11,0,4,-8.656,306.59873
SOGSQEE12AC4687265,Dottie Rambo_ The Whites,New Shoes,103.014,2,1,4,-7.157,130.29832
SOWQIEL12A6D4FA13E,Maria Muldaur,Sweet Harmony (LP Version),146.936,9,1,4,-10.861,288.41751
SOWLZOP12AB0188E36,Stickboy,Stand Down,180.287,6,0,1,-6.047,67.52608
SOSBCDM12AB018475B,Grandpa Jones,Don't Look Back,129.391,4,1,4,-11.901,139.78077
SOBHCDK12A8C13864B,Curtis,The River,103.377,7,1,4,-8.05,256.62649
SOHFKWF12A58A77C02,Little Freddie King,Kinghead Shuffle (Little Freddie King),130.58,9,1,1,-10.491,229.04118
SOVTEMS12A8C141E20,Don Gibson,Who Cares,104.943,11,1,4,-13.524,142.94159
SOMZSRE12A8C144B1B,Dora The Explorer,Tenemos Amigos,106.298,6,0,4,-6.167,59.95057
SOANXQX12A6D4FCB23,Spade Cooley,Lover,172.612,2,0,4,-29.378,108.87791
SOVXTIS12AB017C9FB,D.A.R.,Que paso,176.298,2,1,1,-6.657,250.122
SOQZALM12AC468BFEE,Bruford,Forever Until Sunday,78.136,6,0,3,-14.857,351.42485
SONNLIQ12A8C133D9A,Joy Kitikonti,Agrymonyzer (Matsingena Mix),137.999,11,0,4,-7.856,384.57424
SOJSPSR12A5891FFB9,Simon Harris,You Make Me Feel So Good,0.0,1,1,1,-18.797,6.08608
SOKHLSU12A58A7EDF0,Sam Baker,Just A Glance Away,95.882,7,1,1,-17.756,167.10485
SONTMSY12AB017B6E1,Bruce Springsteen,Rosalita (Come Out Tonight),167.559,5,1,1,-5.67,591.62077
SOGFXKP12AB0180E00,The Berzerker,Humanity,86.5,11,0,4,-6.952,105.45587
SOYCNWG12A6D4F88A2,Danny Wilson,Spencer-Tracey,158.208,9,0,4,-14.655,92.42077
SOAREII12A8C1386EE,The Dreamtree Project,Bliss,134.291,0,1,4,-16.183,798.1971
SOVUUYF12AF729D0CA,Snowgoons,Planetary Takeover,94.281,1,1,4,-4.615,239.64689
SOAQLNO12A8C136D80,Iggy Pop,Lust for life (recorded during the us tour in 1986),119.121,1,0,4,-12.66,294.3473
SOVRBXC12A6D4F757B,XLNC,Pichleh Janam Dee,160.08,1,0,4,-12.373,386.55955
SOJCCCM12A8C130021,Johnny Kidd And The Pirates,Watermelon Man,88.521,7,1,3,-17.914,150.07302
SOLJCRC12AB01806CF,Daddy Yankee / Bounty Killer,Controlando El Area,220.311,7,1,4,-5.394,212.08771
SOWOSII12AB01858A0,Philippe Eidel,Tarha Tinghi,136.955,4,0,4,-10.685,301.11302
SOKJRSY12A58A7AA78,Luke Vibert,Gwithian,101.905,7,0,4,-15.199,418.79465
SODHEMN12A8C13E1D2,El Presidente,Turn This Thing Around,111.043,6,1,4,-4.353,213.05424
SODNUSJ12A8C137B05,Blind Willie McTell,Boll Weevil,130.36,0,1,4,-15.872,116.34893
SOBRRQI12AB017E0A0,Angel Romero / The Academy of St. Martin in the Fields / Iona Brown,Largo,106.98,2,0,4,-29.128,141.322
SOYXYIF12A58A7B030,Claw Hammer,Succotash,149.167,11,0,4,-9.467,291.7873
SOZCQEK12A8C130E9E,Pierre Perret,Les Trois Orfèvres,177.809,9,1,4,-8.118,132.07465
SOOUUUE12AB01878E1,Kool Keith,Don't Crush It,90.902,6,0,4,-6.062,258.19383
SOWCAGK12AB0183BE5,Undertakin' Daddies,Pictou County Coal,120.056,7,1,4,-9.548,177.94567
SOCNFNC12A8C133E6D,Rocky Hill,Fool For You,115.018,7,1,3,-6.479,257.82812
SOBAQFM12AB018BE98,Roy Drusky,Wasted Days And Wasted Nights,88.201,4,1,3,-13.823,163.36934
SOQZHOG12AB0184B8E,C.C. Adcock,What I Like (Womens),180.106,5,0,4,-10.56,297.63873
SOXSGQH12A8C1328B2,MxPx,Time Will Tell,134.492,9,1,1,-4.404,88.73751
SOCOOQH12A6D4F808E,Julien Clerc,Le Coeur Du Volcan,115.756,9,0,3,-6.755,174.15791
SOLRLAT12AB0183EE0,David & Steve Gordon,East Wind Drum Call,127.986,11,0,3,-18.5,610.95138
SOVFUCQ12AB0185388,Styles P,Intro,93.412,6,0,3,-11.895,85.02812
SOPFJAT12AC468C9D8,M.I.K.E.,We're Here To Stay,136.021,9,0,4,-7.383,479.81669
SOPKIWR12AF72AAB2F,Harry Connick_ Jr.,Here Comes The Big Parade,138.408,0,1,1,-6.131,251.76771
SOSNRYZ12AC3DF7701,Megadrums,Tschung Mori,118.087,1,1,3,-18.922,104.64608
SOZWCRH12AAF3B55D9,Commissioned,I'm Gonna Let My Love Flow,124.066,8,1,4,-13.644,235.72853
SOTYVIX12AB0188492,Antonio Bribiesca,Una noche serena y obscura,108.635,0,1,4,-12.705,151.92771
SOORPNR12AC9072A56,Sex Machine ft. Shèna,Friday Night,127.996,10,0,4,-4.956,418.87302
SONKGNH12AB017D33A,Gloria De Haven,Red Hot Pepper Pot,179.688,2,1,1,-12.265,163.42159
SOQSUHJ12A6D4F7637,fIREHOSE,Rhymin' Spielin',108.489,9,1,4,-15.855,122.64444
SOHZPTV12AC4686D44,Mick Hucknall,I Love You More Than You'll Ever Know,107.398,1,0,1,-10.452,406.93506
SOVAIGA12AB0184498,Farlow-Kirch Band,Juke Joint,187.495,2,1,4,-9.851,220.13342
SOJZSIH12AB0186BB1,Jim Chappell,In The Hills,126.052,0,1,1,-14.893,227.36934
SOQOFLM12AB01865FA,Goldfish,Watch Out for The Birdsongs,139.987,9,0,4,-5.529,159.45098
SOKTKGY12A8C13F3AD,Solomon,25 Variations And Fugue On A Theme By G.F. Handel For Piano_ Op. 24: Variation XVII,110.647,10,1,1,-27.239,37.48526
SORRETW12A58A7A840,Busdriver featuring Abstract Rude & Ellay Khule,Map Your Psyche,114.895,3,1,4,-12.09,255.63383
SORJAAC12AB0184C9E,4Him,You Are Holy,139.919,0,1,4,-9.908,296.98567
SOZQJVN12AB018DC00,Pitch Black,Harmonia,130.957,0,1,4,-6.597,377.36444
SOSYPFY12A58A7BF1D,Rude Boys,Heaven (LP Version),97.03,10,0,4,-14.544,289.95873
SOIRSKB12A8C13365C,Charlie Byrd,It Don't Mean A Thing (If It Ain't Got That Swing),109.542,0,1,1,-14.048,229.32853
SOOUISU12A6701FBD7,Dr Bombay,Girle Girle,137.96,9,1,4,-5.884,192.02567
SOEDYHS12A8C139D4E,Jim Reeves,Rosa Rio,158.763,11,1,3,-11.727,175.01995
SOAOJRS12A6D4FBDEE,Devo,The 4th Dimension (LP Version),144.801,2,1,4,-10.499,264.33261
SORZIBX12CF546516B,Janet Jackson,Greatest X,114.024,1,1,4,-7.006,263.02649
SOZIIMQ12A8C13700E,Gordon MacRae,Soliloquy (2001 Digital Remaster),133.017,5,1,3,-14.563,470.9873
SOCIBOU12AB0183541,Eason Chan,Xi Yang Wu Xian Hao,81.999,10,1,4,-13.294,241.44934
SOXFQVO12AC3DF99ED,Sex Machine,We Wanna Change Our Band Name,170.167,0,1,4,-2.972,148.47955
SOEDUXP12AB0180ABF,Jackie Wilson,If I Can't Have You,161.728,10,1,4,-10.283,101.77261
SOHQXIF12A8C13FEAD,Isabel Pantoja,Si Tu Me Dices Ven,73.811,7,0,5,-6.451,220.94322
SODMUKC12AB017E2F3,Pinch,Widescreen,70.047,6,0,4,-10.411,288.39138
SOFBBQY12A6D4F67B6,Cadet,Medley: Father_ I Adore You/More Precious Than Silver,80.721,7,1,4,-5.105,267.07546
SOLSRWZ12A6D4FA452,Young-Holt Unlimited,The Devil Made Me Do Dat (LP Version),166.796,2,1,7,-11.987,176.63955
SOPXQOC12A8C13A02A,The Tokens,La Bamba,83.809,0,1,4,-10.319,154.06975
SOVYJHX12AB017F591,Kanda Bongo Man,Dyna,131.444,8,0,4,-12.602,500.6624
SOSZFJT12AB0181E84,Devanic,I Am,87.044,4,1,4,-7.071,336.06485
SOWGZFG12A8151AF41,Jack Johnson,Monsoon,142.449,11,0,4,-6.892,264.82893
SOQDVVL12A8C134181,Harry Connick_ Jr,Joe Avery's Piece,181.469,0,1,4,-10.7,192.07791
SOJLDJL12A81C238A0,Converge,Deep Inside,152.775,5,0,4,-7.49,407.03955
SOTCZGT12A8A9D862E,Astarte,Thorns of Charon (Pt. 2) - Emerge from Hades,156.15,9,0,4,-4.012,419.97016
SOCLHYJ12AB01820D4,Beastie Boys,Shadrach (2009 Digital Remaster),100.649,2,1,4,-12.173,248.13669
SOGPUOJ12A6D4FA654,Los Traileros Del Norte,El Bipper,111.944,0,1,4,-6.005,201.03791
SOBNILM12A8C13A1EB,Imiskoubria,To Pirame,180.077,2,1,4,-8.85,211.64363
SODNYDT12AB0182DF5,The Scare,I Saw Destruction,110.161,7,1,4,-4.745,209.71057
SOUBHVV12A8C1337EE,Massimiliano Damerini,Sonata I.X.1905: I. Preduycha (Janácek),99.809,3,0,5,-23.042,397.81832
SOIZTET12AB017EEBF,Charlie Byrd,How Insensitive,121.887,2,0,4,-22.937,361.56036
SOKCIGV12A6D4F810B,Jeff And Sheri Easter,A Love That Keeps On Giving (Silent Witness Album Version),101.943,0,1,3,-10.301,191.99955
SOFVMAQ12AB018182D,Juice Leskinen,Halintamyymälän aamutoimet,107.769,9,1,4,-13.589,271.77751
SODXFVY12A6310ECF2,Wet Wet Wet,Hear Me Now,95.465,2,1,4,-7.811,242.65098
SOLMGPP12A6D4FAB9E,ZENFU,Großraumbrand,124.887,9,0,4,-6.054,226.82077
SOFCDUZ12AB01861C6,Vince Guaraldi Trio,Yesterdays,92.4,2,0,3,-25.924,242.9122
SOFKYTG12A6D4F7275,Shifty,EZ Cuz You're Beautiful (Album Version),163.884,3,1,4,-5.295,192.91383
SODMTUR12A8C13C8A4,Glen Campbell,Woodcarver,152.082,1,1,3,-8.472,202.70975
SONZWRE12AB018B938,Martin Denny,Manila,125.052,3,1,1,-17.306,144.71791
SOOGMXN12A8C13954F,Selena,Techno Cumbia,90.971,11,1,4,-7.572,225.17506
SOLGTDL12A58A7DC29,Rance Allen Group,Put Your Hand In The Hand,163.381,2,1,4,-12.48,252.36853
SOUVJAU12A58A7A14B,Chelsea,Decide,86.727,11,0,4,-9.869,301.71383
SOZTUDR12A8C13FE3F,Alex Ubago,Temblando,96.7,9,1,7,-8.205,201.09016
SOBSEPQ12A6701FD9E,Conway Twitty,Sitting In A Dim Café,89.71,9,1,1,-14.626,157.12608
SOTTYPP12AB017AC2D,Alicia Keys,Heartburn,105.775,1,1,4,-9.74,183.43138
SOQUHYB12AB0186630,The Plimsouls,I Want You Back,123.452,4,1,4,-7.842,147.9571
SOHAHVO12AB017D096,Lily Allen,LDN (Warbox Original Cut Dub),99.982,5,1,4,-7.794,234.1873
SOQHGND12AB018C00F,Lil Boosie feat. Bun B_ Trae_ Yo Gotti & Foxx,Better Believe It Remix (feat. Bun B_ Trae_ Yo Gotti & Foxx),125.827,9,1,7,-13.135,318.79791
SOMTYLD12AF72A6883,My Chemical Romance,Interlude (Album Version),132.474,6,0,3,-22.42,57.18159
SOJBLIX12A8C1373C7,Daniel Johnston,Desperate Man Blues,92.938,9,1,1,-24.308,219.76771
SOUBBVK12A8C1344A6,Eyes Cream,Open Up Your Mind (Guido Osorio Club Mix),129.994,0,0,4,-7.052,492.30322
SOMNEPJ12CF5465172,Hot Chip,Ready For The Floor (Radio Edit),128.988,11,1,4,-5.087,202.10893
SOPXLMX12AB01884D1,Melanie And The Secret Army,Held Der Tastatur,144.319,7,1,4,-2.122,255.58159
SODHOGM12AB018A4FA,ZombieSuckers,The Nightmare Begins,42.58,1,1,4,-22.904,62.95465
SOCOHHK12AC9071950,PitchBlack,Satanic Majesty,208.865,9,1,4,-4.427,292.70159
SOARSSE12A58A7BA9A,OutKast,Wailin',95.381,1,1,4,-10.817,118.9873
SOFICXV12A6D4F84D5,LL Cool J / Freeway,What You Want,50.51,1,1,1,-4.628,264.48934
SOZRCYC12AB0188FA8,Joe McBride,On The Money,93.986,7,0,4,-7.028,258.35057
SOXPJJT12AB01843F5,Casual,Precís,156.007,11,1,4,-5.846,213.55057
SONHGXE12A67ADE77C,Irwin Goodman,Terve menoo jätkänretale,108.199,9,1,4,-5.901,200.9073
SOMHYXD12A8C1354D4,Buckwheat Zydeco,Trouble (Studio),148.371,10,0,4,-5.588,233.50812
SOFNVDO12AB018735E,Freddie McGregor,Ask You for a Dance,114.013,0,1,5,-7.065,247.64036
SOBBWSO12A8C13C787,Fania All Stars,Soul makossa,92.097,11,0,7,-8.48,342.30812
SOUFDVM12A8C1441D6,Casiotone For The Painfully Alone,Bad People,100.919,1,1,4,-10.039,26.80118
SOIEMZS12A670216C9,Ideal,Roter Rolls Royce,95.572,10,1,4,-11.761,191.73832
SOEGXRQ12A8C141170,Midnight Fish,Baby Here I Am,96.679,9,1,5,-7.681,300.82567
SOOYURE12AB0186349,Tijuana Hercules,When The Moon Comes Up Wild,119.38,11,0,3,-8.487,178.49424
SOBWZPF12A8C1414CC,Mariano Yanani,Adagio (Albinoni),89.933,7,0,3,-16.6,216.68526
SOHMKHQ12A8C139C40,King Curtis,The Lone Prairie,136.089,9,1,1,-9.682,127.03302
SONGCRV12AC468AE46,Albert Ayler,Music Is The Healing Force Of The Universe,71.642,11,0,5,-9.8,632.34567
SOKZSOY12A81C206D5,Monty Are I,In This Legacy,189.917,8,0,4,-4.654,245.10649
SOZQDCY12A58A7D5CD,The Jackson Southernaires,When We All Get To Heaven,113.643,2,1,1,-9.217,272.53506
SOFTBIU12A8C130B7E,Anti-Flag,Death Of A Nation,189.134,1,1,4,-3.116,115.53914
SOXVRHB12A8C13F14B,Kraftwerk,Titanium (2009 Digital Remaster),126.132,1,0,4,-10.184,201.09016
SOKDLKT12A6D4F9F46,Cassie,Long Way 2 Go (Album Version),52.711,8,1,4,-8.081,222.74567
SORNKYO12A58A76A1C,Bone Loc,King Bong,141.041,5,0,4,-3.045,329.63873
SOZPJMN12A81C1FA0D,Commander Cody And His Lost Planet Airmen,Riot In Cell Block #9,170.916,4,0,1,-13.839,195.65669
SOKRTKJ12A58A7B5DD,Bobby Darin,Bullmoose (LP Version),181.368,0,1,4,-8.774,147.93098
SOBNWKP12AB017D280,David Palmer,Émergences: III. Fragments d'épaves,50.751,2,1,3,-24.647,486.94812
SOPVSUN12AC4689EB1,Catherine Howe & Vo Fletcher,White Winter Hymnal,139.913,9,1,4,-10.989,242.62485
SOPPMRZ12A8C132DAC,Tex Williams,Start Even,110.385,9,1,1,-12.62,191.242
SOXRVYA12A8C1425A7,Hank Locklin,Send Me The Pillow You Dream On,122.798,0,0,4,-10.067,143.35955
SOZJCYY12A8C13EFC7,Johnny Osbourne,We Need Love,105.261,9,0,4,-11.902,216.65914
SOPQASR12A8C13FF05,Melt Banana,"How To Say ""Rip Them Off""_ Repeat After Me",124.986,2,1,1,-2.124,29.33506
SOWOHFX12A8C138B5D,Asleep At The Wheel,I Hate Christmas,78.087,9,1,1,-7.828,180.50567
SOCXYGU12A6D4F834D,The Birds,No Good Without You,139.811,5,0,4,-9.936,162.66404
SOEWIDM12AB0188F52,Lionel Rogg,Fantasia In C Major BWV 570,87.735,0,1,1,-32.033,171.72853
SOEONAT12A8AE48F90,Trivium,The Deceived,105.54,6,0,4,-3.134,360.75057
SOVYHTV12A6D4F8988,Massive Töne,Notausgang (feat. TimXtreme),197.992,2,1,4,-4.801,239.33342
SOZQDRV12A8C133FB1,The Cardigans,Rise & Shine,161.994,4,1,4,-4.659,211.35628
SOMLRBT12AB0186071,Hank Penny,Peroxide Blond,112.313,0,1,4,-16.425,127.99955
SOHDSWD12A58A7AB28,East To West,As Long As I Know,139.992,0,1,4,-12.813,253.59628
SOKHRWE12A6D4F6BE7,Paquito Guzman,Cuando Seolvida El Amor,176.113,11,0,4,-7.337,327.67955
SODEIVI12A8C13266D,M83,You Appearing,96.047,7,1,7,-11.451,219.24526
SORLKWU12A8C137F18,Polkaholix,Machopolka,144.001,9,0,4,-6.196,190.56281
SOPSELZ12AB0189D0E,Glen Washington,Sitting In The Park (Medley),155.036,4,0,4,-6.065,226.21995
SORZYXM12A6D4F7F55,Penguin Café Orchestra,Horns Of The Bull,191.61,2,1,1,-19.453,275.12118
SOBTTGX12AB017EEE8,Marvin Hamlisch,Ride To Atlantis,92.87,6,1,4,-16.43,209.34485
SOADJND12A8C13BAE1,Bad Religion,The Lie,140.202,9,0,4,-3.677,138.84036
SOGBQDZ12A8C135533,Jessica Simpson,Take My Breath Away,99.909,7,1,4,-6.224,196.12689
SODYWNH12A6D4F7B58,Jim Breuer,Party In The Stomach (LP Version),83.61,0,0,5,-9.639,478.92853
SOMSQTD12A8C136ADC,Vilma Palma,Lluvia De Acido,97.497,2,1,4,-5.885,202.78812
SOQGWOP12AB0181DB9,Pursuit Of Happiness,She's So Young,133.319,7,1,4,-10.81,216.39791
SOKHBNW12A8AE48A58,Jacques Dutronc,L'Homme De Paille,130.196,7,1,1,-10.592,142.91546
SOAGYDL12AB0183518,Antimatter,Expire,86.155,6,1,4,-10.258,479.45098
SOBREKP12AB017DD9B,Becoming The Archetype,End Of The Age,85.061,2,0,4,-4.757,389.95546
SOIGXSS12AB018850D,Storyville,Talk To Me,91.976,2,1,4,-10.088,343.58812
SOGQVBK12A8C13D09F,ISRAEL & NEW BREED,Not Forgotten,96.782,4,1,4,-4.877,199.57506
SOATIOJ12A8C14469B,Karan Casey,Sliabh Geal gCua,102.745,3,1,5,-20.067,189.88363
SOXDCGA12A8C141720,Jeckyll & Hyde,Time Flies,140.032,7,1,4,-5.521,220.55138
SONFKHD12A6D4F8ED6,Dionne Warwick,Don't Let My Teardrops Bother You (Album Version),130.637,2,1,4,-12.772,243.85261
SOCYGKJ12A6D4F719F,Bad Brains,At The Movies (Live),201.933,9,1,5,-8.869,170.44853
SOVXUBX12A58A782FD,Zeromancer,Send Me An Angel,130.0,10,0,4,-5.832,236.53832
SOZQHDM12A67020FA7,The Smashing Pumpkins,Rotten Apples,88.794,6,1,4,-16.358,184.39791
SOATEEN12A67020394,Redman,Muh- F***a,92.8,11,0,4,-3.58,199.81016
SOCYVBL12A6D4FD36C,Miossec,Regarde Un Peu La France,166.081,5,1,4,-12.892,162.32444
SOQVLOK12AB017E8BC,Don Gibson,Blue Blue Day,108.974,4,1,1,-12.808,109.71383
SOUDGKB12A8C13EDA8,Miriam Yeung,Yi Xing,107.961,0,1,3,-7.088,257.4624
SOVVINA12A6D4FA730,Jan Wayne,Groovin',140.045,0,1,4,-5.418,230.76526
SOMWELJ12AB0184C6D,Beherit,Witchcraft,133.954,1,0,3,-3.798,192.13016
SOLWVEA12A8C143C45,The Unborn Chikken Voices,Again And Again,85.039,2,1,4,-5.746,217.91302
SOTEWEI12AB017FC0C,Kathy Troccoli,How Deep The Father's Love For Us,105.675,10,1,3,-15.993,195.02975
SOBUFKH12A8C13BE9F,Jimmy Riley,Prophecy,84.63,10,0,3,-5.317,205.50485
SOHWGUM12AB0186B87,Les Bantous De La Capitale,Masuwa,144.142,10,1,7,-7.958,341.05424
SORGJJW12A8C134D65,Pascal Obispo,Tombé Pour Elle (L'Île Aux Oiseaux),89.79,10,1,4,-6.005,369.26649
SOXQVZC12A8C13C5D9,Alicia Keys,If I Was Your Woman,74.078,6,1,7,-12.518,244.45342
SOOZYMQ12AB018E589,Pumpkin Buzzard,The Sector of Foliage,104.19,11,0,1,-5.878,271.49016
SOEBGQK12AB01879F4,Bézu,Frou-frou,185.092,1,1,3,-8.783,177.26649
SOZAQVA12AB0183627,Jim Kweskin,Eight More Miles To Louisville,192.89,1,0,1,-10.111,178.57261
SOQSIIB12A6D4FBEFA,Rooney,Jump In My Bed,123.026,7,1,4,-2.3,199.28771
SODMNJR12AB0183BC5,Los Auténticos Decadentes,Pastas Y Vino,117.683,9,1,5,-8.693,172.09424
SOZTULX12A6701E7EF,Mariah Carey,Clown,120.083,7,1,7,-10.187,196.93669
SOXAATM12A58A7ABA8,Kane,All I Can Do,89.975,3,1,3,-10.262,220.76036
SOTIDVB12A58A7E5C7,Amorphis,Privilege of Evil (From the Privilege of Evil EP),102.164,2,1,3,-4.979,228.85832
SOZXHBQ12AB0186626,The Plimsouls,Women,162.907,4,1,4,-7.167,192.13016
SOEGYJV12A8AE47396,Sugar Minott,Jah Jah Children,167.947,7,1,4,-9.11,185.99138
SOZGQLE12AB018672C,Alexisonfire,Mailbox Arson,89.89,8,1,3,-4.829,212.11383
SOMMFDF12A58A7DB85,Bob Margolin,Lost Again,108.496,10,1,1,-8.091,204.09424
SOGYGFM12A58A77D96,Aswad,Your Recipe,146.313,5,0,4,-7.097,242.07628
SOLASJA12AB01896B8,Jonny Lang,One Person At A Time,111.266,7,1,4,-6.825,182.80444
SOFZBJR12A8C13C45D,Extrabreit,Break That Ice,145.093,0,1,4,-8.807,283.14077
SOZOKIL12A6701EE9B,Ben Harper And The Blind Boys Of Alabama,Take My Hand,164.637,6,0,4,-9.768,234.65751
SOYUJBX12A81C23080,Erkki Junkkarinen,Siks oon mä suruinen,121.649,0,0,4,-12.742,195.65669
SOHHDMY12A8C136E9A,Line Renaud,Vous Qui Passez Sans Me Voir,80.053,2,1,3,-14.729,179.93098
SOUHAOJ12AB0187C31,Lionel Rogg,Te Deum Laudamus_ BuxWV 218 : II Te Martyrum Candidatus (Remasterisé En 2010),95.426,9,0,7,-19.452,70.03383
SOFVRHN12A8C134119,Sabda Brahma,Highest State of Consciousness,157.972,0,1,4,-5.75,254.64118
SOLMEXI12A8C140CF9,Deitrick Haddon,Don't Take Your Spirit Away,131.065,0,1,4,-6.814,234.47465
SOCYTLD12CF546325E,Jennifer Lopez,We Gotta Talk,132.731,5,1,4,-3.756,247.77098
SOEHBWL12A6D4F95D1,Dyango,Todo Tiene Su Fin,99.946,3,1,1,-7.183,197.642
SOAWVZG12A8C1443A5,Zeca Baleiro,Proibida Pra Mim (Grazon),66.49,7,1,4,-11.41,195.00363
SOSNABG12A6D4F7521,Yahir,Amigo (Con el Coro de Infantes de la Basilica de Guadalupe),95.993,2,0,5,-6.504,253.28281
SOLIGUP12AC9073063,Shapeshifters,Chime,131.996,11,0,4,-7.19,467.43465
SOIZNGJ12AC4689C61,Cristina Pato - Mutenrohi,Bag á l'ame,128.785,11,0,4,-5.99,331.88526
SOEVOMG12AC4688558,Mikey Dread,Livin in the Jungle,159.659,6,1,4,-12.449,152.00608
SORYPZH12AB0186EDE,Capital Tax,Givin' It Back,105.995,10,0,4,-11.649,262.79138
SOMYRRN12A3F1EA18C,Francis Dhomont,Chiaroscuro,154.045,1,1,3,-18.464,540.49914
SOWIHGX12AB017D6EA,Mick Moloney,Bodhrán Solo,195.44,7,1,1,-23.419,32.91383
SOEURME12AC3DF81F5,Joe Grushecky,Cracking Under Pressure 83,124.858,2,1,4,-8.026,257.95873
SOELHME12A8C145C19,Groundhogs,Split Part One,153.656,7,1,1,-11.942,601.3122
SOISFRK12A6D4F573D,AFI,Affliction,113.471,4,1,5,-5.711,328.72444
SOJDOWV12A58A77C06,Cowboy Mouth,Jenny Says,153.968,6,1,4,-5.801,197.90322
SOYECRB12A6D4F4BE0,Papa Wemba,Bakwetu,92.379,7,1,3,-10.614,293.53751
SORMORE12A8C133DCA,The Jeremy Spencer Band,Sunshine (Album Version),135.013,10,0,1,-10.398,327.05261
SOVGAZH12A8C140274,RUN-DMC,Miss Elaine,124.993,6,1,4,-4.92,185.23383
SOLPAYF12A58A7F024,Simply Red,A Song For You (Live),105.468,7,1,3,-11.883,253.43955
SOCHDNX12A67ADA90D,Mase,What You Want [feat. Total] (Album Version),93.871,3,0,4,-6.63,242.93832
SOKYVJB12A8C13E23C,BoDeans,You Don't Get Much,120.277,2,1,4,-10.631,284.76036
SOAVGKZ12A81C1FD16,Carlos Vives,Decimas,88.772,8,1,3,-6.04,213.41995
SOTELUQ12A6D4F7CFD,Gang Starr,Mostly Tha Voice (Explicit),91.399,2,1,4,-10.112,218.38322
SOGPMDO12A58A7E070,The Jackson Southernaires,Leave You In The Hands,65.675,9,1,3,-9.905,212.40118
SOLWMEJ12AC961829F,Caniche Hara-Kiri,Frigide,131.946,1,0,3,-9.729,178.15465
SOPMGXS12A8C133199,Clarence Fountain,Beams Of Heaven,122.18,9,1,3,-19.137,312.08444
SOCJHKC12AB0188F03,Franco,On and on,149.985,4,0,4,-8.731,217.86077
SOAOOXO12AF72A787F,Foo Fighters,Still,110.742,5,1,4,-12.584,313.10322
SOINKBE12AB018770B,Elephant Man,informa,122.189,1,1,3,-6.449,232.95955
SOBUSAT12AAF3B3A7A,Lightnin' Hopkins,Everyday I Have The Blues,94.807,8,1,3,-17.332,70.53016
SODRPTB12A8C144BB7,Extrabreit,Für mich soll's rote Rosen regnen,138.517,5,1,4,-5.004,248.86812
SOZVTZB12A58A7AEE4,Vixen,American Dream,124.67,11,0,4,-14.109,259.60444
SOQSXAT12A6D4F5760,A-Studio,S.O.S.,127.307,0,1,4,-9.657,421.27628
SOHCWLZ12AB018781C,Planet P Project,A Boy Who Can't Talk Part 2,117.815,7,1,3,-19.121,74.762
SOYWRWP12AB01845EE,Tom Petty And The Heartbreakers,Christmas All Over Again,138.916,9,1,4,-7.72,254.98077
SOULUPQ12A67ADF8BC,Thirst,Planet E.,86.459,0,1,4,-5.801,237.5571
SOCTUNO12A8C14050A,Faithless,I Want More - Part 1,90.718,0,0,1,-7.133,197.79873
SOGBVCL12AB0187F83,F.I.R.,I Am Here,85.96,5,0,4,-6.388,232.48934
SODRNQF12AB0182322,John Mayall & The Bluesbreakers,I'm Your Witchdoctor,117.73,2,1,5,-6.316,129.48853
SOIQQYQ12A6D4F4AB7,The Edgar Broughton Band,Out Demons Out (Live) (2004 Digital Remaster),131.184,0,1,4,-9.607,594.85995
SOQEBKX12A8C140A0F,Eurythmics,Better To Have Lost In Love (Than Never To Have Loved),140.549,5,0,4,-12.602,305.10975
SOKALAO12AB017F5B3,Boyz II Men,Motownphilly,112.258,9,0,4,-7.943,245.75955
SOXGZAI12A6D4F4199,Jay & The Americans,Tomorrow,86.442,10,0,4,-16.685,173.58322
SORWPOH12A6D4FBC6C,1. Futurologischer Congress,Tokyo,164.35,8,1,4,-13.587,135.41832
SOFDOQF12A67ADD049,Seguridad Social,Un Pensamiento,174.037,5,1,4,-8.978,278.38649
SONZLMF12A58A7A6E2,Malefaction,Abused And Unloved,120.112,0,0,1,-3.642,51.12118
SOIRJHK12A67020A7B,Champion Jack Dupree,One Scotch_ One Bourbon_ One Beer,178.929,0,1,1,-8.61,254.24934
SOPUPKV12A6D4FD6FD,Red Foley,Choc'late Ice Cream Cone,98.173,2,1,4,-10.64,122.51383
SOWEVZH12CF54662C8,Metallica,Metal Militia,88.73,11,0,4,-9.507,311.19628
SOGPTDY12AB01890BE,Rui Da Silva,On My Mind (feat. Ben Onono) (The Drill-Re-Work Dub),127.993,4,0,4,-8.649,437.28934
SOZXRRC12AB017D5C4,Space Opera,Awake II,107.969,2,0,1,-6.157,68.41424
SOHYDPA12B0B80B77C,Beastie Boys,Eugene's Lament,142.409,4,1,4,-14.421,132.51873
SOSRWWL12A6D4FBBB6,The Stooges,Lost In The Future (False Start -#1),26.663,0,1,4,-10.77,27.0624
SOKAQXL12AB0183208,Rajery,Mihodina ny tany,153.922,4,0,5,-10.836,294.24281
SOYRTWG12A8C142BC1,Johnny Horton,The Woman I Need (Honky Tonk Mind),179.49,7,1,1,-11.806,132.23138
SOYXIXE12AB018388E,Johnny Carver,Goodtime Charlie's Got The Blues,163.081,9,1,4,-20.088,169.27302
SORAUDM12AB0181656,Freddie King,Key To The Highway,159.869,2,1,4,-13.607,332.45995
SOWVZEP12A6D4F7441,Sukhbir,Balle Balle,180.025,0,0,4,-10.136,339.87873
SOZZEXN12AB0184E54,Pyrolator,Passage To Melilla,90.248,4,0,5,-8.045,180.24444
SOAXYAX12A6D4FE44D,Atreyu,Blood Children (an Introduction) (Album Version),90.625,10,1,4,-20.639,74.34404
SOKFHZG12AB0183FE5,Beogradski Sindikat,Plejersko ponasanje,190.042,5,1,4,-3.234,298.68363
SOIFUXC12AB0182A9B,Bomb Squad,Never Be (Bonus Track),175.708,8,1,7,-8.169,115.69587
SOYYSKP12A67021A9E,Ms. Dynamite,Natural High (Interlude),112.991,9,0,3,-15.339,56.13669
SOVDYQP12AB01824EC,Dixie Chicks,Hole In My Head,153.447,2,1,1,-7.279,201.16853
SOJBPQJ12A8AE4738C,Cartel,Georgia,151.956,0,0,4,-4.619,234.1873
SOHMNPP12A58A7AE4B,Josh Turner,What It Ain't,87.029,0,1,3,-5.628,207.93424
SOTINEI12A6D4FB826,Anneli Drecker,Fire Alarm,120.196,8,1,4,-6.808,262.50404
SOFUODO12A8C1403E6,Otis Spann,Someday Baby,114.241,2,1,1,-9.154,318.22322
SOVQOXC12CF546326C,Janis Joplin,Get It While You Can,74.961,0,1,4,-10.514,205.53098
SOWEHVB12A6D4F8F0B,Dexys Midnight Runners,Spiritual Passion (aka Dubious),119.448,4,0,1,-8.211,202.39628
SONSRKM12AB018E7DA,Bad Company,Simple Man,130.049,0,1,4,-9.045,296.12363
SOQJYCE12A6D4F4844,Vangelis,Other Side Of Antarctica,162.441,4,1,4,-18.335,416.7571
SOQVPTA12A8C13F598,themselves,You Devil You,80.051,8,1,3,-11.163,245.31546
SODCVNW12AB0183A41,Barbara Lynn,It Aint No Good To be Good ,120.16,7,1,1,-16.796,156.42077
SOXJKNO12A81C1FE08,King Diamond,Shrine (Reissue) (Album Version),140.582,11,1,4,-4.153,263.57506
SOCGXWX12A6D4F98AA,Pat Metheny / Charlie Haden,Message To A Friend,200.199,7,1,7,-23.149,373.41995
SOYGQGQ12AB0180EAC,Dave Brockie Experience,Too Much Stuff,187.232,8,0,4,-3.931,100.10077
SONCWSL12A6D4F419D,Jay & The Americans,Let's Lock The Door (And Throw Away The Key),131.01,2,1,4,-10.623,149.89016
SOYWXNN12AB018AC20,Beat Pharmacy,Floating (Edit),124.075,10,0,5,-14.698,569.46893
SOBCLGN12A6D4F6FF5,Rhinoceros,You're My Girl (LP Version),103.387,2,1,1,-8.826,280.24118
SOZGUEI12A8C139953,Bury Your Dead,A Devil's Ransom (Album Version),134.054,11,0,4,-5.016,151.71873
SOAWTJD12A6D4F4BB4,Williamson,Breathe Easy,110.032,6,0,4,-10.132,203.17995
SOCRYER12A6701CD40,Dilated Peoples,World On Wheels,88.176,11,1,4,-8.695,236.59057
SOYQHTY12AC95F048D,Steinwolke,Erinnerung an die Meseta,83.697,7,1,4,-14.35,409.88689
SOJSJTR12AB0188131,Tiny Tim,Stay Down Here Where You Belong,105.85,10,1,4,-12.256,177.00526
SOQQUFP12AB0189123,Mind Furniture,Hoop of Flame (III. Between Two Worlds),84.57,2,1,5,-8.98,221.04771
SOPOKGS12AB01823C0,Drouz,Turn Me Around,85.187,0,1,3,-12.235,286.98077
SOPTWAH12AB017F9CE,Rajery,Mahafinaritra,132.666,4,0,5,-8.236,219.48036
SOBFXZB12A8C1357BB,12 Gauge,Dawg Call (Acappella),85.078,1,1,5,-12.673,185.28608
SOEZPZF12AC468E07F,Die Bandbreite,Try to live,90.889,8,0,4,-5.515,289.38404
SODMROH12A8C13677E,Alan Silvestri,Full House,84.615,0,1,1,-18.114,81.50159
SOQMDJS12A8C138341,Helmet,Tic,144.447,7,0,4,-10.291,220.31628
SOQJIWF12A8C13D2F0,Dynamite Deluxe,Zap Zap,93.298,9,0,3,-10.182,86.67383
SONQAVF12A6D4F5FE3,Bill Murk,Morning Has Broken,104.981,0,1,4,-12.748,170.26567
SOLTIOJ12AB01805AE,Jawoll,Rendezvous - Ich hab' Dich seit langem nicht gesehen,151.211,9,0,4,-8.025,235.31057
SOMLMRZ12AB017D510,The Baltimore Consort,The Beautiful Shepherdess of Arcadia,130.572,7,0,1,-21.925,614.00771
SOKIHTB12A8C1397CF,Foo Fighters,Overdrive,157.739,2,1,4,-2.512,270.47138
SOEHQMQ12AB01806CC,Sivuca & Clã Brasil,Visitando Zabelê,134.99,2,1,3,-8.32,234.16118
SOJYUSL12AB0182C3C,Rod Piazza & The Mighty Flyers,She Made My Blood Run Cold,117.267,8,0,4,-8.244,257.2273
SOJQYMQ12AB0188A0D,Primordial,Here I Am King,87.643,9,0,5,-5.225,264.88118
SOOXGZG12AB0181F07,Michael Stanley Band,Chemistry,158.057,11,0,1,-8.729,173.42649
SOEMNZS12AC4686BF8,Willie Clancy,Jig: A Chailleach_ do Mharais Mé,78.188,11,1,3,-11.106,102.37342
SOMRYZP12AB01819CA,Planet P Project,Join The Parade (Album Version),99.995,11,0,4,-5.902,271.82975
SOKWKUQ12AB01868D8,Ragheb Alama,Albi Eshiha,101.814,5,0,1,-6.415,340.53179
SOLFNXJ12A58A79CD9,Jay Pérez,Si Tu Regresas,94.815,5,1,4,-12.209,196.12689
SOYTVXY12AB0181ED0,Pee Wee King,Slow Poke,133.792,7,1,1,-13.995,182.282
SOYRDKV12A8C14211E,Patsy Cline,A Poor Man's Roses,91.01,11,1,1,-5.176,168.95955
SOQQIIL12AB017B6C2,Solitaire,I Still Want Your Love (Extended Mix),126.294,10,1,4,-6.08,492.45995
SOESZYV12A6D4F8299,Mötley Crüe,Hell On High Heels,132.131,5,0,4,-8.209,260.04853
SOFQLHB12A58A77520,Simon Harris,You Got Soul Loop (104bpm),104.259,10,0,4,-16.595,180.92363
SOMTHWO12A58A78109,US Coast Guard Band,America The Beautiful,67.126,8,1,3,-18.636,200.41098
SOYXXDD12AB0182A10,Alvino Rey And His Orchestra,My Buddy,101.307,4,0,7,-18.272,193.74975
SOAZEHG12AB017F482,CoCo Lee,Sunny Day,131.622,6,1,4,-5.094,860.39465
SOHGCRX12AB0186D9B,Pale Forest,Karma Violins,77.926,9,1,5,-7.909,183.61424
SOXJJSN12AB018746F,Nestor Torres,Lluvias De Cristal,85.009,9,0,4,-8.238,277.7073
SOFPCDE12A67ADF4F5,Irwin Goodman,Raha ratkaisee,111.562,0,1,4,-10.854,119.06567
SOBOVLS12A58A794F3,Jane's Addiction,Standing In The Shower... Thinking ( LP Version ),223.387,7,1,4,-8.794,185.15546
SOCTDQP12AB018C367,Mystic Revelation of Rastafari,Song,84.895,9,0,1,-27.815,118.282
SOCUAPA12A8C13FE6B,Isabel Pantoja,13 De Mayo,70.214,4,0,1,-6.851,329.32526
SOTLJGY12AB0188E32,Cancer Bats,Dead Wrong,168.901,2,1,4,-4.214,160.26077
SOTXDHW12AB017DDDB,Captain Hollywood Project,All I Want,109.85,9,0,4,-8.255,372.27057
SOSAQJT12A6D4F69EC,Roy Rogers,I Never Picked Cotton,193.626,11,1,4,-10.938,138.762
SOLMECR12AB018B776,Johnny Nash,I See God,86.128,3,1,1,-16.404,187.0624
SOYWNKL12A58A7A694,Ismael Dueñas,Strange meeting,96.779,8,1,1,-17.241,533.34159
SOITUZS12A8C13A99C,Marc Lavoine,Je N'ai Plus Rien A Te Donner,116.646,9,0,4,-10.824,203.15383
SOOERNA12A8C136691,John Mayer,Comfortable,167.489,5,1,3,-13.651,301.13914
SOYHHDK12AB0188098,Big Mama Thornton with Kansas Bill and his Orchestra,Hound Dog,148.907,3,0,1,-7.96,169.84771
SOTZRZI12AB0188F32,Roy Drusky,Worried Mind,140.26,0,1,3,-14.912,130.53342
SOMTYGS12AB017F66E,Jeanne Pruett,Love Me,113.384,2,1,4,-18.612,193.01832
SOVYHHG12A8C1399B3,Mariano Yanani,Stuck In A Moment You can't Get Out Of,160.026,4,1,4,-14.334,212.06159
SOZXGZD12A6D4F964A,The Irish Rovers,Up Among The Heather,189.817,4,0,1,-12.948,132.25751
SONZANZ12A8C136AC8,Wilks featuring jah mason,Have fi pray,70.708,4,0,3,-7.376,249.75628
SOBHMPJ12AB01899FE,Angelo Badalamenti,Vera Begs Dylan,36.279,9,1,1,-17.363,209.89342
SOEEBCV12A6D4F76A2,J.J. Cale,Losers,136.273,0,1,1,-15.6,160.62649
SODTNTM12A6D4F98CB,Bert Kaempfert And His Orchestra,Games People Play,84.881,11,1,4,-11.999,175.38567
SOGNSLP12A6D4FD729,All Shall Persih,The True Beast,99.963,11,1,4,-2.685,215.61424
SONNTQH12AB018C2D8,John Digweed,Warung Beach,125.015,8,1,4,-7.569,460.79955
SOKSXUB12A6D4F80DB,White Heart,Answer The Call (Powerhouse Album Version),96.911,9,1,4,-10.88,285.43955
SOMYGJH12A8C14114C,Vanessa Bell Armstrong,Wonderful One,47.761,4,1,4,-9.224,273.24036
SOBLMKC12AB018974F,Dropline,Fly Away From Here (Graduation Day) (Album Version),161.988,5,0,4,-4.372,239.20281
SOYOFWM12AB018DD7D,Tommy Sands,A Bundle Of Dreams,95.836,0,1,4,-18.859,142.49751
SOGIRYF12A670215E3,Missy Higgins,Don't Ever (Album Version),125.741,2,1,4,-10.709,171.38893
SOZZFVR12AB0188142,Hi-Fi Companions,Amoria,130.005,4,0,4,-7.818,464.5873
SORTNQL12AB018B103,Jope Ruonansuu,Aattelepa ite,180.068,9,0,4,-8.058,188.96934
SOBPKPM12AB017FD64,Charlie Patton,34 Blues,100.795,5,0,3,-30.53,173.322
SOOIHII12A8C13D898,Mr. Kilombo,De la mano de un chulo,106.028,7,1,4,-5.023,217.7824
SOBIETA12A8C1414AB,Marlene Dietrich,Laziest Gal In Town,99.36,9,0,7,-15.2,158.45832
SOWKWKH12A8C13C972,Adalberto Santiago,Tu Me Desesperas,205.885,5,1,4,-3.533,299.93751
SOYQZUC12AB01839DC,Eddie,Lombrigas e os vermes,175.01,2,1,4,-5.037,170.08281
SOUFXRV12AB01815C3,Los Fabulosos Cadillacs,Manuel Santillán_ El León (Versión Reggae),214.941,7,0,4,-4.879,239.67302
SOWONPQ12A8BED02A8,Akon,Don't Matter,125.328,2,1,4,-6.124,249.39057
SOOHHWU12A8C13EAF1,V Sinizter,Valentine's Day,183.573,6,1,4,-5.573,205.73995
SOPRYHK12A8AE47858,Richard Hawley And Death Ramps_ Arctic Monkeys,Bad Woman,130.631,2,1,1,-4.347,139.78077
SONYTWI12A8135773F,Stephan Micus,part 2 - Winterlight,30.827,8,1,1,-25.106,316.49914
SOGHYGL12A8C134B40,Johnny Winter,Be Careful With A Fool,103.377,7,0,3,-10.381,315.92444
SORHXRB12AB017A14B,Jean-Claude Darnal,Mélusine,164.942,9,1,3,-10.392,134.76526
SOXRBMB12A6D4F499C,Raze,The Plan (The Plan Album Version),110.007,7,0,4,-4.984,213.91628
SOKSRNK12A8C133138,Yank Rachell,It Seems Like A Dream,104.579,7,1,1,-15.134,172.59057
SOVXWKR12AB018B22A,Orbit,Break,91.488,1,0,4,-12.958,183.95383
SOKKIPX12AB018E692,Kruger,Posledny Buntar`,113.268,1,1,4,-4.952,387.16036
SONAEJC12A8AE45BB4,Slipknot,Gently (Album Version),134.282,2,1,4,-4.557,294.00771
SOOGUFF12A8C142BC7,Grachan Moncur III,Monk In Wonderland (2008 Digital Remaster) (Rudy Van Gelder Edition),152.213,6,1,1,-11.535,474.06975
SOMDTRS12A8AE46E50,Rick Astley,Nature Boy,99.985,0,0,4,-11.551,192.10404
SOMCBPS12A8BED74BF,The Marx Brothers,End Title/Animal Crackers,128.398,3,1,1,-13.174,25.57342
SOXKUPF12A8C13FA8B,Sylvester Weaver,Alligator Blues,88.887,4,1,4,-14.695,182.77832
SOGPIPI12A8C135F47,Line Renaud - Dean Martin,Two Sweety People,76.236,5,1,4,-14.262,173.13914
SOFUNPN12A8C13B387,Orbital,I Don't Know You People,91.364,6,1,5,-8.912,467.53914
SOSAZTX12A67ADBEE0,Jason Mraz,Song For A Friend (Live From Montalvo),173.468,11,0,7,-10.798,740.46649
SOSWHER12A81C21BFF,Lester Bowie,Organic Echo (Part II),94.776,9,1,3,-24.901,327.18322
SOUZQFG12AB017F6B1,Alejandro Lerner,No Hace Falta Que Lo Digas,137.486,10,1,4,-15.182,263.6273
SOSSNMA12A81C228AB,Wolfchant,Guardians Of The Forest,210.032,8,1,4,-5.05,208.56118
SOPRODS12AB0187E92,La 5A Estacion,Ayer,155.041,2,1,4,-7.337,135.8624
SOKCNFA12AF72A0ED3,The Ataris,I Won't Spend Another Night Alone,151.401,5,1,3,-3.115,257.85424
SOFPLUG12A8C136CA4,Barry Manilow Featuring The Glenn Miller Orchestra with Debra Byrd,Don't Sit Under The Apple Tree,90.074,7,1,4,-9.115,172.06812
SOHBIHW12AB0187243,Jacques Douai,Les Scieurs De Long,108.283,8,1,3,-16.516,191.65995
SOOQKAN12AB01846F9,Ronnie Milsap,How Great Thou Art,83.973,9,1,4,-6.681,281.52118
SOUTLPX12A8C133854,Marc Shaiman,Fruits & Nuts,129.655,5,1,4,-16.031,165.72036
SOENOKK12AB018642B,Jacques Douai,Mes Belles Amourettes,94.617,4,0,1,-20.97,114.33751
SOSYXIB12AB017D41D,DJ Slugo,Bass To Bass,143.028,9,1,4,-20.349,248.99873
SOSXESK12AB0180414,SKOLD vs. KMFDM,All Or Nothing,85.03,2,1,4,-6.272,303.22893
SOMXGZH12A8C138775,Legion Of Green Men,Dubbaq,149.988,1,1,4,-6.924,396.77342
SOUIRNB12AB0181C46,Glen Ricks,Out Of My Mind,168.203,2,1,4,-13.629,242.20689
SOVPIUN12A6D4F8F1E,Faces,Stay With Me,182.085,9,1,1,-8.026,279.84934
SOJZWRA12AB018D029,Enslavement Of Beauty,And Still I Wither,145.109,4,1,4,-5.646,313.75628
SOZYQDX12AB017F658,Aynsley Lister,Crazy,96.364,2,1,4,-9.77,227.10812
SOLSWAC12AAF3B5258,David Raksin,The Bad And The Beautiful,73.961,8,1,3,-12.981,141.40036
SONYFHJ12A8C13CAB8,Facto Delafe y las flores azules,Desde el este,96.007,7,0,4,-7.221,100.362
SORWHKK12A8C13F549,Al Toomer,Finish the Job,113.282,11,0,3,-15.494,225.90649
SORMJDF12A8C13C321,Nick Ingman,"The Marquis and the Scaffold (From ""Quills"")",117.45,10,1,4,-23.333,186.61832
SOKIAJX12A6D4FA7F3,Utopia,Hiroshima,110.301,2,1,4,-10.998,435.93098
SONBILX12AB0188421,John Brown,Ms. Marseilles,101.074,10,0,4,-8.65,113.97179
SOXWZTG12A8C13AF7C,Toni Braxton,Let Me Show You The Way (Out),91.066,6,0,4,-4.745,258.48118
SOBRJMH12AB018B853,Tommy Overstreet,If I Miss You Again Tonight,93.72,5,1,4,-16.735,169.22077
SOVGXVD12A58A7D23B,Chris Brown,I Love U,66.696,2,1,3,-6.649,182.22975
SOUZXYV12A8C13CADA,Erkki Junkkarinen,Nuoruusmuistoja,164.769,4,0,3,-14.225,218.93179
SORLCKK12A58A7BAB4,Charlie Peacock,After Lovin You (Love Life Album Version),100.862,1,1,4,-8.158,291.21261
SOZTGFX12AB0181283,Capone-N-Noreaga,Beef,157.665,5,0,4,-5.515,217.41669
SOYWFOK12AB0187CC0,Patric C,Find The Office,153.978,7,1,4,-7.651,236.82567
SODDIDB12A8AE463BD,Kitaro,Quasar,126.339,7,1,4,-10.282,410.06975
SOKVWHI12AB018B0AA,Jean-michel Rotin,Swing,121.987,0,1,4,-6.573,177.91955
SOAAQAB12A8AE4769F,Happy Mondays,"Wrote For Luck (12"" - Remastered version)",101.831,10,0,4,-9.616,342.59546
SOJMWVB12A8C14216A,Flutlicht,Ahmea,140.997,8,1,4,-5.957,513.56689
SOHKXRA12AB017CB5C,Alain Souchon,Le Bagad De Lann Bihoue,103.414,5,1,7,-9.711,231.31383
SOSZPEW12AB018287A,Mil featuring Memphis Bleek,Street Sh***,211.987,0,1,3,-7.891,265.29914
SOWXNPJ12AB0185A17,Prince With 94 East,Dance To The Music Of The World - Original Re-Mix (Practice Session),85.006,4,1,3,-12.998,364.5122
SOHZWYA12AB018307C,Fiasko,Hot Rod,126.031,10,0,4,-7.668,403.19955
SOFHRVN12A8C13F587,Flickerstick,Coke (Live),168.099,1,1,4,-6.305,280.89424
SONPVFL12A81C22ADA,Bobby Darin,Drown In My Own Tears (LP Version),66.232,1,1,3,-23.112,203.57179
SOMDTUH12AC4687D93,John Michael Talbot,Fan Into Flame,101.905,2,1,1,-19.725,170.44853
SONTOBA12AC4689054,Malina,Druzya,98.663,1,0,1,-6.184,232.04526
SOZHSPI12A8C1339E6,A Skylit Drive,Ability To Create A War,139.238,0,0,4,-5.864,88.86812
SOGFXIK12A6D4F615B,Daughters,Pants_ Meet Shit,80.992,9,1,1,-4.271,52.11383
SONQTFK12AB0180BAC,The Waybacks,McHattie's Waltz,240.983,0,1,3,-13.915,288.49587
SODTRYX12AC4689826,Maurice Chevalier,Ça S'est Passé Un Dimanche,113.689,11,0,5,-14.263,185.39057
SOHGLKT12A8C13AF29,Dropkick Murphys,Going Strong (Album Version),182.518,2,1,1,-4.999,186.01751
SOUDHLD12AB0189DF7,Josie,Heavy Heart (Album Version),107.829,8,1,4,-11.321,303.20281
SOBTXSH12A8C146024,Dendemann,Dendemänner braucht das Land,126.892,11,0,4,-3.094,205.13914
SOFSARM12AB017C9FB,André Verchuren,Un P'Tit Brin De Musette,198.736,2,1,1,-11.222,165.04118
SOBFZMO12A8C13ECC3,Amorphis,And I Hear You Call,131.191,0,1,4,-4.167,280.97261
SONUMRQ12AB017E917,Dave Alvin,Somewhere In Time,121.171,0,1,4,-15.241,354.19383
SOFQBMN12A8C1428AD,Beyoncé,Single Ladies (Put A Ring On It),84.1,11,0,1,-6.593,466.05016
SOGQNDO12AB0181930,Illya Kuryaki And The Valderramas,Ninja Mental,154.028,7,1,4,-10.819,233.97832
SOVXPSE12A6D4F87B5,G Unit feat. 50 Cent,Tony Yayo Explosion,75.0,11,0,3,-14.158,101.43302
SOISSKN12AB01888AF,Robben Ford,Ain't Got Nothin' But The Blues (Album Version),91.247,5,1,3,-13.908,278.96118
SOVXQVR12A8C132852,Ultimate Fakebook,Soaked In Cinnamon,163.604,10,1,4,-3.177,183.27465
SOTXLKT12A8C144768,Information Society,Make It Funky (Album Version),149.91,0,1,4,-19.776,68.362
SOMDZTP12AB018672C,Call To Preserve,Now And Forever,189.824,2,1,4,-4.829,165.82485
SOEEESC12AB01835B1,Belle and Sebastian,I Could Be Dreaming,165.038,1,1,4,-9.67,226.92526
SOUBXTR12AB0186DF5,GWAR,Slap U Around,136.211,8,1,4,-8.871,159.68608
SOBBGMF12AB018758C,León Gieco,La Mamá De Jimmy,124.004,7,0,4,-5.41,218.5922
SORELXV12A8C13BF00,Little Capes,Like A Freza,112.838,9,1,4,-8.603,289.64526
SOHJLBS12AB018B305,Johnny Pearson,Lets Go Amigos - Tail,117.101,0,1,4,-9.332,17.60608
SOTQUUI12A8C1390F0,Jean Segurel,Bourrée des Monts d'Aubrac,113.93,4,1,3,-10.974,186.90567
SORUXNU12A67AE1311,Broadcast,Guardian Angel,166.809,9,1,4,-5.346,302.52363
SOJDMUS12AB018259A,Pinchers,My Heart Is Booked,176.536,2,1,4,-12.783,221.88363
SOXYYDN12A8C13D848,Junior Reid,Skank and Dub,139.898,7,1,4,-11.206,220.47302
SODXFCU12A58A78087,Laurie Berkner,ABCD Medley,128.43,7,1,4,-11.498,182.22975
SOZKCNZ12A6D4FCAA3,Frank Stokes,It Won't Be Long Now,94.73,1,1,4,-19.27,188.89098
SOHKCZR12A6D4FB24B,Warrior King,Another Love Song,153.977,11,0,4,-6.134,204.38159
SOGOQKY12A8C142CBD,Simply Red,Good Times Have Done Me Wrong (live) - exclusive version,90.031,1,0,4,-6.569,305.162
SOZWKVJ12AB0188D0E,Orquesta Sublime,Me Dicen El Feliz,95.136,7,1,1,-7.911,222.14485
SOOXJSH12A8C137DD1,Xzibit featuring Jayo Felony and Method Man,Pu**y Pop,96.058,6,0,4,-8.011,201.06404
SONCQJK12A8C141A3A,Hot Club Of Cowtown,Cabiria,132.073,0,1,1,-10.881,203.96363
SOQPKMA12A8C134BD1,Aleks Syntek,Un Espacio Para Andar (2002 Digital Remaster),120.029,6,0,7,-6.73,275.19955
SOFTZZW12AB0184ED6,Les Malpolis,Plus chère la vie,96.521,11,0,1,-4.03,298.89261
SOILGAJ12A6D4F79D8,The Roots / Jaguar,We Got You (Featuring Jaguar),218.587,5,1,4,-17.317,39.18322
SOCPGYO12A6D4FBE11,John Ottman,Entanglement,69.234,4,0,1,-13.501,79.77751
SOONWCU12AB017EF1F,Fabri Fibra,Alla Fine Di Tutto Questo,160.071,1,0,4,-4.41,267.36281
SOGMVDA12A8C140799,DJ Nasty,Sounds Of The City,150.023,0,1,4,-6.6,206.70649
SODUQPC12AC468D0FA,Moss,Orchard,101.29,8,1,3,-19.933,261.48526
SOCCUAU12A6BD56BE7,Christoper Titus,The Impala Incident (The Fifth Annual End Of The World Tour),80.8,6,1,4,-9.322,119.66649
SOUYYZV12A6D4FBE40,In Extremo,Frei zu sein,170.095,9,0,4,-2.136,186.06975
SOASECA12AB01875F6,The Incurables,Finally,99.139,7,1,4,-9.254,276.63628
SOILALF12A8C146C98,Frank Caliendo,Now I'm All Over The Place_ Scoob (Album Version),124.086,2,0,7,-13.149,433.47546
SOOLZNN12A8AE47E47,The Steeles,Left Behind,71.911,4,1,1,-10.277,241.26649
SOKNYCV12A8C137625,In Extremo,Signapur,114.127,4,0,4,-3.734,233.74322
SOYITPH12A58A7CA96,Guitar Shorty,History Of Jody,103.27,10,0,4,-17.135,817.37098
SOBFOZC12A8C143BE8,Funeral For A Friend,Juneau [Live],102.889,8,0,4,-4.518,251.21914
SOGRJSY12A8C13C25E,Sugarbomb,Posterchild for Tragedy,122.761,8,1,4,-6.121,260.93669
SOYNEVM12AB018439A,Tom Petty,Wildflowers (Album Version),86.8,5,1,4,-13.374,190.32771
SOHPRWZ12AB0180B14,Groove Karma,Come All Over Me,144.045,0,1,4,-7.377,206.78485
SOSBSFC12AC960A17A,Joan Sutherland,Handel: Alcina: Tornami a vagheggiar,138.356,10,1,3,-16.553,264.12363
SORAOMT12A8C140327,Love Jones,Matter Of Fact,102.473,7,0,4,-7.479,384.13016
SOPKWKW12A8C1312BC,Jeff Beck,Head For Backstage Pass,131.554,9,1,4,-8.951,163.83955
SOXNMJY12A81357342,Skeeter Davis,Santa Claus Is Coming To Town,150.784,7,1,4,-16.87,153.96526
SOVBLWJ12A6D4F6EE4,Crystals,He's A Rebel,117.623,6,1,4,-5.651,150.90893
SOXVCSA12A8C137504,Bebe Winans / Stephanie Mills,Everyday,144.005,7,1,4,-9.2,324.93669
SOXPAAZ12A8C13F495,Three 6 Mafia,Let's Plan A Robbery,130.298,1,1,4,-10.606,213.60281
SOREDLN12A58A7CD54,Jaydee,Plastic Dreams,124.553,1,1,4,-7.855,265.84771
SOOCTOA12A8C13C2BD,Flamin' Groovies,Carol,172.502,9,1,1,-3.215,195.39546
SOUSGXU12AC468B613,Vickie Winans,Boyfriends,124.734,1,1,1,-18.871,108.45995
SODBPRG12A81C21AE1,Auf Der Maur,Taste You,125.05,9,0,3,-7.319,277.89016
SONYLMS12A58A7C76D,Kim English,Treat Me Right (Jon Cutler Album Version),123.978,4,0,4,-5.193,292.5971
SOIPALY12A8C134921,Daniel Johnston,Come To Me Tonight,158.304,9,1,7,-11.092,115.35628
SOYAKYV12A8C1366D6,Juan Carlos Baglietto,Todo A Mi Favor,131.624,4,1,1,-15.459,218.09587
SOBSCBT12AB01838DA,Martin Sexton,Caught In The Rain,109.889,2,1,3,-14.15,277.39383
SOILKFY12AB01859FF,Thriller U,Dancehall Man,72.305,9,0,3,-10.677,235.12771
SONPFMD12AB017C1B3,Shakira,Tú,139.95,0,1,4,-10.65,214.12526
SOREWHH12A58A7CDF8,Jimmy Johnson,Country Preacher,98.929,9,0,4,-8.581,287.32036
SOYPZAE12A81C1FDC3,Behemoth,Chant For Eschaton 2000,156.261,2,1,4,-4.146,321.48853
SOHCYND12AF72A3CD9,Sick Puppies,Deliverance,91.145,5,1,4,-4.531,190.9024
SOJKXAO12A58A7CB4F,The Real Kids,Better Be Good,162.771,4,1,1,-14.655,252.26404
SODHZNC12A8AE47F36,Lee Ritenour,Good Question  (LP Version),148.879,9,1,4,-10.982,223.45098
SOBQXVB12A8C138200,The Jason Bonham Band,Bing,196.013,9,0,4,-7.11,290.19383
SOXCLCB12AB01829E2,Poncho Sanchez / Dianne Reeves,Morning,215.461,5,0,3,-9.681,355.05587
SOUJZUN12AB0183A9B,Audio Pyper,Walk in the Park,124.996,7,1,4,-12.98,405.52444
SOGTWZP12AB018545B,Oliver Lake Quintet,Only If You Live There,131.611,6,1,4,-10.383,419.76118
SOEMXXF12A6D4F932C,David Arkenstone,Waterfall (Spirit Of The Rainforest Album Version),106.998,4,0,3,-18.327,363.41506
SOONKCD12AB018353D,Mark Ashley,Operation Love,99.996,11,0,4,-4.336,190.77179
SOYTTHD12A6D4FACA0,Roger Reynolds,Stereophonic Presentation - Kokoro_ Pt. 5,48.607,11,0,1,-37.668,313.91302
SOSYYND12AB0186F9A,Alkonost,Dumy Moi-Zamicy Dal Nie...,109.953,9,0,4,-4.456,542.87628
SOHIWMI12AB017C48B,A Ghost Devotion,Need Not,137.973,9,0,4,-8.489,305.34485
SOQVHOW12AC46885EE,Xose Manuel Budiño,A Galicia Vente Xa,119.835,0,1,4,-5.407,365.47873
SOPWSJD12A8C134A1A,RyanDan,Always,111.518,0,1,4,-8.567,235.12771
SOSFYHJ12A8C13AF10,Pelt,Track 04,107.368,11,1,3,-22.196,225.98485
SOGXADW12AB0183042,The Last Eighth feat. Dumi Right(Zimbabwe Legit) and Skillz,No Mercy Remix (Cade Money Remix),179.912,1,0,4,-6.947,239.33342
SORLFPE12A6D4F2B84,Vivian,Bad Creation,90.993,6,1,4,-6.53,227.76118
SOESVVP12CF5F8799A,Annie Lennox,A Whiter Shade Of Pale,145.99,0,1,4,-8.724,316.76036
SOSDYAS12AB0180457,Blink-182,All Of This,117.574,9,1,4,-5.342,280.00608
SOORZRU12AC468A12D,Michèle Bernard,Chanson sous la pluie,114.495,5,1,4,-10.338,192.67873
SOPQTWV12AC3DF9853,We Show Up On Radar,Like a Bird Pulling Up At a Worm,80.029,4,1,3,-13.362,194.71628
SOBPRXH12AB01824D8,Michael Bloomfield,Buried Alive In The Blues,106.534,2,1,4,-12.022,295.91465
SOEMIKT12A8AE4884B,Cocoa Tea,I Can't Help,163.664,11,0,4,-7.441,237.89669
SOJZOST12A8C139DA4,The Rongetz Foundation,East,119.992,4,0,4,-8.415,390.37342
SOXTCSF12A8AE4628A,Beyoncé,Ring The Alarm,113.992,11,0,3,-3.964,161.38404
SOMCYNS12A58A7B8BE,Mase,Wanna Hurt Mase? (Album Version),92.028,9,1,4,-6.933,263.18322
SOMORVY12A8C144093,Information Society,Seek 300,150.055,6,0,4,-8.149,288.62649
SOZZQBH12A6D4FAFD8,The Paul Butterfield Blues Band,Thank You Mr. Poobah ( Remastered 97' Version ),158.12,2,1,4,-15.693,246.12526
SOMORZB12AB0188412,Catherine Howe,Going Home (Acoustic),164.886,7,1,3,-15.095,203.44118
SOIXLZQ12AB018CE35,Der Plan,Alte Pizza,119.317,11,0,4,-14.342,153.59955
SOKAJCZ12AB0186428,Patric C,Everything Has Changed,198.138,1,1,1,-11.651,286.4322
SOGSSOW12AB0189E3E,Little Freddie King,Goin' Upstairs (Little Freddie King),128.745,4,1,4,-9.995,312.63302
SOUPVWK12A6310EF7A,Radiohead,Fast-Track,103.476,2,0,4,-7.037,197.45914
SOIIGWW12A81C23437,Dimmu Borgir,The Chosen Legacy,150.064,10,1,7,-3.561,259.02975
SOCJFRN12A8AE459BF,Jimmy Riley,Show Of Love,162.139,8,0,4,-13.887,233.7171
SOAASSD12AB0181AA6,Percy Faith & His Orchestra,Song From Moulin Rouge,91.765,7,1,3,-11.149,195.02975
SOWMWFG12AB017F371,David Arkenstone,Drifting,160.028,10,1,4,-11.812,272.74404
SOCIAAX12A58A7CEDB,Jellyfish,The Ghost At #1,169.875,5,0,4,-9.679,216.60689
SOYHENM12A8C13BEAD,Fuzz,Blues 666,153.978,11,1,4,-3.768,238.36689
SOVUNDW12A58A7AF38,Rui Da Silva,Amidar (CCCP Mix),65.005,11,1,4,-5.999,444.9171
SOZTNUV12A58A7FCB5,Shakira,Donde Estas Corazon,121.589,9,0,4,-7.094,399.98649
SOWLLSW12AB0184EE8,Faking David,Down A Notch,98.259,10,0,4,-10.769,169.56036
SOKUWZA12AB017FB9B,María Elena Walsh,Balada De La Mariposa,103.623,10,1,5,-13.024,148.89751
SOUMIYO12A6D4FD73C,BassTurk,Unutmam,90.627,2,0,5,-10.399,259.05587
SOCOMAW12AB017EE59,Connie Francis,You Were Only Fooling,121.993,7,1,4,-9.956,135.8624
SOQKAFW12A67ADA4C6,Twista Featuring Cee-Lo,Hope  (Edited Album Version),106.967,11,1,4,-5.126,272.50893
SOIQENV12A8C133A29,Johnny Cash,Lonesome To The Bone,170.995,9,1,4,-10.06,162.29832
SOBTTPI12A8C1406EF,Curtis Mayfield,Soul Music (ReMastered),83.902,6,0,1,-14.364,237.60934
SONNXJI12A58A7AD05,K-OS,The Avenue (Zack W. Remix),102.91,9,1,4,-6.472,282.43546
SOPOSOZ12AB018C568,The Mighty Clouds Of Joy,I've Come This Far by Faith,95.984,0,0,4,-14.502,141.58322
SOGPBBU12A67AE219E,Geier Sturzflug,Bruttosozialprodukt,165.979,2,1,4,-6.54,186.51383
SOHWQKE12AB0187F90,Alturas,Turu wilakuy,78.01,0,1,4,-14.956,293.90322
SOQUEQP12A8C1397DE,Spectra Soul,The Tube,85.006,4,1,4,-7.751,303.51628
SOCMHVU12A8C13A274,F.I.R.,Si Xin De Li You,101.471,6,1,7,-6.351,248.0322
SOPAQJH12AB018BAFC,Black Debbath,Grønn Dame_ Rød Klut (Sangen Om Boken Om Damen Anne Enger Lahnstein),85.068,0,0,7,-6.093,268.61669
SOXOKBA12CF54651D5,Dolly Parton,I'm Running Out Of Love,100.06,10,1,4,-10.609,125.33506
SODUOQU12A58A7D2A8,Stevie Ray Vaughan And Double Trouble,The House Is Rockin',170.217,4,1,4,-10.351,168.30649
SOOWFID12AC9DCED58,The Glencastle Sound,Medley: Bobby Stenhouse; Braes Of Gleniffer; Girl In A Blue Dress,110.76,2,1,3,-15.118,3.5522
SOCQEJA12AB0187390,Bruce Carroll,The Room,90.094,4,0,3,-10.882,278.41261
SOSLDDI12AB0180835,Glen Ricks,Magic Carpet Ride - Original,86.999,4,1,4,-10.469,167.49669
SOYCHDB12A8C13F2C8,Muse,Can't Take My Eyes Off You,126.725,0,1,4,-5.646,211.12118
SOAZGGS12A8AE457F4,CoCo Lee,Mo Jing,100.034,10,0,4,-6.025,269.53098
SOCTFYZ12AB018CE46,YZ,Love,43.991,0,0,1,-14.64,287.37261
SOIZPQD12AB017E788,Brainchoke,Crystal Clear,137.07,11,0,4,-3.254,87.14404
SOKPMSE12A8C135993,Slim Whitman,China Doll,107.584,4,1,4,-9.681,170.81424
SOTKJLB12A6D4F785A,Badmarsh & Shri,Dancing Drums,96.028,5,1,5,-9.507,497.13587
SOKHNPX12A8C14512E,Groucho Marx,Show Fifteen with Bernard Sampson & Robert Sewell,131.128,4,1,5,-9.332,321.20118
SOZMGEI12AB018DA91,Jeff Scott Soto,Colour My XTC,180.974,10,0,4,-4.304,298.05669
SOAJLLN12AB0184718,Super700,The Other Side,64.101,6,0,1,-8.878,47.28118
SOEYVTH12A8C138E6E,Kékélé,Yo Odeconer,115.072,9,1,4,-7.821,309.49832
SOAMORU12A8C137E6F,Gerard Lenorman,Voici Les Clés,121.832,2,1,1,-8.811,227.39546
SOXYNYD12A8C13DF7B,Tabu Ley Rochereau,Kassoule,100.009,0,1,4,-13.029,173.19138
SOBGWIG12A6D4F6329,AZ,Aziatic (Outro),87.599,2,1,4,-7.459,60.21179
SOUTRYP12A8AE46BC6,The Clash,Inoculated City,87.657,2,1,5,-13.143,130.63791
SOYSHUA12A58A7CEBF,Wendy Moten,Make This Love Last,109.001,5,1,4,-8.634,230.37342
SOWZOIY12AB0181FD3,Black History,Problem Inna the System,127.27,5,0,5,-10.062,251.402
SOFUTDG12AB018A272,Melatonin,Le complexe de Sisyphe,127.989,10,0,4,-9.443,233.11628
SOKIGAA12AB0184D4F,Steve Green,Honor The Lord (He Holds The Keys Album Version),168.34,0,1,4,-13.051,147.40853
SOGTHVT12A6D4FC435,Pink Floyd,The Grand Vizier's Garden Party (Entrance) (1994 Digital Remaster),65.61,7,1,4,-20.11,60.13342
SOIMXWW12A8C140FDD,Judas Iscariot,Babylon,135.39,2,1,4,-7.736,393.89995
SOAPZIG12A6D4F7920,Enrique Iglesias,Dicen Por Ahi,101.43,0,1,4,-6.947,229.0673
SOCZOTF12AB018C245,Eddy Arnold,Enclosed_ One Broken Heart,42.086,3,1,4,-11.375,156.21179
SOQWJDW12AB01829EE,André Verchuren,Jalousie,123.249,2,1,3,-9.865,194.82077
SOGLLSY12AB01856CF,Johnny Osbourne,Turn Me On,91.775,9,1,5,-8.227,271.5424
SOAWEQT12A8C13AC84,Andreas Dorau,Du Verstehst Mich Nicht,118.975,0,1,4,-9.752,267.36281
SOESTLC12A58A767BC,The Roots,100% Dundee,183.486,8,1,5,-1.031,270.31465
SOWREHW12AB0186FE8,The Merry Macs,Breezin' Along With the Breeze,79.821,8,1,4,-16.008,182.9873
SOIDLER12A81C21607,Ashtrax,Future Traffic Song,123.013,2,1,4,-12.796,278.36036
SOGALXT12A8C1332F5,D.O.W.N.,I Don't Give a F**k,129.986,11,0,4,-7.722,239.72526
SOEMGOC12AB018790A,Tito Rodriguez,Mango Del Monte,103.166,5,1,7,-10.317,176.5873
SOGRXSE12A6D4FB47C,SNAP!,The First The Last Eternity (Till The End) (feat. Summer) (GDC Mix),150.037,6,0,4,-11.804,385.35791
SOAGAFW12AB0181E97,California Oranges,Feel Better,176.02,0,1,4,-10.454,330.1873
SOMZIPX12B34F32E77,Anna Vissi,Den Me Agapas,166.891,11,1,4,-12.712,296.30649
SOQWQSK12AB0180210,The Berzerker,Compromise,227.25,6,0,4,-4.563,163.81342
SOBLURN12AB018064A,Ada Jane,The Queen's Treatment,61.198,10,1,1,-13.892,288.80934
SOROJLB12A81C2178B,Flora Purim,Tomara (I Wish),75.297,2,1,5,-19.173,242.83383
SOJFAXW12AB018D3BE,Virgil Moorefield,Get Moose and Squirrel,45.13,5,1,4,-10.369,155.8722
SOKNRNY12A8C143B32,Ice_ Lucky Luciano_ Filero,Slab Ridaz (feat. Lucky Luciano & Filero),163.006,5,0,4,-5.141,239.93424
SOCMUOM12AC90730BB,GG Allin,Outskirts Of Life,99.572,0,1,4,-11.29,198.84363
SOBUKEN12AB018CEA2,Dallas Holm,A Broken Heart,93.553,7,1,4,-14.948,273.00526
SOZLSQF12AB01852C1,Styles P,Styles P Speaks (Interlude),105.532,1,0,3,-7.495,57.57342
SOAEQKJ12A58A761EA,The Game feat. Jim Jones Camron & Bezell,Certified Gangstas (featuring Jim Jones Camron & Bezell),69.555,7,1,7,-6.647,210.23302
SOQTLMB12A58A7DBFF,Simple Minds,Sanctify Yourself (Extended Remix),128.607,0,1,4,-11.231,435.3824
SOHYKZG12A6D4FAF0A,Petra,Hollow Eyes (Beat The System Album Version),105.498,4,0,4,-11.555,242.62485
SOHYVTD12A8C130A40,Alexander O'Neal,When A Man Loves A Woman,95.924,7,1,3,-5.184,183.11791
SOACEXG12AC468D8FB,Bionikworld,Party Favours,126.089,0,1,4,-7.56,413.23057
SOBQKAH12A8C1362DF,Jean Segurel,Sous les chataigniers,214.324,7,1,3,-8.819,144.97914
SOHOOPX12A58A7951E,Photek,124,161.772,1,0,1,-10.611,421.19791
SOZLPXW12A6D4F80FE,Ashes to Ashes,Gemini,84.001,8,1,5,-5.061,247.84934
SONNELS12AB018048F,Band Of Horses,Plans (Cover Version - Original by Grizzly Bear),111.963,11,1,4,-11.536,205.24363
SOLDQOV12A6D4F5BBB,Bill Murk,Find us Faithful,126.884,7,1,4,-8.188,298.9971
SONZTSK12AB018C5A1,Don & Juan,Are You Putting Me On The Shelf,141.469,5,1,4,-9.146,136.04526
SOHQASI12A58A78CDC,Simple Minds,Hunter And The Hunted (Live),106.136,8,1,4,-8.013,352.44363
SOGXXTV12AB018B61D,Edmundo Ros,Happy Beat,191.863,10,1,1,-16.327,134.1122
SOOQGOK12AB0185F23,Noemi,Per Colpa Tua,144.052,0,1,4,-2.957,226.37669
SOMBZVH12A6D4FC797,Frederik,Hur hur murmioon,103.063,3,0,4,-6.904,179.3824
SOJKRUL12A8C137034,Cocoa Tea,100%,115.862,0,1,5,-11.627,228.96281
SOZDQJS12A8C131CCB,James Taylor,Down In The Hole,100.075,2,1,4,-13.097,315.16689
SOZMXUV12AF72A507A,Selena,La Llamada,90.103,9,0,4,-12.366,192.62649
SORYKAR12A8C13048C,Dave Eggar,Dream Of Ice,117.298,4,1,5,-29.084,224.73098
SOAVNYB12AB0182731,This Is Hell,REALIZATION: REMORSE,83.335,6,1,3,-5.726,106.39628
SOXVPPB12AB0185A28,Donna The Buffalo,Visitor,172.076,0,1,1,-12.667,251.42812
SOGHBHI12A6D4FA67E,Soulwax,Soul Simplicity,96.02,11,1,4,-9.061,274.78159
SOKVWUH12A58A7D2CD,Mae West,Put It Off Until Tomorrow,101.276,2,0,7,-16.198,150.49098
SOIBMJF12A58A7DFCE,Mayday,Groundhog Day f/Cee-Lo Green & DJ Craze,178.719,5,0,4,-5.646,233.84771
SOPMGRB12A6701E98E,Aerosmith,Livin' On The Edge,101.66,2,1,4,-5.746,324.07465
SOKZCIU12A8C13EC0D,Sister Hazel,Come Around (Acoustic),195.633,9,1,4,-6.594,283.48036
SOUFPFU12AB01854D3,David Andreu,El Sabor lo Pongo Yo,222.02,11,0,7,-6.063,250.56608
SOPFNGN12A6D4FB47B,SNAP!,Mary Had A Little Boy (Maestro Mix),121.102,6,1,4,-10.232,327.78404
SOREPXL12A67ADE7DA,Irwin Goodman,Onni,151.004,4,1,1,-5.752,231.47057
SOZYDBD12AF72A30E7,Rise Against,1000 Good Intentions,155.411,9,1,1,-5.794,187.66322
SOTTGWB12A6D4F58C6,Rishi Rich,Jaan - Interlude,95.985,11,0,4,-10.817,45.45261
SOUTVOS12AB0189D62,Lizzy Borden,Zanzibar,186.075,8,1,3,-4.151,386.66404
SOGSJVU12A6D4F8735,Eliane Elias,All The Things You Are,176.138,5,0,3,-28.25,201.22077
SORUVQF12AB017D220,Clay Crosse,I Surrender All,134.864,2,1,4,-7.997,286.74567
SOCJMUC12AB01859E9,Mikey General,I'm Wondering,87.858,1,1,4,-13.333,220.73424
SOGSUTX12AB018C0E9,Snowgoons,Starlight,104.705,3,0,4,-2.42,232.75057
SOBRZCG12A6702187D,Gorillaz,White Light,154.873,2,1,4,-7.766,128.41751
SOEWXOF12AC468B5C8,Hef feat. Big2 & Dio,Gedroomd,102.374,6,0,4,-9.909,219.29751
SOKUPZU12AB018379B,All Girl Summer Fun Band,Everything I Need,139.967,0,1,1,-10.187,212.84526
SOFRDRA12A8C1419D9,Sergio Franchi,Cuore Appassionato,118.137,5,1,4,-13.148,199.73179
SOZHYMW12AB017E8EE,2 Minutos,Cancion De Amor,97.546,9,0,4,-4.861,124.39465
SOCLIXD12A58A7B60D,Carolyn Arends,Last Thursday (Call Me Crazy),106.963,0,1,4,-9.819,204.01587
SOYINSW12B0B80BEBD,The Strokes,Between Love & Hate,104.208,9,1,5,-4.689,191.29424
SOHPCSX12A8C13F224,EPMD / Nocturnal,Dungeon Master,180.823,6,1,4,-6.866,204.5122
SOPUKRF12A8C137FF4,Steve Smith,Blue Cave,138.39,0,0,4,-30.676,404.45342
SOHGJTR12A6D4FB972,Sugar Minott,Walking Through the Ghetto,164.93,7,1,4,-6.975,186.8273
SOCBMSI12A8AE49124,Jacques Dutronc,Laquelle Des Deux Est La Plus Snob,126.968,5,1,3,-9.774,152.76363
SOPOWPY12A8C13A4D0,Juan Carlos Baglietto,Estas Listo,93.008,7,1,4,-13.592,274.99057
SOTFFCM12A8C140BC2,Natassa Theodoridou,Endeka Para,178.021,1,0,4,-8.851,254.69342
SOXXPIC12AB017EA44,The Sonics,Near My Soul,158.84,6,1,3,-9.796,164.362
SOLAFZG12A8C135358,Lisa Lisa & Cult Jam,Something 'Bout Love,107.778,0,1,4,-8.517,302.75873
SOHDIHR12A6D4F913F,Nick Ingman,Sangha the Outcast,115.124,0,1,5,-19.817,167.33995
SOUQDHF12A8C13B70C,Britney Spears,My Prerogative,110.993,1,1,4,-6.451,213.18485
SOOWOMX12AB018844A,Tony Joe White,Ol' Mother Earth (Album Version),126.241,11,0,4,-23.012,187.32363
SOAHOBN12AB01835BF,DJ Phiene,Bass Fanactiks,165.023,4,0,4,-10.706,240.92689
SONELCM12A8C14114B,Gary Moore,All Your Love [Live 1999],110.768,9,1,4,-5.457,272.16934
SOWAVGA12A58A7A6A2,D:Fuse vs The Scumfrog,Stereo + Video,130.018,7,1,4,-4.757,534.62159
SOIBNUC12A8C140158,Pat Travers,Bazooka,182.949,1,1,3,-6.236,221.93587
SOOYLGJ12A58A7B465,Halfway to Gone,Black Night,141.63,8,1,4,-5.061,210.07628
SORCJFO12A6BD54EBD,Kuba,Geh,90.777,11,0,1,-3.441,222.04036
SOMEYFE12AB018BA5B,Shawn Colvin,Cry Like An Angel,167.772,0,1,4,-12.798,290.11546
SOTKIJC12AB017C558,John Sebastian,Waiting For A Train [Live],91.802,0,1,3,-19.869,169.84771
SOFJDJH12A8C136932,Loketo,Menssa,114.888,0,1,4,-12.16,291.3171
SOQIRNJ12AB0187772,John Frizzell,Carrie's Theme,91.434,2,0,4,-29.999,100.75383
SOWMHYX12AB0188761,Cockney Rejects,Oi! Oi! Oi!,92.957,2,1,1,-6.971,204.93016
SOFSBTM12AB017BE1C,Esa Pakarinen,Miina ja Mikko markkinoilla,178.936,2,1,4,-13.305,119.27465
SOPOEHR12A8C13D801,New Roanoke Jug Band,I've Been Cryin' Since You've Been Gone,92.932,4,1,4,-12.241,216.81587
SOFOAIA12A8C136186,Nickelback featuring Kid Rock,Saturday Night's Alright (For Fighting),156.005,7,1,4,-3.709,223.99955
SOMTHTV12A8C13F714,SKYCLAD,The One Piece Puzzle,167.504,2,0,3,-8.294,361.24689
SOJJUSO12A8C13A71A,Loudermilk,Mai,112.398,6,1,4,-6.564,272.03873
SOOGBFB12AC4688DF4,Billie Jo Spears,What I've Got In Mind,119.053,0,1,4,-12.551,175.20281
SOPLCDD12A8C13599C,Jazz Crusaders,Soul Etouffe,93.368,5,0,4,-8.945,267.91138
SOARJEA12AB0188123,Esion Jim,Never-ending,96.002,7,1,4,-7.531,439.64036
SOYYHWG12AC3DF9F08,Joe Grushecky,How Long,85.312,9,1,4,-6.742,313.3122
SOLMIOU12A8C140A4A,Mariano Yanani,Cancion De Cuna_ Op. 49_ No. 4 (Brahms),68.311,5,1,5,-16.069,124.83873
SOTSOTJ12AB01872E4,Les Ogres De Barback,Dubrovnic,86.092,0,0,3,-4.727,212.13995
SOOHEFF12A6D4F68A6,UFO,Out In The Street,86.595,2,1,1,-10.534,313.7824
SOSDWNM12A8C140DCC,Gene Simmons,Haunted House,96.737,9,1,1,-10.313,155.11465
SOYGWIK12AB017F613,Crematorium,A Disconsolate Winter Landscape,86.633,8,0,1,-17.124,164.44036
SOIQGQN12A8C1461C8,Los Fabulosos,Galopera,83.741,5,1,4,-14.553,170.26567
SOIOOCV12AB01850B9,Geoff Muldaur,Tennessee Blues (Album Version),82.759,7,1,3,-26.772,217.88689
SOFWODZ12A6701DE58,Drag-On / DMX,Niggas Die 4 Me,102.889,10,1,4,-6.051,232.82893
SODXXLK12AB017E7AB,Memphis Sheiks,Diamond In The Bluff,173.661,9,1,4,-16.547,282.33098
SOWHYDW12AB0186487,Don Gibson,Release Me,87.806,7,1,4,-20.691,184.68526
SOZQVBA12A8C13CAAD,John Mayall & The Bluesbreakers,Nature's Disappearing,89.949,6,0,4,-9.11,292.91057
SODIEVX12AB0186777,Take It Back!,These Days,135.264,3,0,4,-4.696,204.90404
SOXAUGB12AB018756D,Tony Murena,Mambo Italiano,213.995,1,1,1,-10.631,155.14077
SOKJUZQ12AB0185E37,Fever Ray,When I Grow Up,122.984,9,0,5,-6.817,556.06812
SOILVGP12A8C1367CE,Philip Bailey,Silent Night,160.313,7,1,4,-14.064,210.93832
SOZXQUU12A6D4FE701,Neviss,Spain,94.318,3,1,4,-5.782,169.66485
SOJXPPN12A58A7E3E7,Chris Brown,I.Y.A.,131.953,5,1,4,-6.969,188.89098
SOZZPYH12AB0187578,Sneaky Sound System,Lost In The Future,130.053,7,1,4,-3.951,225.82812
SOYVGBE12A8C1420B4,Little Eva,The Loco Motion,84.758,0,0,1,-3.375,149.65506
SOQZQDZ12A8C13E62A,Thrilla U,I Love You Baby,92.017,0,0,4,-7.66,226.95138
SONJBQX12A6D4F8382,Daft Punk,Da Funk,111.201,5,0,4,-5.019,329.53424
SOQSSIH12A6D4F4445,Joi,What If I Kissed You Right Now?,159.991,3,0,4,-6.225,288.65261
SOWJPNZ12A8C13AE3D,Joy Division,Transmission - [The Factory_ Manchester Live 11 April 1980],157.103,1,0,4,-6.525,229.69424
SOMTTIL12CF5465225,Janis Joplin,Raise Your Hand,123.293,9,1,4,-12.436,137.79546
SOPVHBC12A8C13E506,Claire Hamill,Icicle Rain,111.856,0,1,4,-11.878,313.05098
SOJHGNJ12AB0189E7E,The Tokens,Ill Always Love You,101.809,0,1,3,-10.68,149.34159
SOQSKMZ12A8C1340A5,Bob Neuwirth,Great Escape (Good Intentions),103.327,2,1,4,-11.393,312.5024
SOINMMR12A8C14042F,Shriekback,The Strongest Wind That Blows,84.983,10,0,4,-12.519,286.06649
SOAMWKG12A8BED74AB,The Marx Brothers,Main Title/Animal Crackers,94.547,0,0,4,-13.742,102.13832
SOQYKND12AAF3B305E,Marcelo Radulovich,Non-Stop Floater,144.902,0,1,5,-11.054,267.59791
SOWFCZG12AB017D8BB,Nikos Xilouris,Ki An O Ageras Fisa,106.435,7,1,4,-11.134,109.50485
SOXGGDY12AC468BCBD,Kapelle Herrenweide,Nie mehr heim,96.596,4,0,3,-12.325,270.62812
SOGNZNU12AB0189FE3,Steel Pulse,House of Love,168.242,4,1,4,-6.653,261.35465
SOWIMQH12A8C13BB7C,The Box Tops,People Make The World,110.771,7,1,3,-12.345,148.61016
SOWSLMW12AB017DA7D,Gal Costa,Noites Cariocas (Minhas Noites Sem Sono),177.281,11,0,1,-12.485,189.57016
SOIHLZN12AB018B917,Percy Faith,I Loves You Porgy,89.924,5,1,1,-16.445,159.76444
SOCSXZF12AC468D3E3,Daddy Yankee,Descontrol,93.029,1,1,4,-4.064,172.90404
SOVSQTW12AB018C788,The Shirrows,Jenny Jenny,173.776,4,1,4,-5.417,361.9522
SOSNLPM12A8C139C95,Busta Rhymes,Genesis,106.961,1,0,5,-10.067,231.60118
SOZWUGO12A6D4FDCAE,John Cephas & Phil Wiggins,Twelve Gates To The City,101.863,9,1,1,-14.947,158.30159
SOHORES12A8C13595D,Mazz,Con La Tinta De Mi Sangre,104.055,7,1,4,-10.295,183.562
SOWKEYU12A8C13C384,Mississippi Fred McDowell,You Gotta Move,69.347,8,0,4,-15.448,226.37669
SOMKFVQ12A58A75F9A,Loudon Wainwright III,How Old Are You,193.637,9,1,4,-16.117,128.15628
SOCYIJP12AB018135F,Cancer Bats,Engine Skull,110.096,5,1,4,-3.276,159.29424
SOJGYPA12A8AE46C32,Russ Taff,We Will Stand,124.343,2,1,4,-9.193,343.37914
SOYYIRG12A8C13656A,Electric Light Orchestra,Indian Queen,92.502,1,1,1,-21.488,57.44281
SOSLODI12AB0179DD7,To My Surprise,Easy or Not (Album Version),149.654,7,1,4,-2.17,175.22893
SOMXMTB12A8C145406,The Del McCoury Band,Hillcrest Drive,163.92,11,1,4,-8.61,198.63465
SOSPUHC12A58A7C54E,Sly Dunbar,Casava Piece Riddim,88.489,6,0,1,-14.941,225.07057
SOJMOHG12A8C141AA7,Cockney Rejects,Easy Life (Live),138.836,4,0,4,-10.581,176.01261
SOCROGM12A8C140561,Orquesta Broadway,Principe Nino - Original,115.521,9,1,4,-15.314,421.35465
SOFUZPW12A8C13DEEB,Sophie Tucker,Life Upon The Wicked Stage,135.021,5,1,4,-10.666,142.78485
SOUJYWU12AB017EF43,Perrocker,Salsa pa tí,125.226,2,1,5,-14.12,304.1171
SOQFJSD12A8C13FEEA,Terry Muska,Lagrima,72.582,4,1,3,-17.609,113.05751
SOOVLAA12A6D4FB16B,Why?,Sick 2 Think,119.983,10,1,4,-9.035,118.38649
SOODGCM12A8C136BEB,Florida Boys,Mansion in the Sky,96.622,5,1,4,-7.356,114.62485
SONRSJX12AB018CBB4,HardNox,Going Out Tonight,125.077,11,1,4,-4.897,202.60526
SOAAZHH12A58A7B384,The Stooges,Studio Dialogue (#26),67.03,0,1,4,-19.585,16.92689
SONHRBI12A6D4F9B05,Quadro Nuevo,Allez_ Glissez!,188.626,7,1,1,-10.232,215.30077
SOJKTJG12AB0182516,Kanye West / Lupe Fiasco,Touch The Sky,106.825,9,1,4,-5.263,236.72118
SOYUYJC12A8C13799E,Headhunter,Don't Bogart,141.36,8,1,3,-6.536,267.59791
SOIDGDW12AB01803DA,Sister Rosetta Tharpe,Oh The Joy That Came To Me,100.399,1,1,4,-21.669,84.11383
SOMRUQD12AC468EF9C,Billy Price_ Fred Chapellier,Love and happiness,106.492,8,0,4,-9.102,356.93669
SOQRQYT12AB0185674,DMZ,Don't Start Me Cryin' Now,101.926,4,1,1,-6.494,151.87546
SOBJTHI12A8C133758,Philip Glass,Concerto For Saxophone (Quartet Version): Movement IV,176.122,0,0,1,-14.383,231.10485
SOCNBUC12A81C2075A,Agnostic Front,Come Alive,185.453,2,1,7,-5.218,122.17424
SOQXNQP12A8C134AD7,Bob Dylan,Trying To Get To Heaven,94.161,3,1,4,-14.089,320.70485
SOKQLLS12AB0188EC1,Frank Chacksfield & His Orchestra,Misty Valley,151.195,0,1,3,-19.61,155.37587
SOIIANJ12AB0184B3E,Frl.Menke,Sehnsuchtsexpress,90.954,5,1,4,-11.016,217.20771
SOVPFPD12A8C13921A,The Rance Allen Group,Do Your Will (Album Version),105.994,0,1,4,-4.152,337.162
SONXKIQ12A8C13292A,Ramy Ayach,Heyya Heyya,88.015,10,0,4,-5.942,239.80363
SOBBHAH12A6310FF6B,Snow Patrol,Spitting Games,74.576,7,1,1,-14.848,229.642
SOUXAJS12AB0184E3B,Theodor Zox,System of Play,83.991,2,1,3,-11.941,381.23057
SOVGOOO12AB0182D50,Flowin Immo et Les Freaqz,So hell mit Klause Duo,83.321,11,0,5,-7.486,225.59302
SOLNEKT12AB0187086,Everly Brothers,Oh What A Feeling,82.461,7,1,4,-15.036,125.02159
SOBDENU12CF5465247,Rise Against,Drones,209.141,3,0,4,-3.696,181.57669
SOHVPTO12A8C138ADF,Refractory,Check the bomb,123.96,5,1,5,-5.613,358.89587
SOBBCFN12A8C13E4D9,Luis Alberto Spinetta,Llama y Verás,196.52,9,1,3,-16.079,209.47546
SOMBDFC12A58A7A14E,Koffi Olomide,Elle Et Moi,89.92,7,1,7,-8.756,293.27628
SOOHHOU12AB018157C,Eason Chan,Xiang Zai Le Huo,101.37,11,0,4,-8.698,221.80526
SOIBJTK12A8C143D5E,Various Production,Wot U Say,145.064,7,0,4,-8.862,191.99955
SOTGSMJ12A6D227171,Sex Pistols,Chatterbox,152.899,0,0,4,-14.683,189.17832
SOLLCFT12A58A7A566,Open Hand,Never Alone,86.308,9,0,4,-7.655,486.97424
SOFEOZP12A6D4F9DF1,Lesley Gore,It's My Party,129.161,9,1,1,-7.541,140.2771
SOWOTCY12AC907329A,Gene Pitney,For Me This Is Happy,79.112,10,1,3,-13.254,146.9122
SOBGZZO12A6701CD25,Inspiral Carpets,Keep The Circle Around,150.226,10,0,4,-4.134,230.05995
SOFGEIT12A8C1406F3,Ennio Morricone,Sporco Ma Distinto,87.153,9,0,1,-11.008,118.33424
SOSVQAW12A67ADC91A,Johnny Daye,What'll I Do For Satisfaction (LP Version),118.563,11,0,4,-11.323,176.90077
SOLCSWD12A6D4FA136,Stephen Warbeck,Birth Of The Falls,116.259,9,0,4,-16.039,123.68934
SOHLGRQ12A8C13B296,An Cafe,Portraying Light With Rainbow Colored Crayon,148.991,9,0,4,-4.802,310.12526
SOFKARX12A8AE485EE,The Wreckers,Damn That Radio [Live],152.208,4,1,1,-5.809,211.59138
SOZMPSO12A8C132D83,Charlie McCoy,Columbus Stockade Blues,113.293,8,1,1,-13.483,197.79873
SOSYHBX12A8C1417B8,Gal Costa,Camisa Amarela,118.047,0,1,1,-10.874,171.85914
SOZZWWW12A58A8146A,Enuff Z Nuff,Style,158.795,11,1,4,-8.649,182.15138
SONCTTO12AB0183ED1,Gershon Kingsley,Trumansburg Whistle,130.831,7,1,1,-11.826,180.08771
SOZVZIO12AB017C39B,Winifred Phillips,Sporable,130.195,0,1,4,-15.835,141.19138
SOQQPAX12AB0185375,Harry Lauder,Portobello Lass,162.993,2,0,1,-22.55,177.6322
SONARPL12CF5465254,Kenny Rogers,Reuben James,187.128,9,1,4,-14.406,167.00036
SOJWIXK12AB018D4B6,Zombina & The Skeletones,The Waiting,94.754,0,0,4,-6.264,145.3971
SOFSDOM12AB01830F1,MxPx,Grey Skies Turn Blue,87.779,11,1,4,-3.861,183.97995
SOGQWTX12AB017FD78,Bad Company,Rock Steady,102.984,7,1,4,-8.064,229.58975
SOOBQGC12AC468CEAA,Cannon's Jug Stompers,Heart Breakin' Blues,139.606,11,1,1,-14.897,186.64444
SONSSZX12AC4687680,Tyrone Davis,I Can't Help Myself,84.955,5,0,3,-9.998,277.41995
SOEZJIE12A8C1318B7,Zumpano,Wraparound Shades (Album),159.784,1,0,1,-8.394,228.46649
SOQWFLA12AF72A8A63,30 Seconds To Mars,Year Zero,121.518,3,1,5,-6.736,472.39791
SOQLJZN12A8C141701,Birmingham Jubilee Singers,King Jesus Is My Captain,150.405,8,1,4,-18.697,183.27465
SOAXFFT12A6D4F7B45,Ill Harmonics,Profound Sound (Take Two Album Version),180.415,9,1,3,-8.343,59.03628
SORKFNI12AB018214B,Thrice,The Earth Isn't Humming,143.59,5,1,4,-9.454,349.80526
SOHUTJL12AB017CFDD,Davol,Champion (World),102.015,1,1,4,-15.991,264.09751
SOZFKKI12AB018602A,Who Made Who,Satisfaction,132.974,11,0,4,-6.145,265.32526
SOAAVJY12A58A8076E,Shelby Flint,I've Grown Accustomed To His Face I've Grown Accustomed To His Face,35.691,2,0,4,-15.276,121.25995
SOZQSIB12AC46881EC,Aimable,Tango Andorra,106.953,0,1,1,-15.966,180.45342
SOTNAWQ12AB01870F4,K.I.Z.,Autofokus,151.488,7,1,7,-4.547,231.18322
SOFQGMJ12AC468CBA7,Orquesta Sublime,El divertido,101.345,7,1,4,-8.631,168.30649
SOLEFXD12AC3DFA062,Pelle Carlberg,Clever Girls Like Clever Boys Much More Than Clever Boys Like Clever Girls,169.994,9,1,4,-5.603,247.24853
SOAMJUS12A8C13446A,Out Of The Grey,Dreaming Of April,87.76,7,1,7,-9.598,225.95873
SOQQXBH12A8C145D71,Snow Patrol,New Sensation,114.954,4,1,1,-14.309,214.5171
SOMNSOY12AB0181ACB,Dart,For The Good Times,148.027,0,1,4,-10.008,340.53179
SOJSITS12AB01850A4,Milieu,Blackwood Moth,87.003,10,1,4,-13.08,371.87873
SOAHRPF12AC468D610,DJ Nasty,Pussy Hole,149.984,0,1,4,-12.624,194.29832
SOGFGGL12A8AE47040,Günter Noris,El Cumbanchero,124.394,0,1,4,-11.793,156.62975
SOKLINL12A8C13447C,Jeff And Sheri Easter,Wolf In Sheep's Clothing,180.073,5,1,4,-6.15,170.4224
SOXRWWL12A8C1345F8,Plies,Goons Lurkin (Instrumental Album Version),110.933,9,1,4,-9.545,233.42975
SOTDSFJ12A8C141206,React,Lost Circles,134.648,8,1,4,-9.68,158.27546
SOTKJVT12A6D4FAB59,ZENFU,Tanz,143.126,4,0,4,-4.689,130.71628
SOVKSAD12A8C142C13,Los Amigos Invisibles,Nerio Compra Una Contestadora,142.453,5,1,5,-21.978,24.34567
SOAHPOW12A8C142E38,Korpiklaani,Isku Pitkästä Ilosta,99.995,7,1,1,-4.535,250.8273
SOMMZQP12AB0186FFE,Brian Dullaghan,Can't Help Falling In Love,90.255,3,1,4,-15.892,190.56281
SOQGGUN12AC4689CF7,Salt The Wound,From My Hands,174.424,2,1,7,-5.056,241.162
SORZLQQ12A8C137BB6,Winston Reedy,Paradise In Your Eyes,130.812,0,1,4,-7.097,268.61669
SOQRRHL12AB017A67C,Eminem,The Way I Am,174.731,4,0,4,-3.353,291.10812
SOHKKXU12A67ADA08F,Fergie,Voodoo Doll,129.997,1,1,4,-6.502,263.05261
SOENOQK12AB01864B9,Johnny Cash,One More Ride (Digitally Remastered),110.43,8,1,4,-12.308,120.99873
SOLVAZN12AB017DBAD,Flink,Sunset Manifesto,147.934,6,0,4,-6.103,160.91383
SONUOBX12A8C141070,Seal,Killer (Single Version),117.988,10,0,4,-7.762,257.48853
SOMWSER12AAF3B3B53,Daniel Paul,Coming Back For More feat. Colin Corvez,120.04,4,0,4,-11.556,323.60444
SOCIFIF12A8C1378E5,Maximilian Hecker,Birch,243.981,5,0,4,-13.538,370.02404
SOWISQE12A6D4F7DBB,Albert Collins,Same Old Thing,94.557,7,1,4,-11.893,356.25751
SOIKPOX12A58A7BA0B,Daddy Yankee,A Lo Clasico,91.026,4,0,4,-4.13,235.15383
SONTYQS12AB017F461,Hacken Lee,Zhi Xiang Ni hui Yi,124.984,7,1,3,-15.198,424.82893
SOVZOZW12AB018881A,Jimmy Riley,Amaze,159.943,1,1,4,-6.895,216.39791
SOYMQQN12A58A7D293,The Cortinas,Radio Rape,134.985,4,1,3,-7.687,219.01016
SOKRTAB12A8C1371C9,Masta Ace Incorporated,Ain't No Game,88.12,11,1,5,-7.687,295.1571
SOHJXBB12A8C1437B7,Hot Tuna,Parchman Farm,138.512,1,0,4,-9.989,461.71383
SOZEYFC12A58A77E0B,Abijah,Children Of Love,81.025,2,1,3,-18.818,204.77342
SOVMSTD12A6D4F9840,The Misfits,The Haunting,212.293,11,1,4,-5.542,85.9424
SOGKLCE12AB0186FDC,Dickies,Just Say Yes,104.231,2,0,1,-9.428,152.94649
SOHBUBB12A3F1ED339,Pee Wee Crayton,Old Fashioned Baby,116.461,5,0,3,-10.446,163.10812
SOWPSOV12A8C13FFE5,Tito Allen,A Veces Hablo De Ti,183.636,7,0,4,-14.305,322.21995
SOPAESK12A58A7BA11,Audio Adrenaline,Some Kind Of Zombie (Criscoteque Remix),108.351,9,1,4,-5.934,279.97995
SOIZQWP12AAF3B51CA,Jessie Lee Miller,All or Nothin' Gal,188.979,0,0,4,-7.391,116.92363
SOPQFFJ12AB0183400,David & Steve Gordon,Faithkeeper_ Part 1,131.991,11,0,4,-18.799,532.27057
SOQNRHE12A8AE4849A,Billy May & His Orchestra,Fascinating Rhythm (Instrumental) (2007 Digital Remaster),103.532,8,1,1,-10.703,312.92036
SOIAZJL12A6D4F854E,Kiss,Radar For Love,99.761,9,1,1,-8.021,241.08363
SOQYSAU12AB018263A,Cool cavemen,Everyone make love,93.715,10,0,5,-5.976,234.762
SOSRIVF12AB017DF0E,Philippe Sarde,Grand Frère,137.658,0,0,4,-23.178,528.22159
SOOQCOC12A8C132A5A,Back Door Slam,Heavy On My Mind (Album Version),92.971,3,0,4,-4.325,319.84281
SOVOTBC12A6D4F696A,UFO,Out In The Street (Live) (2008 Digital Remaster),131.5,2,1,4,-6.763,314.17424
SOIDSPL12AB0182DF0,Sister Rosetta Tharpe & Marie,Up Above My Head,80.893,9,0,4,-7.386,146.80771
SOZKFHV12A6D4F996F,Phil Collins,I'm Not Moving,100.042,5,0,4,-15.433,154.93179
SOAMBCI12AC4685087,Alain-François,Playa del sous-sol,107.986,4,1,4,-5.704,172.01587
SOPVMQT12A679C8040,Oasis,Columbia,100.146,2,1,4,-7.588,324.80608
SOCPFDY12AB018300D,John Cale,Antarctica Starts Here,110.1,5,1,4,-20.172,199.96689
SOACUYZ12CF54662F1,Stevie Ray Vaughan And Double Trouble,Couldn't Stand The Weather,121.616,1,1,4,-9.882,281.05098
SOCQEHT12AB017F37F,David Arkenstone,Big Bounce,108.014,11,0,4,-12.958,272.97914
SOGATPI12AC960DCAC,Jeff Massanari Trio,Closin' Moes,183.801,5,1,4,-9.924,253.85751
SOEJBBP12AB017F03E,Camp Lo,Bubblin' (Anita Demo),196.45,3,0,4,-11.502,222.40608
SOXXJWR12AB017F577,David Johansen,In Style,87.373,2,1,3,-7.436,247.97995
SOWXSQT12A6D4FC02E,Bill Engvall,T-Ball and Indian Guides (LP Version),112.964,5,1,3,-11.689,482.21995
SOWNOXA12AB0184353,The Almost,Summer Summer,136.147,4,0,4,-5.353,240.79628
SONSKRD12A6D4F9439,Françoise Hardy - Maurane,La Rue Du Babouin,105.156,7,1,3,-16.904,194.24608
SOYMUKA12A8C13C923,Kitty Kallen,Our Lady Of Fatima,94.064,1,1,7,-15.555,165.45914
SOYOOPY12A58A7C4F8,Peggy Zina,Ithaki,107.55,8,0,4,-14.236,177.44934
SOJVFTP12A58A7A4D4,Tshala Muana,Banda Yango,137.349,7,1,4,-5.252,390.63465
SOHMLNS12A58A7DA68,The Sensational Alex Harvey Band,Delilah,90.689,5,1,3,-12.936,316.81261
SOQUOUX12A8C14439E,Chucho Valdés,Reprise: Tú mi delirio - Guajira - Si te contara - El manisero,80.789,5,1,1,-20.259,375.03955
SOYCTRU12A6701DA91,New Order,Guilty Partner,146.29,11,0,4,-5.729,288.02567
SODCJNH12AB018A3A9,Belami,Te Miattad Változott Meg Az Életem,140.077,11,0,4,-7.996,237.19138
SOLWNAR12A67020BF5,Extreme,Song For Love,146.022,8,1,4,-7.894,355.5522
SOBCCVG12A8C13804C,Bobby Pulido,La Rosa (Live),195.109,9,1,4,-8.886,195.42159
SODRZXF12A6D4F89FE,Kari Tapio,Syvä meri (Oceano),115.879,5,1,3,-7.069,161.20118
SOGOZYQ12AB0182359,Bruce Rowland,"Let's Call Him ""Andre",235.318,2,1,4,-26.458,138.762
SOERJUK12AF72A49F7,Redman,I Got A Seecret,113.312,1,1,3,-8.745,209.6322
SOWZPSA12AB0187979,Panic At The Disco,I Constantly Thank God For Esteban [Live In Chicago],153.069,5,0,4,-5.205,253.23057
SOFTYIA12AB0183B67,Pumpkin Buzzard,000GrandPno,120.398,9,0,4,-15.272,45.87057
SOZWZEH12AAF3B2578,Christos Dantis,Pai Keros,131.404,4,0,4,-12.538,251.08853
SOAQBLS12AC46878BF,Janina,Nachts um halb drei,141.053,2,1,1,-9.318,189.70077
SOOMLMG12A8151BD28,Mat Maneri,Iron Man,144.184,9,1,5,-17.985,192.15628
SOHSBLC12AB0183BC9,William Goldstein,French Suite: A Paris Thing,89.102,3,1,3,-28.215,276.50567
SOJVAAE12A8BED74B1,The Marx Brothers,You Must Do Your Best Tonight / I Represent/Animal Crackers,60.778,0,1,4,-14.639,116.37506
SOTPQFM12AB017AC9E,Descendents,I'm Not A Loser,203.29,11,1,4,-8.867,89.23383
SOJOLZE12AC3DFA463,Fast Eddie featuring Kool Rock,Turn Up The Bass,125.86,10,0,4,-8.902,271.3073
SOPRPES12A8C1372A6,Barbarito Diez,De Paris Un Caballero,65.914,5,1,4,-7.807,157.962
SOHVQGL12AB01810AD,CoCo Lee,Killing Me Softly With His Song,100.82,4,0,4,-8.933,310.54322
SONNDTL12AB0187AC9,Daniela Dessì,Afro Profondo,179.998,10,0,4,-9.638,178.75546
SOKDGJC12AB018BFB9,Doniki,Girl You Need My Love,175.202,4,0,1,-17.266,256.20853
SOWHPTY12AB0181D50,Hushabye Baby,You Had Me From Hello (Lullaby Rendition of Kenny Chesney),69.995,2,1,4,-18.798,223.45098
SOELVGK12A8C1337AF,Tim Exile,Oh Scat Mix Up,124.429,10,0,3,-3.716,78.21016
SOGGBMU12A8C145B5D,Life Long Tragedy,Collecting Dust,86.435,7,1,3,-6.024,204.9824
SOQMDPN12AF72A25EE,The Jam,The Modern World,159.849,1,1,4,-8.812,150.59546
SOPILFZ12AC468D188,Murskahumppa,Lihava enkeli,136.579,9,1,4,-8.997,163.47383
SOMOKFH12A6D4F9EE6,Leon Russell,Roller Derby,120.427,10,0,4,-12.824,145.55383
SOABTKM12A8AE4721E,Ill Nino,Nothing's Clear (Album Version),109.441,5,1,4,-3.778,202.13506
SOZDDPQ12AF72A8BA8,Jimmy Wayne,Are You Ever Gonna Love Me?,142.409,7,0,4,-6.349,232.64608
SOLCJWW12A8C137C98,Ann Lee,So deep,131.999,7,1,4,-7.804,380.08118
SOUGUXL12AB0184B76,Burt Bacharach,Love Theme (The Falling In Love),66.882,3,1,4,-17.806,98.32444
SOJIRAY12A8C141F8B,Willie Clayton,Walk Away From Love,105.863,10,1,4,-10.646,260.51873
SORDYIS12A6D4F64EC,The Impressions,I Found You,121.896,1,1,4,-16.489,207.35955
SOMAFQT12A8AE47E8D,Tanto Metro & Devonte,Strange Things,104.465,7,1,4,-6.712,158.1971
SOKLGLN12A8C13D204,Dave Hollister,Calm Da Seas,117.936,11,1,4,-5.193,258.16771
SOFIYUN12AB0184842,Casa Bulga,Afraid Of Change (Tribal Vocal Mix),0.0,10,0,3,-7.327,401.24036
SOMMPRY12A8C131C5C,Nestor Torres,Ran Kan Kan,78.843,7,1,7,-5.648,191.63383
SOIHVVZ12A8C138E9D,Debbie Davies,Grow Up_ Grow Old,107.183,0,1,1,-7.961,283.79383
SOOOCMS12A8C1413F3,Naseebo Lal,Dholna Dholna,151.983,7,1,4,-12.746,376.16281
SOMGMSS12A8C13492A,Bob Marley & The Wailers,Rainbow Country (Red Gold And Green Version),152.99,8,0,4,-5.308,258.29832
SOSNDGZ12AB017D82F,Alvin Youngblood Hart,Screamin' & Hollerin' The Blues,111.523,3,1,1,-9.186,208.84853
SOPTAMD12A58A7CFF3,Domna Kountouri,De Tha Mai Edo,99.98,3,0,4,-8.318,209.94567
SOWLJJU12A81C2224B,Sonora Carruseles,Vitamina,108.292,10,0,4,-6.564,230.00771
SOWYFAX12A6D4F7A3D,The Starting Line,A Goodnight's Sleep,142.069,9,1,4,-5.011,264.41098
SOOIZES12AB018A80F,L.A.V.I,Mui Mal_ Animal,0.0,11,0,3,-11.531,565.96853
SOAHNZK12A6D4F79A9,Gonzalo Rubalcaba,Yesterdays,70.256,9,0,3,-33.045,483.39546
SOMLDJP12A6D4FD967,Dezz White,Drunk Driving Tip,59.021,4,1,4,-15.497,44.93016
SONZYRS12A8C141A13,Carl Belew,Am I That Easy To Forget,117.867,2,1,3,-13.338,140.38159
SODXUGT12A58A78B78,TEN MADISON,Cup Horn,190.038,5,0,4,-8.627,344.68526
SOXSCPE12CF5F88012,Shakira,Que Vuelvas,123.861,2,1,4,-7.174,231.75791
SOOBOIA12AAF3B268E,David Taylor,Concertino for Bass Trombone and Trombone Choir,144.252,11,1,1,-22.54,600.11057
SOFPYLJ12A6D4F843F,Anne Dudley,Rachel's retribution,118.326,11,0,4,-15.428,280.86812
SOMXLQP12AB018284C,Roger Williams,I'm In The Mood For Love,100.366,11,1,3,-15.383,170.81424
SOXDMAC12AB017E7FF,Grizzly Bear,Little Brother,169.038,4,0,4,-14.199,384.67873
SOHGWLG12A8AE484B4,George Jones,Ol' Frank,131.45,5,1,3,-15.467,168.33261
SOREPOR12AB01859E4,This Moment In Black History,Blackwords Masking,156.408,9,0,4,-4.928,145.8673
SOKBQMV12A8C13A7E6,Joselito,Clavelitos,96.096,9,1,1,-10.012,159.76444
SOFFCBZ12A8C144291,UK Subs,Tomorrows Girls (Live),199.379,10,1,4,-2.952,122.40934
SONSEWJ12AB0182FBB,Seatrain,Abbeville Fair,107.836,2,1,3,-6.112,294.47791
SOONUVQ12AB018889B,SOJA,Be Aware,102.581,7,1,5,-5.781,221.09995
SORNAKH12AF72A1FDE,Julie Roberts,The Chance,139.99,1,1,1,-12.517,287.50322
SOZAUAC12A8AE491A3,Nirvana,Polly,130.339,7,1,4,-14.338,168.51546
SOUBVIH12A8C137C89,Imiskoubria,O Dikos Sou DJ,97.039,11,1,3,-7.032,208.50893
SOTZGNC12AB0184FE8,Natalie Cole,The Gift,115.45,4,1,4,-15.222,194.53342
SOUVEIY12A8C12FCF3,Teena Marie,Playboy,97.396,1,1,4,-12.256,323.18649
SOXRTIF12A8C134238,Wilks,Things i say,174.014,1,1,4,-7.91,220.36853
SOEDFNB12A8AE48D1A,Chaka Demus & Pliers,Santa Barbara,95.044,2,1,4,-7.378,251.97669
SOZAMZG12A8C137339,Deodato,Groovitation (Album Version),110.909,0,1,4,-16.532,371.33016
SOIEMSI12AB01802B4,Christian Quast,Jugglin' Clown,126.914,7,1,4,-15.252,485.14567
SOAMBKN12A8C137A71,Pearl Jam,Wishlist,117.946,0,1,4,-9.407,235.25832
SOZIQWL12AB01814C9,Los Auténticos Decadentes,El Vino Triste,136.835,1,1,1,-9.737,210.02404
SOOYIJN12AB017C168,Little Feat,Day Or Night [Live Album Version],93.42,4,1,1,-8.163,330.73587
SOZQSGL12AF72A9145,Dead Kennedys,Halloween,92.897,10,1,4,-4.264,216.842
SOVVDCO12AB0187AF7,Brand X,Liquid Time (composition by John Goodsall),99.024,9,1,4,-12.474,279.35302
SOMBCOW12AAF3B229F,Julie Zenatti,On Efface,80.084,1,0,4,-11.061,252.99546
SOXGDVW12AB01864E7,Mistress,Shovel,146.331,0,1,4,-4.523,580.70159
SORWTIF12A6D4FAA41,Inoki,Nuovi Re pt. I I (feat. Tek money - Lady Tambler),87.999,1,1,4,-5.05,259.3171
SOGSOUE12A58A76443,Orlando Pops Orchestra,Zip-A-Dee-Doo-Dah (Song of the South),120.382,10,1,4,-16.477,199.99302
SOBTEHX12A6D4FBF18,Atreyu,You Eclipsed By Me (Album Version),157.715,0,0,4,-4.707,218.90567
SOEYIHF12AB017B5F4,The Baltimore Consort,Howells Delight,54.874,3,1,4,-24.14,78.0273
SOKRHNY12AB01837DB,Brigada Victor Jara,Parto em terras distantes,86.981,4,0,5,-13.885,312.99873
SODJYEC12A8C13D757,I Hate Sally,Martha Served,77.15,7,1,3,-5.795,163.63057
SOKSZVC12A8C142004,Amorphis,Misery Path (From the Privilege of Evil),175.673,9,1,4,-4.393,255.03302
SOGSMXL12A81C23D88,Raphaël,Je Sais Que La Terre Est Plate,124.059,0,1,4,-9.636,148.74077
SOFYJDL12A58A7DD52,Månegarm,Vargbrodern Talar,163.086,4,0,4,-6.769,92.76036
SOJCTES12AB01867CC,Liquid Gang,Drama  (LP Version),143.963,1,0,4,-4.945,226.0371
SOVNTGC12AB01818F3,Ernest Ranglin / Floyd Lloyd,Sweet Lady,127.07,3,1,1,-4.909,271.77751
SOOLZKK12A58A80000,Crematorium,Unlearn,122.186,8,0,4,-7.148,210.1024
SOQKBQI12AB0182711,Britney Spears,3,131.999,1,1,5,-6.278,465.47546
SOUZAFY12A8C136709,Danny Elfman,Sleuthing,86.901,5,0,5,-22.435,140.87791
SOHOPYC12AB0188EFC,Franco,Forever,89.984,1,0,3,-9.387,251.61098
SOSNAWZ12A6D4F74DF,Ziggy Marley And The Melody Makers,Namibia,110.873,7,1,4,-11.912,246.54322
SOHPAVE12A8AE47190,Junior Kimbrough,Meet Me in the City,129.584,7,0,4,-14.023,190.06649
SOBOJXY12A6D4F79A0,Tim Wilson,Uncle B.S. - 1963,88.576,5,1,5,-12.36,100.67546
SOGHPNO12A582A2482,BoDeans,Lookin' For Me Somewhere,156.285,7,1,1,-13.845,186.20036
SOEKXKK12A8C1367A0,Otis Spann,No More Doggin',63.255,0,1,4,-12.931,180.40118
SOSFURN12A58A7AC5F,Capleton,Cry For Love,137.425,1,0,3,-10.336,216.81587
SOSQIHH12A8C13370B,Radiohead,15 Step,188.91,1,1,5,-7.057,237.21751
SORKWDV12A8C13B43B,Van Halen,From Afar (Album Version),87.899,4,0,1,-9.057,324.23138
SORXMMR12A6D4FBCF7,Danny Wilson,Get Happy,92.591,5,1,4,-8.515,126.53669
SOZNTZO12A8C13AA7E,Kisha,Wohär dr Wind wäiht,152.792,0,1,4,-7.222,203.04934
SOAODBX12AB01829C5,DJ Vix,Putt Jhatt Da Gulabi Phull Varga,195.755,11,0,4,-3.423,98.76853
SOHKLCA12A8C1414AB,Bon Jovi,Raise Your Hands,139.95,1,1,4,-4.857,311.27465
SONWNRW12AB018290A,Al Dexter,I'll Wait for You Dear,102.707,9,1,4,-16.627,150.9873
SOIFGXP12AB0182AE8,Kashief Lindo,I Love Your Way,86.481,9,1,4,-5.85,238.15791
SOESBTV12A8C1407EB,Bongzilla,Champagne & Reefer,97.265,9,1,3,-4.627,286.58893
SODOBCV12A8C135BB3,John Tchicai,Rainbow Dance,154.731,3,0,5,-31.391,182.36036
SOCOSSE12AB01828C7,John Holt,I Need a Veggie,131.297,0,1,4,-9.603,228.30975
SOPGCJJ12A58A796B7,The Chap,Volumatic Spacer Device,123.007,6,0,4,-8.337,207.28118
SOGXENE12AB01854EB,Dave Brockie Experience,The Dance Of Europe,99.959,1,0,5,-3.312,135.8624
SODENZR12AAF3B13B9,R. Carlos Nakai,Blood Round Dance Song (World),104.989,1,0,1,-25.651,146.33751
SOBHQIJ12A6D4FC7D3,Spoonie Gee,Spoonie Is Back,135.503,1,1,5,-6.619,393.63873
SOKMPKV12A67AE241B,Shadows Fall,What Drives The Weak,84.992,0,0,4,-4.076,283.48036
SOMVPGP12AB01881FF,Vanessa Daou,Life Force,79.96,2,1,3,-19.293,229.66812
SOEKSGJ12A67AE227E,Linkin Park,Crawling (Album Version),105.095,4,1,4,-6.052,208.95302
SOVPBXO12AB0188671,Koffi Olomidé,Bennie,89.572,0,1,5,-7.164,625.78893
SOBEDLB12AB017E86C,Harry Lauder,Shouther to Shouther (Shoulder to Shoulder),101.029,8,1,1,-23.214,224.62649
SOPXSOJ12A81C209E2,Aceyalone,Suicide,129.956,1,0,5,-4.149,170.1873
SOHGNJI12AB018217A,Thrice,Red Sky,137.913,2,1,5,-9.425,313.7824
SOCIKUA12AB0180275,Herbert von Karajan and Turin RAI Symphony Orchestra,Symphony No. 7 in A Major_ Op. 92: I. Poco sostenuto - Vivace,92.731,0,1,1,-18.427,770.35057
SOQYNGM12A6D4F89D8,Joi,Prem,120.006,11,1,4,-5.36,425.16853
SODVYMC12A8C139669,Lonnie Johnson,She's My Mary,90.814,3,1,4,-13.987,199.44444
SONLHOH12A8C1359D9,The Dils,Tell Me What I Want to Hear,163.024,10,1,4,-7.198,141.84444
SOICWAN12A81C21789,Flora Purim,Above The Rainbow,173.649,7,1,4,-16.444,208.03873
SOTTPDC12AB018B6D1,The Knightsbridge Strings,The Little White Cloud That Cried,75.064,9,1,4,-9.923,132.44036
SOVJQYF12AB0185B36,Kenny Neal,Strike While the Iron is Hot,107.008,4,1,4,-14.422,180.61016
SOEMZVF12A8C13148C,Alvin Youngblood Hart,Livin' In a Strain,112.717,2,1,1,-14.039,231.10485
SOUXPIR12A81C21E21,Los Solitarios,Amor que terminó,129.493,4,1,1,-11.163,179.56526
SOELGKJ12A58A7CD11,Tech N9ne,Caribou Lou,177.942,1,1,4,-6.696,274.85995
SOQFANJ12AB0182758,The Rodeo,Cha Cha Cha,130.203,11,0,1,-6.317,176.97914
SOTKIHB12A8C13F653,Mustafa Sandal / Gülcan,Aya Benzer 2003 (Moonlight),50.499,0,1,1,-5.254,239.12444
SOLYALY12AC3DF5182,Kristine W.,Save My Soul (Cypher UK Radio Edit),129.976,10,0,4,-4.499,235.12771
SOMKDSL12A8A9D5A19,Cracker,My Life Is Totally Boring Without You,107.848,9,1,4,-8.749,196.5971
SOKKHMB12AB0182B39,Al Di Meola,Calliope,110.096,0,1,4,-16.945,257.30567
SOCXMVT12A67ADD8BA,SNAP!,Do You See The Light (Deep Ethno Mix),131.977,1,1,4,-13.615,293.92934
SOTZFYX12A6D4F71DE,Juelz Santana / Freekey Zeekey / Monique Garnett,Dipset (Santana's Town) (Skit),196.482,0,1,3,-19.771,79.64689
SOCHIPS12AB017E780,Chris Clark,Gavel Obliterated,102.093,11,0,3,-7.551,226.11546
SOCDVLZ12A8C13ECD2,Los Chunguitos,Cuantas Madres Llorando,128.176,1,0,3,-5.013,172.72118
SOQIBIH12AB0186282,Mance Lipscomb,So Different Blues,161.7,1,1,1,-10.173,181.39383
SOJFOMN12A8C135B75,León Gieco,Buenos Aires (De Tus Amores),163.773,7,1,4,-7.657,302.2624
SOUPQHK12AB017CC62,Java,Pépètes,183.881,1,0,3,-6.997,304.16934
SORMKJM12AB017A911,Harald Kloser / Thomas Wander / Thomas Schobel,Opening,119.787,1,1,4,-29.054,163.21261
SOISSJU12A8C135C04,The Elders,Fire in the Hole,151.726,0,1,4,-8.545,274.46812
SOFSPBH12A8AE47733,Singing Melody,Lived My Life,162.389,3,0,4,-6.513,235.7024
SOFLGMJ12AB01885F6,Bela Fleck And The Flecktones,Michelle (LP Version),95.523,4,0,3,-15.806,309.91628
SOHYLEY12A8C13F20D,Los Chichos,Porque Nos Queremos,100.232,4,0,4,-6.159,212.53179
SOUPVPL12AB0189B9F,ARRESTED DEVELOPMENT,Since The Last Time,177.886,1,1,4,-6.25,218.06975
SOGMLLJ12A8AE46BA4,Jane's Addiction,Obvious ( LP Version ),92.729,5,1,4,-7.938,355.63057
SOTCGFW12A6D4F3B84,Étienne Daho,Epaule tattoo (Live 1989),132.794,7,1,4,-8.534,288.49587
SOGTNRF12AB0186035,Markscheider Kunst,Grustnaja,140.033,5,1,4,-7.381,222.64118
SOJNSEO12AB01818F8,In Extremo,Frei zu sein,146.103,0,1,4,-6.44,260.5971
SOJINJO12A8C13C8C9,Bitty McLean,We´ve Only Just Begun,181.187,9,1,4,-11.313,246.46485
SOOAOFY12A8C13BDEB,Tom Cochrane,Christmas All The Time (Acoustic),80.63,7,1,4,-11.938,204.14649
SODHXXN12AC46899D2,DJ Omega,Grown & Sexy,155.023,7,1,4,-10.629,203.31057
SOSYUIY12AB0189FC2,Steel Pulse,Role Model,156.084,1,0,4,-6.53,262.47791
SOBJREC12A8C139A10,Edouard Duleu,Virtuosite Musette,230.187,7,1,1,-8.031,130.06322
SOQFZBX12A6D4F5B4D,The Moody Blues,Tuesday Afternoon,115.514,9,0,4,-12.065,291.29098
SOOJCEQ12AB0189C25,Jope Ruonansuu,Rant Kanaria,111.004,2,0,3,-10.321,211.25179
SOJIGMK12AB018B088,Virgil Moorefield,Healing Power,123.004,11,0,4,-10.829,236.2771
SOZEKTZ12AB0185274,Trafik,Disco Trafiko,127.984,5,0,4,-7.811,265.53424
SOBLYNT12A8C137046,Nicole C. Mullen,Forever You Reign (Album),124.228,2,1,4,-4.714,268.43383
SOKNSOQ12A8C134AAE,Orquestra,Tema Da Desilusão (Garota De Ipanema),104.752,5,0,4,-13.767,87.58812
SOUAAMR12AB018C0B1,Fiona,As We Lay,66.201,8,1,3,-6.18,228.10077
SODCBCN12AB01818EA,Hatiras,The Anthem,131.999,11,0,4,-6.125,298.1873
SOYBJJE12A8C13CC79,Eddie Palmieri,No Pienses Asi,153.309,10,0,1,-17.886,266.50077
SOAGBQA12AB0180400,HA-ASH,Amor a Medias,136.945,9,1,4,-5.548,253.90975
SOQKFHB12AB0186B13,William Orbit,Cavalleria Rusticana,131.281,5,1,4,-21.82,199.8624
SOSMUXL12A8C136808,Felix Slatkin/Concert Arts Symphonic Band,Washington Post (1998 Digital Remaster),124.056,5,1,4,-15.019,151.17016
SOMZNFA12A6D4F8A2A,Jongo Trio,Cavaleiro De Aruanda,144.581,2,1,4,-8.151,157.72689
SOYPBEP12A8AE4853A,Chris Brown,Forever,85.322,11,1,1,-2.991,389.25016
SOIGFAH12A8AE4697D,George Nooks,TELL ME WHY,152.172,7,1,4,-7.398,221.90975
SOGLXHC12A58A7C184,Energy,Czwarty,87.512,2,1,4,-5.941,310.9873
SOSYIBO12A8C137BEE,Maurane,Manies Manigances,130.993,2,1,5,-8.403,172.17261
SOKRMOC12AC46885E3,Zagar feat. Underground Divas,Wings Of Love,130.002,7,1,4,-5.54,311.90159
SOHWUWA12A8C1325AE,The Vaughan Brothers,Hillbillies From Outerspace,141.602,8,1,4,-13.324,222.64118
SOTTBUT12A8C13856B,Mariano Yanani,When We Dance,85.024,11,1,3,-15.618,239.22893
SOUQYYT12A8C13BA09,Thrice,Betrayal Is A Symptom,114.179,8,1,1,-5.176,169.63873
SOVTSXV12AB0181298,Nikki Fletcher / Tim Hughes / Various Artists,Catch Me,163.987,10,1,4,-6.493,219.16689
SOBMWXO12A8C132120,Bob Dylan,Simple Twist Of Fate,136.842,4,1,1,-13.776,257.61914
SORRNTH12AC960A43B,Black Tambourine,Dream Baby Dream,131.388,10,1,4,-9.975,236.35546
SOMEAJX12A6D4F6230,Small Faces,My Mind's Eye,116.664,9,1,4,-7.124,121.73016
SOZAPRE12AB0182FFA,Esa Pakarinen,Vanhapoika-Severi,156.32,0,1,1,-11.136,152.58077
SOSHVZY12AB017D82E,Ann Hampton Callaway,Fallin in Love Again,98.501,7,1,7,-18.854,212.84526
SORTOLS12AB01816C5,Busta Rhymes,We Put It Down For Y'all (Explicit LP Version),90.032,7,1,4,-8.975,209.60608
SODRUZE12AF729E2E6,Black Sheep,Novakane Groove,89.145,1,1,4,-5.531,248.37179
SOJVMXC12A6D4F6E85,Dj Kun,Spaniolandia,199.955,0,1,4,-8.522,219.74159
SOJMXSD12A6D4F81F8,Sammi Cheng,Ai Shi...,104.25,4,1,4,-9.059,126.82404
SOKZCRU12AAF3B302E,FSTZ,Facemelt,140.007,8,1,4,-12.597,280.58077
SOYHLOO12A8C144EC4,Patrick Samson,Io Che Non Vivo Senza Te,116.243,5,1,3,-17.073,101.85098
SOWGWCP12A6D4F860D,M83,I'm Happy She Said,90.264,4,0,4,-6.1,1071.882
SOOPLET12AB01825DE,Ken Chu,Dai Wo Li Kai,140.082,10,1,4,-6.923,281.93914
SOWPPYS12AB01827A5,Kooii,Here_ Swing_ Sing,112.93,7,1,4,-10.775,391.00036
SOPYJPU12A58A7B4A3,Rene Touzet,Delirio,111.493,1,1,4,-16.034,198.922
SOVYDFP12AB018CAD3,Junior Kimbrough,All Night Long (Instumental),83.706,8,1,4,-9.841,384.57424
SONTFNG12A8C13FF69,Alicia Keys,If I Ain't Got You,118.273,7,1,4,-8.414,231.18322
SOEOMZJ12A8C139998,Amorphis,Crimson Wave,108.039,2,1,4,-5.067,285.46567
SORWLOJ12A6D4F871E,Michèle Arnaud,Ballade Des Oiseaux De Croix,95.264,0,0,3,-13.828,122.27873
SOJMWGR12A6701D0FD,Lost Boyz,What's Wrong,98.431,1,1,4,-11.657,250.27873
SOXYARV12A8C1368C8,Epitaph,Outside The Law,141.192,4,0,4,-6.183,488.17587
SOYWFWL12A6D4FE07D,Shanadoo,Ninja Tattoo,137.923,0,1,4,-4.594,200.88118
SOUMERL12AC9070EF9,Moss,Common Ground,115.091,7,1,5,-9.09,484.62322
SOMPAHG12AC3DF81F8,Pietari Inkinen,The Dryad_ Op. 45_ No. 1,61.78,2,1,4,-27.284,344.73751
SOHHAXO12AB0184DE3,Irma Thomas,Hold Me While I Cry,112.109,10,1,3,-14.526,205.29587
SOARJWK12AC46862BB,Michèle Bernard,Le mouton dans la baignoire,85.435,10,0,4,-11.355,253.64853
SOTMSNC12AB018D09A,Arkona,Chiornie Debri Voini (The Black Abyss of War),160.059,5,1,4,-7.255,266.65751
SOLQLCA12AB0188BBD,Jimi Hendrix,Hear My Train A Comin',146.77,8,1,1,-8.239,449.74975
SOACLVX12AB0185ADF,Aftermath,9:2,87.006,4,0,4,-4.605,376.89424
SOIBVYA12A8AE46F75,Willy DeVille,Runnin' Through The Jungle - Shootin' The Blues,141.999,0,1,4,-9.46,227.81342
SOSJEIO12A58A7A674,Anti-Flag,On Independence Day,152.273,10,0,4,-5.829,171.59791
SOMKHES12A8C137EFC,Polkaholix,Krause seine Kreuzpolka,118.892,2,1,4,-4.586,196.93669
SOGXMVM12A8C130C02,David Tao,Susan Said,158.029,11,0,4,-6.966,261.74649
SOVXFQE12A6D4FA20C,Scott Wesley Brown,I Stand Here Forgiven,170.064,2,1,3,-7.695,178.88608
SOJHUQN12A6D4F8EDE,Paramore,Emergency (Album Version),167.971,9,1,4,-4.413,243.51302
SODVZLU12A8C13FE90,Isabel Pantoja,Como Nadie Te He Querido,98.739,9,0,1,-7.814,263.33995
SOGHNKT12A6D4F720E,Generation X,English Dream (2002 Digital Remaster),131.635,9,1,4,-5.341,299.80689
SOVTOZI12A8C13710B,Billy Bragg,Loving You Too Long,83.481,7,1,4,-7.339,173.50485
SOLPNWF12AB0184F19,Ivan Parker,No One Ever Cared For Me Like Jesus,69.994,0,1,3,-16.498,176.09098
SOHDTLT12AB0183F06,DJ Harry,Tragedy in Blue,122.829,1,1,4,-6.573,299.98975
SOUIJVE12A8AE4961E,Chris Brown,Help Me,89.966,11,1,4,-6.45,197.09342
SOQTGOL12A58A768C3,Nestor Torres,Ain't No Sunshine,150.028,9,0,4,-10.222,286.53669
SOCDLVW12AB018371F,Loudon Wainwright III,Rowena,151.294,0,1,1,-12.464,152.13669
SOMAHZI12A58A7F904,Michael Card,Scandalon,99.644,2,1,4,-6.276,234.78812
SOGWSIE12AB018A5CA,20/20,So Many Reasons,134.173,6,0,4,-8.458,206.81098
SOBRSXK12A8C135932,Carl Davis,Resolutions from The Long Day Closes,56.083,4,1,1,-29.153,129.59302
SOFVMAW12AB017D330,Sizzla,Care,189.263,1,0,4,-8.683,168.56771
SOVQKHW12AB01804CD,Francis Lai,13 jours en France,97.849,7,0,3,-14.942,243.43465
SOGOGLP12AC960A177,Willie Clayton,Scandalous (Soul and R&B),90.963,1,1,4,-5.442,249.23383
SORRNXT12A6D4F7451,Death From Above 1979,Romantic Rights (Jesper Dahlback Remix),91.879,11,0,4,-3.879,344.842
SOOEEYT12A5891DC08,Tunsi,Outro,86.064,0,0,4,-9.592,71.31383
SOMQMEJ12AB018690C,Roger Williams,Around The World,110.232,9,1,3,-23.161,177.24036
SOCWMDC12A8C140446,Ian Moore,Itsy Bitsy Spider,95.072,7,1,4,-8.204,151.09179
SOHGTRD12AB0180DF2,Sasha,15 Minutes Older,94.08,2,1,3,-7.041,214.83057
SOPLMNH12A8C141B93,Rita Chiarelli,Reginella,90.637,7,1,1,-15.268,261.04118
SOSUOOH12A8C133E91,The Clark Sisters,Trust In Him (Remastered Version),144.215,3,1,3,-11.869,416.70485
SOHOCSV12AB0183342,089 Clique feat. Prophet,Visions Of Death,105.13,10,0,4,-10.444,174.602
SOJTAQZ12A8C1399A8,Madilu System,Autoroute,140.08,2,1,4,-13.256,421.48526
SOIPZYI12A8C139CD9,Helmet,Street Crab,141.165,9,0,3,-10.562,212.16608
SOYOZZK12A6D4F8CF9,Chris Eaton,All Or Nothing,100.771,7,1,4,-12.958,289.07057
SOQFSIQ12A8AE4645D,Chris Rodriguez,Saved (LP Version),135.984,7,1,5,-6.212,263.18322
SODWMWO12A6D4FB2C4,James Darren,Conscience (Album Version),129.275,6,1,1,-7.766,153.25995
SOHVFEH12A8159E996,Olga Tañon,Ojos Negros,120.01,10,0,4,-5.764,254.1971
SOFMFBW12AB0183457,The Robert Cray Band,Phone Booth,75.887,9,0,3,-8.039,278.54322
SOLRBCF12AB018A963,El Tiempo,La Coloreteada,191.964,9,0,4,-8.368,200.04526
SOGLEWL12AB01842CB,Pee Wee Crayton,Fiddle Dee Dee - Original,157.204,8,1,4,-17.032,168.25424
SOGCPXG12AB0184F73,Palito Ortega,Corazón Contento,152.249,0,0,4,-7.264,156.96934
SOOJKHS12A58A809A4,Soul Embraced,Cold Stares Of Dead Eyes_ The,166.281,11,1,1,-5.209,165.8771
SOIURDO12A8C1392EB,Sportsguitar,Fish,142.192,4,1,4,-7.054,231.00036
SOFQFTY12A8C1369E9,True Believers,Stranger,125.177,1,1,3,-4.715,203.12771
SOZFRGA12A58A7B247,Killers,Children Of The Revolution,128.951,6,1,4,-4.294,218.8273
SOBVLUP12A8C140311,The Strokes,Meet Me In The Bathroom,93.315,7,1,5,-3.994,177.18812
SOKOTBW12AB018CE2D,Alicia Keys,Wait Til You See My Smile,119.959,7,1,4,-9.736,240.22159
SOIDQLF12CF5664F7F,3OH!3,CHOKECHAIN (Amended Album Version),145.88,11,0,4,-4.806,211.66975
SOAFGEU12A8C13FAD7,Charlie Louvin,Don't Laugh,108.873,7,0,4,-16.584,142.99383
SOWCLTO12A67021CEC,Dave Hollister,One Woman Man,91.003,4,1,4,-7.493,271.62077
SOHKQXL12A8C1379B9,Virtue,Can You Hear The Angels,165.152,0,1,4,-8.284,223.05914
SODNJYF12A8C135581,Two Man Advantage,Pass The Puck,85.804,2,0,5,-5.124,30.01424
SOBQAPA12A8C13261C,Basement Jaxx,La Photo,126.8,11,0,3,-8.325,240.01261
SOQLRXT12AB018025C,Alejandro Lerner,No Me Acuerdo,89.923,8,1,4,-9.317,247.97995
SOCYJTH12AB0184649,Franco,Die Tür die zum Glück führt,126.037,4,0,4,-13.319,220.47302
SOCYRJH12AB0181091,Boyz II Men,In My Life,94.921,2,1,7,-10.338,151.58812
SOYIWNY12AC3DF96FC,Lady Saw,Get A Straw,86.535,7,1,4,-10.006,207.12444
SOAMUDI12A6D4FCD11,Coco Montoya,Gotta Mind To Travel,155.577,2,0,4,-5.67,233.482
SOLKUOW12AB0184BCA,UFO,Rock Bottom / Shoot Shoot,142.981,0,1,4,-13.093,695.03955
SOUNCKW12AB0188044,Los Del Sol,Club Tropicana,116.878,10,1,4,-6.72,232.202
SOTPVJM12A6D4FC3C4,Liquid Stranger,Drop Sacrifice,136.936,9,1,4,-11.727,249.49506
SOMHOLR12A6D4FBE6A,MIMS,This Is Why I'm Hot (The Original) (Single Version) (Edited),159.989,10,0,4,-4.376,258.92526
SOLQRVO12AB01860FB,Kristine W.,I'll Be Your Light (Ian Nieman Remix),132.049,0,1,4,-5.253,533.89016
SOUDYXE12AB0183777,Vinícius de Moraes,Minha Namorada,62.776,11,0,5,-17.669,243.53914
SOWCPMQ12A58A78C43,Kim Wilson,Got To Let You Go,163.085,3,1,4,-11.96,555.54567
SOFECOD12A8C1408F5,Jamie Richards,Turn It Up,115.079,10,1,4,-7.183,269.84444
SOXBIQX12A6D4F8D50,Trick Trick / Eminem,Welcome 2 Detroit,91.101,10,0,4,-5.113,263.00036
SOFEPGY12A67ADAE9D,Dark Fortress,Incide,152.6,7,1,5,-14.148,320.44363
SOYMPCI12A8C13FE66,Eldar,Estate,75.115,2,1,5,-22.737,379.19302
SOTZIVE12AB0187D1C,Silkie Ft. Harry Craze,Head Butt Da Deck,140.02,1,1,4,-8.678,365.76608
SOYCFVX12A8AE45C63,The Ataris,Whatever Lies Will Help You Rest,151.949,4,0,4,-5.038,212.89751
SOFFLXW12A58A7E3B4,Lou Busch,The Wild Ones (1996 Digital Remaster),138.079,0,1,4,-11.776,147.30404
SOFHCZN12A8C13D39F,Stefon Harris,Alovi,131.936,2,0,4,-14.43,326.60853
SOQCHOP12A8C13DA4D,Pablo Montero,Cuando Calienta El Sol,96.107,7,1,4,-7.006,187.14077
SOAOQZZ12AB018E59A,Yami Bolo,Healing of All Nations,139.037,1,1,4,-7.919,214.30812
SOMCSDR12A8C135024,Ray Barretto,Guarare,138.367,8,1,1,-6.39,335.22893
SOPBDED12A6D4F93E6,Michael Card,Joy In The Journey (The Final Word Album Version),115.407,6,1,3,-10.156,181.91628
SODSYTS12A58A7AA07,Roger Williams,Indiscreet,103.465,0,1,3,-15.89,175.98649
SOVEPIA12AF729BDEC,Broadcast,Downstream,138.986,2,1,4,-28.138,179.30404
SOUXWHI12AB018DBF6,Sundial Aeon,love shelter,90.009,5,0,4,-11.791,459.93751
SOCQYRC12A67ADB469,Noisettes,Bridge To Canada,119.501,2,0,4,-2.912,205.06077
SOOMGFL12A6D4F595B,The American Boychoir,Watt's Cradle Song,72.788,8,1,4,-27.115,329.03791
SOAKODQ12A58A7B461,David Bowie,Moss Garden (1999 Digital Remaster),221.658,1,1,4,-16.599,305.05751
SOOOINL12A8C14434E,Frank Chacksfield,Terry's Theme from Limelight,69.782,5,1,1,-17.089,140.43383
SOJWPQV12A8C133701,Anne Dudley,A Stepmother's Curse,137.699,5,1,5,-18.995,184.39791
SOYKHAC12AB017DE72,Gustavo Cerati,La Excepcion,125.987,9,1,4,-4.576,251.66322
SOOKCBG12A58A7FA89,Roger Clyne & The Peacemakers,Mile High and Risin',149.01,11,1,4,-5.029,170.81424
SONZQZC12AB01859DD,Zuma,Deep Into The Day,119.95,11,0,4,-6.354,231.00036
SOZDAFC12A8C139F6D,2 Minutos,2 Minutos,168.231,0,1,4,-1.674,83.12118
SOGQCVX12A8C13EB6D,Max Stalling,Band Intro/ Pila Song Intro,107.597,2,1,1,-12.316,37.77261
SOCOMUU12A6D4F8518,Orbital,Adnans,101.99,7,1,4,-10.893,521.56036
SOJPCYV12AB017C9D3,Robin Beanland,Test Of The Terrarium,120.02,10,0,1,-18.002,140.7473
SOEFFEN12A8C1414E0,Sam Baker,I Can't Break Away,145.525,8,1,3,-15.6,141.84444
SONVLLU12AB018639D,John Hammond,Southbound Blues,92.122,9,1,1,-13.253,201.92608
SORCHVK12AB018B3C1,Jeremy Fisher,16 MM Dream,111.915,0,1,3,-6.843,257.64526
SOERCEY12A8C1413E5,Ginny Owens,Long Way Home,120.168,0,1,4,-12.102,256.39138
SOPHTXA12AB0180047,Sin Plomo,It's You (Thinking of you),126.007,6,1,4,-9.532,496.63955
SOXZRHY12A8AE492FF,Fruko Y Sus Tesos,Tania,103.198,0,1,4,-8.436,223.60771
SOQRTJE12AC95F02CB,Play,In My Mind (Remix),138.443,7,0,4,-12.816,289.2273
SONTHOF12A6D4FB9B3,Roger Reynolds,Binaural Presentation - Process And Passion_ Pt. 4,43.685,1,1,4,-21.601,158.1971
SOEYPFL12AB0184FA0,T-Bone,Nuttin' 2 Somethin',98.01,2,1,4,-6.82,223.89506
SOQYXUX12A8151CA28,Kary Ng,Fen Shou Yao Hen,99.605,5,1,4,-8.882,209.47546
SOOXHYJ12A8AE46EDA,Bobby Capo,Piel Canela (Alternate Mix),114.962,8,1,1,-13.352,167.13098
SOACEDS12A6701EAAA,Semisonic,Gone To The Movies,97.995,0,1,4,-10.185,232.25424
SOLOIMR12A58A76C69,Nana Caymmi,Visão,103.341,7,1,3,-14.095,173.87057
SOGZAAR12AB01849A4,Nine Inch Nails,Sin,85.599,11,1,3,-10.149,242.96444
SOIVTZO12A8C13AF27,Angelo Badalamenti / Patrick Wolf,Careless Talk,93.778,9,1,4,-15.152,124.83873
SOGODAQ12A58A7AAA7,Guitar Slim,Hello_ How Ya Been? Goodbye  (LP Version),104.98,10,0,4,-13.25,142.81098
SORJHBA12A8C13D1D0,Otis Spann,Spann's Boogie,162.683,0,1,1,-25.654,134.89587
SOXCQLQ12AB017DC0B,Kate Maki,I'll Be Here in the Morning,149.587,0,1,4,-15.783,177.52771
SOQJJLD12AB01822CC,Yuridia,Sin Ti,133.979,6,1,4,-7.112,213.02812
SOMSJPX12A8C136436,Enuff Z 'Nuff,Fly High Michelle,90.459,2,1,1,-4.437,277.28934
SOLSMJI12AAF3B4E4E,Johannes Linstead,Caja De Cerillas,179.978,9,0,4,-8.577,298.10893
SOWEIWR12A8C138056,Al Denson,The Arms That Won't Let Go (The Pillow Song)/Great Is Thy Faithfulness,135.968,11,0,4,-9.104,297.58649
SOCBYFW12A58A7D106,Le Vangle,Ronde Lune,151.311,0,0,4,-4.667,258.2722
SOTTOYX12A8C14177C,Elakelaiset,Pottajenkka,131.868,11,0,1,-13.231,218.27873
SOWJRTX12AB0183C28,Converge,Locust Reign (Live in California),133.549,10,1,3,-3.83,99.99628
SOQATFK12AB017D325,Embrace the End,Intensity In Ten Cities,231.851,7,1,5,-3.402,247.48363
SOCHFDP12A6D4FAED8,Inspiral Carpets,Uniform (Scripka Mix),131.875,2,1,4,-12.166,230.5824
SODEQFD12A58A7EB95,Tito Rodriguez,En La Soledad,88.765,7,0,4,-15.649,222.98077
SOITMUQ12AB017DED6,Thomas Dolby,Windpower (2009 Digital Remaster),128.47,6,0,4,-11.591,259.18649
SOBPBKU12A6701E5CF,The Who,Anyway_ Anyhow_ Anywhere,140.66,2,1,4,-8.302,169.66485
SOJTBBU12A8C137839,Line Renaud,Ne Reste Que L'Amour (Only Love),76.222,2,1,4,-13.47,207.04608
SOWEEGD12A8C136D4D,Vilma Palma e Vampiros,Verano traidor,102.129,7,1,4,-7.202,411.97669
SORUZIY12AC4686C65,Roberto Roena,Let It Rain,99.494,3,0,4,-8.404,177.31873
SOITBNC12AF72A0B2A,Bob Marley & The Wailers,Smile Jamaica,146.581,11,0,1,-8.252,307.61751
SODHWXG12A6D4F9F87,Geier Sturzflug,Schwarzarbeit,116.032,6,1,4,-4.533,214.20363
SODRUMU12AC96182E9,Jars Of Clay,The Burden of Hope,38.416,1,0,4,-17.231,113.21424
SOUJLXS12A3F1ECF59,Taking Back Sunday,Catholic Knees (Album Version),131.018,11,1,1,-3.566,168.25424
SOJYARC12A6D4F9961,Cinder,Seven (Album),116.064,3,0,4,-4.183,167.18322
SOBXXJA12A8C13C752,Dijous Paella,Que Arribi L'Estiu,103.991,4,0,4,-5.198,253.93587
SORNVVT12AF72A0C39,MC5,Intro 2/ Kick Out The Jams (LP Version),145.514,9,1,1,-10.219,172.30322
SOXHJJT12A8C13477E,Charlie Peacock,Forgiveness (Love Life Album Version),132.758,10,1,5,-10.813,295.20934
SOMPWOJ12A6D4F665F,SAF,Recept,78.033,2,1,7,-10.467,274.41587
SOSTBLN12AB018333E,089 Clique feat. Minnesota Snipe & Skinny Cueball,M-Town 2 M-Town,160.159,9,0,4,-7.765,213.68118
SOKYKFF12A8C131FEB,Beatnuts featuring Tony Touch,Cocotaso featuring Tony Touch,161.739,7,1,4,-10.383,135.13098
SOOHXVM12A8C143BA5,Porter Wagoner,Angel Band,136.129,4,1,4,-14.761,152.34567
SOMRAFQ12AB0186104,Les Ogres De Barback,Grand-mère,182.376,2,1,4,-7.467,221.3873
SOTGMEB12A8C13B4CC,Belphegor,The Sukkubus Lustrate,120.026,2,1,3,-1.493,178.15465
SOOJMEN12AB017B79F,Ray Davies,See My Friends,106.895,4,1,4,-15.646,222.79791
SODMAWK12AB0188985,John Holt,I'll Take A Melody,165.183,6,1,4,-16.582,225.07057
SOYXBFQ12A6D4F8F63,Kim English,Love That Jazz (Basements Boys Album Vers),125.008,7,1,4,-6.735,198.73914
SOPWWMT12A8C13811D,Steve Vai,The Attitude Song,116.055,2,1,1,-5.185,693.57669
SOMHVED12CF5F87D8E,Jennifer Lopez,Ain't It Funny,99.831,2,1,4,-4.821,246.20363
SOGXSOW12A8C13BE05,Outerspace,Fire and Ice,96.716,7,1,4,-4.974,242.78159
SOGCVPM12A6D4F7A84,J. Peter Robinson,Jake,159.973,0,0,4,-17.319,161.59302
SOSAEVQ12A8C13EC8F,Brian Littrell,Wish,98.937,7,1,4,-6.288,236.45995
SOQVDHJ12AB017E528,Mr.De',The Vine,130.002,11,0,4,-11.429,246.72608
SONCHNB12AB01849A2,Wade Ray,Idaho Red,171.527,3,1,4,-9.713,135.78404
SOJLKSL12AB0183D93,Jay Pérez,America the Beautiful,119.949,5,1,7,-9.059,156.47302
SOLKQVW12A6D4F69AB,Daryl Coley,Standing On The Promises (Palmore) (Beyond The Veil Album Version),85.563,0,1,5,-8.078,352.88771
SOYBNXR12A8C143CD3,Boogie Pimps Feat. Steve Brookstein,Promised Land,83.345,6,0,1,-5.094,322.53342
SOLLOUW12AAA8C76C7,Delroy Wilson,Baby I Need Your Loving,136.032,0,1,4,-10.091,150.36036
SOJNBYN12AB0184232,Fuzz,Big Fella,110.106,7,1,5,-4.127,168.85506
SOUJNNT12AB018425D,Orlando Pops Orchestra,The Yellow Rose Of Texas (From Giants),102.04,10,1,4,-15.817,265.82159
SOOXFEI12A8C13FE28,Finest Dearest,Tunnel Vision,84.679,0,0,4,-7.21,294.00771
SOARFDK12AB01826E6,Estopa,Me Falta El Aliento,170.739,0,1,3,-4.872,226.5073
SOCGOZK12A8151BD5D,Arctic Monkeys,Fake Tales Of San Francisco,127.294,7,1,4,-4.385,177.94567
SOHFRAI12AB0183D3D,David Arkenstone,First Kiss,73.162,4,1,5,-19.834,205.11302
SOMYMHM12A8C134ECB,Barbarito Diez,Bajo Un Palmar,121.658,5,1,4,-9.604,176.69179
SOBPMZI12A8C140B04,Quincy Jones,Stormy Weather,72.117,8,1,3,-12.182,196.04853
SOJHJKZ12AB0182AA2,Edgar Bori,Les choses,116.139,5,0,4,-14.606,309.002
SOWLAQT12A8C13D037,Benga,Zero M2,139.994,2,1,4,-11.357,233.16853
SOBMYCO12AB0182D41,André Verchuren,Un Tout Petit Pantin,132.586,0,1,1,-6.527,132.38812
SOEAXHF12AB0184E97,London Theatre Orchestra,Maria ( From The Sound Of Music),75.768,0,0,3,-15.798,160.70485
SOHFJZV12AF72A1E10,Selena,Las Cadenas(Live) (2005 re-mastering) (Live),197.352,8,1,4,-8.936,99.57832
SOUEFNG12A6D4F8640,Snow Patrol,In My Arms,84.595,0,1,5,-5.098,276.68853
SOYRKAG12A8C13D7A0,Obie Bermudez,Celos,109.23,10,0,4,-7.209,220.78649
SOSEOFA12A8C13E2BD,Irwin Goodman,Kopla ja kummisetä,184.154,4,0,4,-7.57,184.5024
SOYBATV12A8C13FF5B,Baby Rasta & Gringo,Esto Es Real,192.013,4,1,4,-8.441,219.95057
SOSGBSO12AB01876A1,Kitaro,The Mist,104.323,0,1,4,-20.911,428.72118
SOQRDOM12AB01809A9,Eri Esittäjiä,Dawn,91.928,0,1,3,-26.312,158.58893
SOFKGNK12AB018079D,Emery,Dear Death Part 2,175.911,1,1,4,-3.122,186.51383
SOOIHFU12AB017E465,Alexis HK,La paix des étoiles,109.024,4,0,4,-12.489,202.94485
SOBEDDS12A8C139DB3,Pretty Boy Floyd,Gangster Of Love,97.395,5,1,4,-10.844,219.24526
SORWLZC12AB018D798,Major Lazer / Vybz Kartel / Afrojack,Pon De Floor,84.525,9,0,3,-7.098,187.0624
SOXLQOI12AC3DF996D,Tin Hat Trio,Rubies_ Pearls_ And Emeralds,167.915,4,0,4,-14.188,292.04853
SODCJKB12AB018C5A8,Seven Mary Three,Hammer & a Stone,140.666,0,1,4,-13.852,283.16689
SOTGZZI12AB0186376,The Temper Trap,Sweet Disposition,128.962,2,1,4,-5.126,232.75057
SOJXHAS12AB017F81E,John Debney,Dad Apologizes,110.464,0,1,4,-25.671,193.51465
SOQEYPY12AC3DF9E55,Helen Love,Rollercoasting,99.809,8,1,4,-11.943,174.602
SOHIWJN12A6D4F41A3,Jay & The Americans,Livin' Above Your Head,124.521,0,1,4,-10.935,174.68036
SOVZCEG12A8C131770,Tanto Metro & Devonte,Know Your Friends,180.132,1,0,4,-10.69,221.23057
SOFWGSO12AC4689945,Indica,Valokeilojen vampyyri,183.897,2,1,3,-4.27,210.49424
SORRYWR12A8C140E3C,Sunscreem,Perfect Motion,125.055,9,0,4,-9.59,590.15791
SOEVOVU12AB017C56B,Dédé Saint-Prix,Balanséy lala (featuring Tanya St Val) (feat. Tanya Saint-Val),111.959,4,1,4,-9.493,310.83057
SOSXZDI12A6D4FD20F,Deborah Allen,In The Sweet By And By,89.972,9,1,3,-15.581,172.48608
SOJJATE12A8AE46A59,Kiprich,Dash Way Belly,176.022,2,1,4,-6.734,188.99546
SOSHUVD12A6701F8F9,Coldplay,Speed Of Sound (Live),122.94,11,0,4,-5.367,285.04771
SOSJQVT12A81C21546,Casey Bill Weldon,I'se Just A Bad Luck Man,88.154,10,1,1,-17.7,202.78812
SOKNTEW12AB01821EE,Carmen Y Laura,Destino Ingrato,85.216,7,1,1,-10.274,174.70649
SOYDXZM12AB0186736,Kaizers Orchestra,Container,137.766,11,1,4,-4.894,139.88526
SOXQELE12AB01865A3,The Marx Brothers,Un jour au Cirque: Two Blind Loves,81.035,9,1,7,-11.371,142.94159
SOQIVDD12AB018A979,Aiden,We Sleep Forever [Live],138.417,9,0,5,-7.215,281.46893
SOCOLEP12A6D4F8825,Grandpa Jones,All American Boy,177.752,4,1,4,-11.868,159.60771
SOCEOAD12A5891FA33,Miguel Migs,The One,104.988,11,0,4,-6.308,284.60363
SOEYCQK12AB018A271,Protein,Karottensaft,126.011,2,1,4,-15.299,214.09914
SOVVYPN12A8C1435D7,Schizoid,Ruby Marlowe,96.366,1,1,3,-17.838,260.23138
SODRHUY12A6D4F79D6,Kevin Max,I Saw Three Ships,114.209,8,1,3,-11.333,113.00526
SOZFFKS12A8C13886B,Charlie Byrd,Chim Chim Cheree,82.039,11,1,1,-17.502,471.43138
SOQFITU12AB01832C8,Bloc Party,One More Chance,127.154,9,0,4,-6.78,166.26893
SOJJHGQ12A67020F5D,George Huff,Have Yourself A Merry Little Christmas (LP Version),183.205,7,1,3,-11.08,249.49506
SOLZOBD12AB0185720,Usher,Hey Daddy (Daddy's Home),95.998,11,1,4,-4.328,224.10404
SOUHRVJ12A6D4FADD7,Midge Ure,Four,97.982,2,1,4,-4.727,287.52934
SOPJSAG12AC468ADAF,Vickie Winans,Stand Up and Praise Him,113.894,5,0,4,-8.375,299.36281
SONPSZT12AC3DF9942,Tin Hat Trio,Willow Weep For Me (With Willie Nelson),91.681,5,1,3,-12.614,276.58404
SOGLHVX12AB018610A,Spinal Tap,Big Bottom,112.06,10,1,4,-7.643,218.20036
SOORFHT12A6D4F7C2D,Negura Bunget,Al Doilea Om,127.719,2,1,4,-19.586,123.66322
SOJTMTU12A81C208E7,Atman,Govinda,125.374,6,1,5,-8.595,394.86649
SOKPXQU12AB0187ED6,Alexandre Desplat,Hidden Documents,91.954,5,1,4,-30.18,128.62649
SOZBFOF12A58839323,Emperor,Al Svartr (The Oath),116.171,4,0,7,-11.164,258.35057
SOMOUQV12A6701CD7B,The Smashing Pumpkins,Real Love,152.999,2,1,4,-4.673,249.62567
SOEDYBF12AF72A3AFF,Patty Griffin,Flaming Red,124.794,10,0,4,-6.376,134.05995
SOVVDVO12A8C14215D,Rihanna,We Ride,99.989,5,0,1,-6.131,237.87057
SOWCRYD12A6D4F6B70,Oceansize,New Pin (edit),118.049,2,1,4,-8.08,249.93914
SOBUQFN12AB018DDCA,Head Horny's,Pray (Instrumental Version),148.14,1,1,4,-9.405,392.56771
SOOQJNQ12AB01879EB,Daan Junior,Tout moun sou do,96.005,11,0,4,-5.366,413.49179
SOJUAMH12AB0184EE1,The Winans,This Train,105.99,0,1,4,-8.071,238.65424
SOFTBKK12AB018816C,Beenie Man,Million Gal,95.697,11,0,4,-9.708,200.09751
SOOUFTE12AB0183D19,Jackie Davis,Love Is Just Around The Corner (1996 Digital Remaster),134.3,0,0,4,-16.422,166.39955
SOTRBLK12A8C14334E,Johnny Pacheco,Mi Musica Es Para Ti - Original,116.862,0,0,4,-13.266,183.35302
SOPQZOX12AB01849EA,Mighty Mighty Bosstones,They Came To Boston,205.559,9,1,1,-9.944,211.33016
SOIIEVK12AB018A1B9,Glad,My Jesus_ I Love Thee,52.464,2,1,7,-16.705,211.69587
SOJWFHX12AB0188571,Orlando Pops Orchestra,Strangers In The Night,80.188,11,1,1,-11.954,207.67302
SOCSJFL12AB018E42A,Gerald Clayton,Two Heads One Pillow,95.938,10,1,1,-14.153,384.15628
SOBHTKX12AB01881B6,Pyranja,Nie Wieder (Live Version),68.86,4,0,1,-5.907,167.54893
SOKUHDB12AB018135A,Sick Of It All,Sanctuary,196.327,7,1,4,-3.904,109.00853
SOZFLNZ12AC46875B7,Van Gelder,Saints & Sinners,209.752,9,0,4,-7.234,474.61832
SOQESCO12A8C14431E,Naseebo Lal,Pehle To Kabhi Gham Tha,88.014,11,0,3,-12.411,398.0273
SOORODQ12A8C13C342,Blackalicious,World Of Vibrations (Album Version),116.682,8,1,5,-7.625,302.94159
SODRDRJ12A8C14289E,John Davis & Emma Doyle,Mary's Boy Child,120.026,4,1,4,-13.751,184.86812
SOLFKYA12A8C13B082,Heavenly,Smile,69.965,2,1,4,-8.339,234.60526
SOMIDHA12A8C132C67,Richie Ray & Bobby Cruz,Guaguanco Raro,105.75,10,0,4,-7.616,418.53342
SOOJJQO12A6D4FB913,Hot Club Of Detroit,God Rest Ye Merry Gentlemen,124.122,2,0,1,-18.226,371.04281
SOSDNTQ12AB018A319,The Fontane Sisters,The Tennessee Waltz,86.464,6,1,4,-12.442,149.99465
SOIXTNA12AC46882E8,Nick Jonas & The Administration,State of Emergency,92.105,4,1,4,-4.38,214.72608
SOBAQDD12AB017B1F5,Jeff Johnson,Contours,42.486,7,1,4,-15.382,433.97179
SOBBKSL12AB01852FE,Mons Leidvin Takle,Ømhet,168.106,2,1,3,-17.204,162.82077
SOCUPHK12A6D4FC491,Bukka White,Aberdeen Blues,101.772,9,1,4,-14.166,150.04689
SOXXMWC12A67AD7296,Gang Of Four,Is It Love,117.0,1,1,4,-17.763,273.99791
SOPAKPP12AB017DC35,Peter Hunnigale,Ordinary Lives,168.049,9,0,4,-7.103,228.10077
SOQFWBE12A8C1316AF,The Killers,Mr. Brightside (Jacques Lu Cont's Thin White Duke Mix),134.02,1,1,4,-8.361,527.98649
SOZMELK12A8C143532,Circle Jerks,Group Sex,162.384,4,1,1,-8.562,63.52934
SOQMCZO12A58A7ADAD,Barbara Fairchild,Jezebel,149.748,8,0,4,-9.735,216.39791
SOOQDSE12AC468B61B,Candlebox,Breathe Me In,130.35,1,0,4,-5.968,312.842
SOUXTFR12A8C138871,Tyrone Davis,Sugar Daddy,93.734,10,0,4,-9.522,247.77098
SOCCMWP12A58A7919C,The Panic Channel,Said You'd Be,143.224,2,1,1,-2.648,153.25995
SOMPLTA12A58A7D02A,Jo-El Sonnier,Precious Lord_ Take My Hand,138.279,0,1,3,-8.52,214.282
SOYUULR12AF72AB86D,Jimmy Page_ John Paul Jones_ Albert Lee_ Nicky Hopkins_ Big Jim Sullivan_ Clem Cattini_ Chris Hughes,Livin' Lovin' Wreck,175.154,10,1,1,-12.176,131.34322
SOZVRFB12A8C13A837,Michael Whalen,Flamingos,180.825,0,1,4,-23.212,95.11138
SOJSKZX12A58A7DE0E,Elton Britt,Little Silver Bells,139.56,0,0,7,-13.616,132.85832
SOVEXXE12A8C134E83,Ice,Under Attack,119.981,7,1,4,-7.464,213.02812
SOOGEFW12A8C13538F,Jean Fauque,Off The Record,112.015,5,0,3,-13.528,219.01016
SOLDQVB12A58A7CA82,"Bobby ""Blue"" Bland",You Hit The Nail On The Head,90.102,10,1,7,-9.64,346.8273
SOFRITM12A81C20954,Between The Buried And Me,Prequel To The Sequel (Album Version),132.949,1,1,3,-5.954,516.62322
SOYZHDL12AB01864AF,Reginaldo Bessa,Gosto de Você Demais,102.043,5,0,4,-12.509,97.98485
SODAWDZ12A8AE47AD2,Faithless,Drifting Away,125.063,2,0,4,-7.387,247.14404
SOMFTDQ12A58A7F989,Hellsongs,Rock The Night,124.981,4,0,7,-13.959,272.14322
SOXSZBM12A8AE483AD,Santana,Fried Neckbones And Home Fries,118.444,11,0,4,-8.814,637.43955
SORAETJ12A58A7DAA3,Charley Pride,(I'm So) Afraid Of Losing You Again,98.824,4,1,4,-12.169,188.02893
SOYKAIZ12A6D4F97B2,3 Doors Down,Duck And Run,85.787,4,0,4,-3.863,278.90893
SOFUIBH12A6D4F9C25,THE CHIFFONS,The Heavenly Place,88.675,8,1,1,-9.206,143.882
SOURFOI12A58A7D7C3,Kékélé,Likambo,111.997,7,1,4,-11.008,219.8722
SOMQNVZ12AC468A9AD,Little Junior Parker,Please Baby Blues,80.498,7,1,4,-6.506,160.78322
SOOMYIJ12A8C133601,Cybertribe,Cry Of The Earth,160.011,1,0,4,-12.068,387.97016
SOMNBNO12A8C1430D2,Seventh Star,I Versus I,114.594,7,1,4,-4.684,184.842
SORABBL12A58A7C15E,Incubus,A Crow Left Of The Murder,88.753,6,0,4,-5.606,227.73506
SOKBEGN12A8C142678,Dishwalla,Moisture,183.662,11,0,3,-6.676,540.42077
SOUOIBI12AC3DFB10A,Marco Polo,Shitzzo,126.927,6,0,4,-9.689,403.85261
SOHGXBL12AB0183D01,Beenie Man,Stack and Pile,69.594,1,1,3,-3.669,201.97832
SOAFNMG12A8C136D00,Mariano Yanani,I Still Haven't Found What I'm Looking For,96.962,1,1,4,-13.943,180.00934
SOEMTZO12A8151DD78,Brian Keane,Dark Flashes,100.16,0,0,4,-18.812,216.05832
SOLYPRP12AB017D90F,Naseebo Lal,Ek Pardesi Di ,168.039,10,1,4,-12.197,518.81751
SOKJDLN12AB01826D9,Laurie Berkner,Ice Cream Cone,82.585,0,1,4,-16.895,169.37751
SOPMIMB12A8C13C87E,Robin Fox,Wonderland,140.021,7,1,3,-7.785,515.65669
SONCWFW12A8AE4702B,Adam Ant,Goody Two Shoes,95.7,9,1,4,-3.402,202.97098
SOORKFA12AB01838BF,Statues,Telecommunication,155.958,11,0,4,-8.475,130.35057
SOOXMZO12A58A7D62F,Rusted Shut,Borin Fuckin Town,102.072,8,1,7,-10.374,296.80281
SOYFDYC12A6D4F921D,Happy Mondays,Olive Oil,129.282,11,1,1,-13.229,156.682
SOECLAD12AAF3B120A,John Mayer,St. Patrick's Day,126.711,9,1,3,-7.04,321.09669
SOGRYWN12AB018C335,Pascal Sangla,Assis par terre,89.977,4,1,4,-10.621,333.76608
SONGUIH12A6D4F9274,Marilyn Horne,"Agrippina : Act 3 ""Bel piacere è godere fido amor!"" [Poppea]",95.469,5,1,4,-23.045,144.06485
SOKTJKI12A8C143254,Daddy Yankee,Llamado De Emergencia,195.985,4,0,4,-4.335,239.882
SOEVMQS12A6D4F9A77,Janet Paschal,He'll Deliver Me,105.994,1,0,4,-7.104,219.92444
SOHUMGO12A58A7C8F5,Sergio Mendes,Don't Go Breaking My Heart (LP Version),130.892,4,0,4,-13.205,152.29342
SOLWZMY12AB0182AAD,Blue Rodeo,Million Miles,99.644,7,1,1,-8.249,543.97342
SOXNPFT12AB01859DA,John Brown,She's On That Revivalism,108.176,6,1,4,-3.682,107.49342
SOIOAIN12A58A7A9A5,Weezer,I Don't Want To Let You Go,122.852,8,1,4,-10.571,228.44036
SOHNBQM12A8C13FC8E,Hadag Nahash,Aff E'chad (Nobody) (Live),187.893,8,0,1,-3.956,216.92036
SOPNTAR12A6D4F7B7D,Bad Brains,At The Movies (1991 Digital Remaster),127.157,5,0,4,-9.233,136.38485
SOTLZBK12A6D4F7E63,Lords Of The Underground,Check It (Explicit),99.058,11,0,4,-8.611,264.69832
SOVLVKM12AF72A05AC,Trivium,Into The Mouth Of Hell We March [Explicit],141.813,4,0,4,-3.18,352.02567
SOXNVHD12A8C13CD75,Mary Black,Sweet Love,42.75,2,0,4,-12.67,310.20363
SOCQLKZ12AB0183796,Aiden,Black Market Hell,0.0,2,0,0,-7.192,759.09179
SOHLAGO12AB0188518,Mark Lowry,A Word From Deacon Jones [A Local Cable Access Ministry] (LP Version),77.069,3,0,5,-14.848,60.31628
SOCKVDU12A58A7CB2B,Mikey Dread,Rainbow Jungle (Dub / Instrumental Reggae Music),145.618,9,1,4,-14.883,159.99955
SOVCDEV12A6D4FCD04,RyanDan,Wind Beneath My Wings,142.196,8,1,4,-9.81,255.76444
SOULDME12AB01887C6,Faithless,Salva Mea,128.067,5,0,4,-9.0,221.98812
SOFOHYX12A6D4F814D,Selena,Tu Robaste Mi Corazon,85.772,10,1,7,-8.573,232.80281
SOKVOPA12A8C1407BC,Marquez the Greatest,Declaration of Independence,75.367,9,1,7,-14.041,72.17587
SOKMGFN12AB0180B99,Drowning Pool,Reborn (Explicit),166.064,11,1,4,-6.379,248.78975
SOXWQWO12A8C13BF20,Kent,Vad två öron klarar,135.776,9,1,3,-11.284,222.53669
SOFSQER12AB0187CE5,Los Auténticos Decadentes,El Gran Señor,91.699,8,0,4,-6.203,205.06077
SORVFBF12A8AE488AE,Café Quijano,En Algún Rincón,152.001,2,1,4,-5.635,255.39873
SOODOVP12A6701E939,Eminem,The Way I Am,174.651,1,0,4,-2.274,292.25751
SOCRJDR12A8C139007,The Sun Harbor's Chorus-Documentary Recordings,The Air Force song : Evening colors sequence,125.124,10,1,4,-17.527,37.01506
SOXQPRR12AB018091F,Lily Allen,22 (Acoustic),132.61,3,1,4,-8.295,187.24526
SOQLCJK12AB018DB42,Madonna,Revolver [Tracy Young's Shoot To Kill Remix],85.318,10,0,1,-4.204,564.94975
SOHMODT12A8C13735C,Roy Buchanan,Hey Joe,119.089,9,1,3,-8.88,329.66485
SOOIXVH12AC3DF9B00,Juan Carmona,Nino ven pa'ca,64.475,4,1,4,-10.0,203.85914
SOAQGHA12AB0186D60,Mayday,Nüt isch für immer,71.984,11,0,4,-5.902,307.33016
SOEZMVS12AB018D338,Charles Williams,They Ride By Night,168.303,8,1,4,-9.575,91.84608
SOKPWFH12A6702056E,Sun Yan-Zi,Abscondence,100.059,8,1,3,-6.779,285.962
SOEBDOL12AB0189C81,Maurice Chevalier / Françoise Dorin / Marina Hottine / Suzanne Gabriello / Jo Charrier / Marcel Carpentier / Perrette Souplex / Andree Grandjean / Cadet Rivers / Raymond Girerd / Orchestre De Jacques-Henri Rys / Jacques Henri Rys,Dialogue et final si j'avais su,164.618,7,0,4,-20.541,213.55057
SORTYWG12A8C1444E7,Ray Price,Make The World Go Away,126.714,0,1,3,-12.818,125.1522
SORAHIC12AB0185506,Art Ensemble Of Chicago,Sirius Calling,96.411,4,1,3,-12.326,207.09832
SODCRRC12A8C139A9F,Swim,Fungus,167.111,7,1,1,-6.776,311.58812
SOZLDWX12AB0181A32,Negura Bunget,Plecaciunea mortii,91.144,9,1,7,-5.283,620.19873
SOUTDGY12A8C13F17A,Buddy Miles,Don't Keep Me Wondering,100.573,7,1,4,-9.391,121.02485
SOLKVTJ12A6D4FC610,Bobbie Gentry,Ace Insurance Man,170.897,9,1,4,-10.736,214.96118
SODPYOG12A8C136332,Busdriver,Ellen Disingenuous,136.116,7,1,4,-4.293,246.22975
SOASRSU12AC960D99A,Brenda Lee,Ballin' the Jack,117.696,3,1,1,-9.67,113.97179
SOJBWKS12A8C135255,Herbert  von Karajan,Oedipus Rex_ Atto Primo: Liberi_ Vos Liberabo (Oedipus) (Stravinsky),75.377,5,0,7,-20.731,198.45179
SODHAHY12A58A8024A,Eddy Arnold,I´m Throwing Rice,100.932,5,1,5,-15.159,159.58159
SOSPGMD12AB0180C42,Gisselle,Me Decidi,124.129,5,1,4,-4.537,268.87791
SOIYUEY12AB0184151,DJ Harry,'Round the Wheel,133.529,6,0,4,-9.706,495.90812
SOJPDXW12A8C135D6A,MC Sadri,Strassenkrieg,180.126,9,0,4,-6.633,178.96444
SOQBOUQ12A8C1372F4,Weedeater,Monkey Junction,142.639,7,1,3,-9.036,269.00853
SONWOUM12AB018555E,Mira,In Pursuit of the Implicate Order of Cultural Chaos,109.743,1,1,4,-22.721,38.00771
SOFTRVP12AAF3B23A3,Mel Blanc,I Love Me (I'm Wild About Myself) (2005 Digital Remaster),159.941,7,0,4,-12.965,137.74322
SOLTMLK12AB018A1CB,Paul Carrack,Dedicated,134.123,4,1,4,-14.241,324.46649
SOYQIME12AB017F31F,Tyrone Taylor,Got To Make Me Love You,157.201,2,1,4,-7.847,219.01016
SOCDDCO12A6D4FBCF4,Elvenking,Pathfinders,150.05,7,1,4,-4.516,322.55955
SOLQBAW12AB0184198,The Irish Rovers,The Deep Blue Sea,175.325,2,1,4,-9.181,192.05179
SOGWDQX12AB0185701,William Coulter,Shrivasta,148.524,9,0,4,-13.7,238.57587
SOJEQCC12A6D4F7B01,At The Gates,City Of Screaming Statues,171.613,7,1,1,-8.068,286.04036
SOZVNIV12A8C133A48,Neil Diamond,Hey Louise,100.422,9,1,4,-14.343,181.15873
SOBACBP12AB0188B9F,Special Duties,Punk Rocker '97,128.822,9,1,1,-5.901,122.56608
SOCFXKC12A8C13E150,The Refreshments,Three Little Words,101.976,7,1,3,-9.953,222.69342
SOMNRTW12AB0185CDE,Johnny Horton,Old Gobbler the Hound Dog,181.9,2,1,4,-8.787,119.90159
SOXMJIX12A8C13C3FE,Kane,My Heart's Desire,120.611,9,0,4,-13.869,261.3024
SOTHMMZ12A58A7EA1D,Bomb Squad,Flipside,95.88,0,1,4,-6.759,182.22975
SOQMSPF12AB018C5DF,Les Hou-Lops,Quand on est amoureux,95.735,3,1,4,-5.144,181.86404
SOTDFAQ12A6D4FB3E1,Eastmountainsouth,Hard Times,125.986,6,1,4,-8.843,225.61914
SOBLAUT12AB01830D0,:Blacks On :Blondes,Superconstellation,128.033,1,1,7,-7.971,164.362
SOABFQI12A58A7D162,Richard Hell & The Voidoids,Another World (Album Version),123.182,7,1,4,-14.009,494.10567
SOALKSA12A8C140F94,Love Jones,I Like Young Girls,87.799,0,1,4,-7.327,182.72608
SOOCAJK12AB01866EE,V'ro,Softcore,67.987,5,0,3,-6.982,282.53995
SOZAPQT12A8C142821,Kings Of Leon,Ragoo,102.066,11,0,4,-6.391,181.13261
SOZLEZA12A58A7EE61,Charlie Peacock,Tears Falling Down,130.441,0,1,4,-12.094,180.13995
SOUZLIE12AB0186874,The Gone Jackals,Drop The Hammer,99.593,0,1,4,-14.007,220.49914
SOJELTQ12A8C1301E2,Nightwish,The Poet And The Pendulum,96.711,7,0,4,-6.003,834.66404
SOSKAWG12A8C1359AD,Shinehead,Olivia,209.649,10,0,4,-9.893,230.71302
SOENUOD12AB0188E35,From Dying Skies,Expeditions,87.539,9,0,4,-3.343,222.58893
SOOVSAM12A81C218AF,Wailing Souls,Firehouse Rock,86.752,9,1,1,-5.788,255.4771
SOQTOMY12AB0184AAE,Turibio Santos,Dengoso,105.72,2,1,1,-16.407,145.94567
SOIYXSW12A8AE4885B,David Phelps,One King (Album Version),83.594,0,1,4,-8.582,277.21098
SOITFJA12AB01824A9,Steinski,Silent Partner (Peace Out),110.048,8,1,4,-18.604,52.4273
SOVMCUJ12A6D4F778E,Eddy Raven,Like A Hurricane,158.832,0,1,4,-11.712,215.40526
SOIFKVI12A8C131696,Tranzas,Un nuevo amor (version salsa),75.826,1,1,7,-6.991,184.21506
SOAESFB12A8C13573F,Klaus Badelt,Time Travel,121.667,2,1,5,-16.683,275.19955
SOJWEFZ12A8C13B69D,JK,Hit my heart,86.719,4,0,1,-8.345,151.37914
SOCKRCU12A8C143B0C,Dub Pistols feat. TK,Revitalise,100.019,10,0,4,-5.603,264.82893
SOCWGLQ12A8C13D14A,Aiden,She Will Love You (Album Version),143.021,5,1,4,-5.249,258.82077
SOYEKDD12A6702113B,DJ Envy,Why Wouldn't I (featuring Fabolous & Paul Cain),135.059,9,1,3,-3.991,278.38649
SOEWUBS12A6D4F8DB0,Albert Ayler,Ghosts_ Second Variation,67.598,7,0,5,-16.181,426.00444
SORSTPO12AB017FE28,Perfection,What Is This,100.168,10,0,3,-7.264,379.27138
SONBAWZ12A8C135A8B,Fred Simon,The Christmas Song (Chestnuts Roasting On An Open Fire),70.891,3,1,1,-21.392,228.70159
SOPJHMG12A6D4FA978,Tony Joe White,Menutha,136.621,2,1,4,-9.653,252.1073
SOICCPU12A8C138AC4,Terror Squad / Remy / Prospect / Armageddon,Hum Drum,181.3,11,0,7,-5.511,251.89832
SOXUVWM12AB018BE30,D.A.D.,Wild Talk [Live],150.526,6,0,4,-8.889,260.362
SOOIUAA12AB01870D5,Rodney O & Joe Cooley,Your Chance To Rock,123.696,4,0,4,-10.803,211.27791
SOTXBEP12A8C1377BA,Christian Quast,You Are!,125.057,8,1,4,-10.711,498.83383
SOMTMGI12A8C138611,G.G. Allin,Assface,208.517,10,0,1,-10.557,95.50322
SOWHHLO12CF5F8917D,Jennifer Lopez featuring Ja Rule,I'm Real,83.49,5,1,4,-8.147,263.20934
SODSXCY12AAA8C598D,The Bureau De Change,Seasick,93.909,11,1,4,-8.571,220.89098
SOEWDGW12A58920580,Darden Smith,Perfect Moment,165.76,6,1,4,-17.864,270.62812
SOKUCRV12AB017F645,Dédé Saint Prix_ Pakatak,Nom' Mayi,98.18,9,1,7,-12.878,257.27955
SOSGVRE12AB01832AC,Los Indios Tabajaras,Sueño Salvaje,128.162,11,1,4,-18.696,171.28444
SOHCZTI12A8C139141,Mary Black,Say A Little Prayer,117.507,2,0,4,-10.562,235.04934
SOFAOVT12AC468AC11,Charanga de la 4,Clavelitos,126.922,2,1,4,-9.535,329.97832
SOWKQWU12A6D4F8937,Daryl Coley,He That Dwelleth (Psalm 91) (In My Dreams Album Version),124.709,1,0,3,-13.295,321.01832
SOBFRQQ12AB018D108,Ramesses,Unholy Outburst #3,219.518,2,1,7,-8.259,608.7571
SOBWEEH12A58A7D3EC,Johnny Otis Show,You Better Look Out,94.085,0,1,4,-16.313,164.8322
SOFOGUH12A8C1449BD,John Doan,In John Fahey There Is No East or West (feat. John Doan),82.856,5,1,3,-13.353,274.99057
SOBRVUL12A6D4F9903,Sammi Cheng,Nu Ren Ben Se,86.658,2,0,5,-9.447,149.34159
SOHOSEI12AB018998F,Trentemoller,In Progress (Original Mix),124.985,7,1,4,-9.915,368.74404
SORUTNO12A8C13D2F5,Big John Greer,Big John's A-Blowin',87.635,7,0,4,-7.335,155.45424
SOQQDOT12A8C13BB64,Lorna,Papi Chulo (Extended Mix),110.17,6,0,4,-7.581,329.53424
SOQJLFV12AB01897C7,Tech N9ne,Soldiers At War feat. Kon Juan_ Big Scoob_ Short Nutty_ L.V.,167.984,2,1,4,-6.488,354.7424
SOOXLKF12A6D4F594A,Maroon 5,Harder To Breathe,149.917,1,0,4,-4.757,173.66159
SOZSHWZ12A8C1452B5,The Keys,From Tense To Loose To Slack,182.756,9,1,5,-9.277,143.01995
SOSNTPX12A8C137371,Dusminguet,Disco Jonki,152.168,0,1,1,-8.275,168.69832
SORHNZF12AB0182AD4,Clarisse Lavanant,Electron libre,130.164,0,1,4,-8.339,182.59546
SOUROWU12A6D4F8EA6,Toots Thielemans,Five For Ellis,218.681,2,1,4,-12.192,119.71873
SOMNZVI12AB0186A1B,Marc Perrone,Padam padam,63.295,0,1,7,-20.251,64.1824
SOAAAQN12AB01856D3,Alejandro Lerner,Campeones De La Vida,120.051,4,0,4,-8.76,153.36444
SOJRGVK12CF5CFC527,Stevie Ray Vaughan And Double Trouble,Cold Shot,112.719,6,1,4,-10.958,240.77016
SOUIQBJ12AAFF43EE6,Claudio,Simple Lullaby (Do Maj),95.32,0,1,4,-13.679,317.77914
SOJSKKY12A8C134B10,Java,Cendrier,89.689,7,1,4,-6.371,190.69342
SOAMOSF12A8C13DCBC,Jamie Richards,Any Way You Want Me To,117.993,2,1,4,-7.625,244.29669
SOSRWME12A6D4FB7DE,Joanna Connor,Playing In The Dirt,106.719,7,1,3,-13.202,238.39302
SOLXXRJ12A6D4F7260,Dilated Peoples Featuring Capleton,Firepower (The Tables Have to Turn) (Explicit) (Feat. Capleton),158.327,2,1,4,-4.08,311.06567
SOFODDW12AB0182616,Patsy Cline,Stop The World And Let Me Off,93.618,9,1,4,-12.495,146.88608
SOHYCFT12AB0189B7F,Saga,Thank You,74.811,2,1,1,-20.491,243.61751
SOYWKEZ12AB0185F3B,Walter Jackson,Its Cool,158.857,0,0,4,-9.903,269.00853
SOOGZTT12AB018A256,Mohammad Nouri,Nastaran,168.527,4,1,4,-15.689,273.94567
SOWIBYR12AB017EB19,R. Carlos Nakai,Voyagers - Improvisation 12,102.02,7,0,3,-26.675,177.31873
SOYFAOH12AB017D723,Elizete Cardoso,Chega De Sausade,52.054,2,1,4,-14.645,206.47138
SODEFJQ12AB0185C52,Anthony Blea Y Su Charanga,Tumba Randy,200.826,11,0,4,-5.434,459.28444
SOAWJZF12A6D4F7DE1,Maria Callas/Giuseppe di Stefano/Ettore Bastianini/Silvana Zanolli/Luisa Mandelli/Giuseppe Zampieri/Arturo La Porta/Antonio Zerbini/Silvio Maionica/Coro e Orchestra del Teatro alla Scala_ Milano/Carlo Maria Giulini,La Traviata - highlights (1990 Digital Remaster): Ah_ non più (Alfredo/Violetta),96.775,11,1,5,-20.02,112.14322
SOASQPW12AB01888D6,CMW - Compton's Most Wanted,This Is A Gang,93.951,8,0,4,-11.36,217.62567
SOMNYPH12AB017F456,Walter Ego,Purple Pygmies,124.136,10,0,1,-10.44,535.45751
SOBUVHE12A8C1408D0,Tayfun,Gözlerinde Hüzün,84.619,3,0,3,-12.078,343.50975
SOCFAPK12AB018A10D,Jay Randall,Mathilda,65.64,9,0,4,-19.547,222.24934
SOEBJPB12AB0188164,Carl Smith,Hey Joe,110.076,2,1,4,-10.208,151.24853
SOEPVDO12A8AE48BF4,Sandy Lam,Ai Ji Mei Gui 1000 Da,109.748,6,0,4,-6.179,299.44118
SOASPIG12A6D4F7422,Ghorwane,Nudez,187.46,2,1,3,-6.479,298.84036
SOMILKP12A8C1443E9,Herb Alpert And The Tijuana Brass,Lazy Day,124.893,5,1,4,-13.414,176.66567
SOJJVKE12A8C139252,Audio Adrenaline,My God  (Audio Adrenaline Album Version),101.241,9,0,5,-9.024,219.11465
SOAPTVO12A8C133113,Deep Forest,Green And Blue,87.001,11,0,4,-9.894,294.39955
SOOETML12A6D4F7704,Francis Dunnery,The Possibilities of Loving You,101.526,9,1,3,-8.023,216.37179
SOHHASC12A8C139D11,Obie Bermudez,Antes (Salsa Version),177.255,8,1,4,-4.561,271.25506
SOKYOBT12A6D4FBBB0,Dimmu Borgir,Puritania,83.108,2,1,5,-3.086,186.56608
SOCHEWB12AC4685ED1,Bonita & Jerry Cormier,Sans ton amour,120.002,0,1,4,-9.737,181.10649
SOCJPYJ12AB0188BCC,Special Duties,I Am The Curse (Duties Demo),135.386,11,0,1,-7.89,162.87302
SOWFODK12A6D4FD35E,Clarence Profit,Tropical Nights,161.387,8,1,7,-24.399,166.97424
SOIHEVW12A8C13D051,Mikey Dread,Pound a Weed,175.628,7,1,1,-9.351,201.9522
SOZRJUQ12A81C1F779,African Rhythm Messengers,baby Wayo,115.196,0,1,4,-10.703,235.28444
SOHHLEA12AB017BD6E,Los Amigos Invisibles,San Agustin,200.039,10,1,3,-9.514,420.62322
SOCVJVC12A67FFB40C,Mando Diao,Popovic,87.785,4,0,3,-4.118,306.18077
SOHWHDA12AC3DF5493,James Blackwood with The Light Crust Doughboys,This World Is Not My Home,116.521,7,1,1,-10.654,138.16118
SOQTEHM12A8C1388E6,Junior Reid,"Boom-Shack-A-Lack (12"" Mmix / Bonus Tra)",158.242,6,0,4,-8.28,326.00771
SOIDUUW12A8C13DF25,Louis Prima And Keely Smith,I've Got You Under My Skin,108.498,10,1,3,-12.675,159.16363
SOUBKZQ12AB0188926,Alphonse Mouzon,The Ram And The Scorpio,96.931,7,1,1,-8.127,355.21261
SOHHZTL12A8C1363B4,Lole y Manuel,Tango de la Flor (Album Version),148.105,6,1,4,-10.905,145.55383
SOMASOQ12AB018ACC8,Ben Sidran,Everybody's boppin',85.952,10,0,4,-12.547,366.0273
SOBKJPO12AC3DFA006,Aeoliah,We Are One Light,130.77,0,1,1,-36.037,295.10485
SOLHKJN12A8C13DEED,King Curtis,Ode To Billie Joe  (Live @ Fillmore West),108.162,7,1,4,-11.968,199.20934
SOGFLWF12A6D4F64AC,Ice Cube Featuring Flavor Flav,I'm Only Out For One Thang (Explicit) (Feat. Flavor Flav),92.482,11,1,4,-6.388,130.7424
SOXXVLE12AB01879AA,The Equals,Michael & His Slipper Tree '93,119.394,4,1,4,-6.607,182.88281
SOEKKDI12A8C13E268,Brazilian Tropical Orchestra,Swan Lake,86.28,4,0,4,-13.615,144.63955
SOCCBQJ12A6D4F9F65,M.A. Numminen,LAIVAMATKA WC:SSÄ,141.358,8,1,4,-10.745,102.79138
SOBXOVB12AC3DF5AA3,Ken Yokoyama,I'm Not Afraid When I'm With You,80.129,4,1,4,-12.964,172.82567
SOMODRR12A8C13EAF6,Gold City,Mighty Army Band,100.022,2,1,4,-8.533,182.25587
SOAHDOA12A6D4FA830,Big Dee Irwin,Swinging On A Star,108.103,10,1,4,-9.931,156.02893
SOCNTQV12A6D4F4ADD,VHS Or Beta,You Got Me (The Juan Maclean Dub),125.999,11,1,4,-6.751,501.13261
SOOIZML12AB0186743,Carl Smith,Hey Joe,124.648,2,1,4,-11.651,136.04526
SOIZKIF12A8C136F40,Charley Patton,Circle Round The Moon,130.975,5,1,4,-24.774,154.87955
SODHRKU12A8C139009,Babe Ruth,A Fistful Of Dollars (1994 Digital Remaster),144.474,11,0,1,-11.024,159.00689
SOXAHRF12AB0186610,Samba Trio,Essa Marie,87.321,9,0,1,-19.271,121.10322
SOUCIGT12AC468E1D7,Tammy Pescatelli,Playboy Foundation,77.081,1,1,1,-22.255,129.82812
SOHRUYI12A8C134C4D,Planxty,Follow Me Up To Carlow,71.337,7,1,4,-14.322,139.72853
SOQZOZZ12A6D4F8134,Pennywise,Lies,119.981,10,0,4,-5.808,242.33751
SOVKRNJ12CF5F876BB,Amy Winehouse,In My Bed,192.668,10,0,4,-3.154,274.99057
SOCVTWK12AB0187F54,Cirrus,Boomerang (Reprise),180.012,5,1,4,-6.149,193.72363
SOPNXEF12AB018C59D,Pheeroan Aklaff,Hispaniola A,135.397,7,1,4,-15.975,145.97179
SOJKKDN12A8AE47D54,Ayo,Down On My Knees,118.509,10,0,4,-10.167,244.06159
SOCBEID12A58A79E49,John Williams,The Imperial March from The Empire Strikes Back,104.32,5,0,4,-15.857,184.45016
SOGTMTG12A8C130480,Junior Reid,Mr Big Man,128.769,7,1,4,-6.487,215.14404
SOLXSAG12AB01874BD,Michael Jackson,Morning Glow,100.648,8,1,1,-8.486,217.96526
SOEGRMM12AB01856CB,Edmundo Ros,The Wedding Samba,120.923,7,0,7,-18.697,174.86322
SOKLAAC12AB01890F7,The Sterns,Supreme Girl,157.751,5,0,4,-4.031,151.82322
SOWPTXM12AF729D122,Pink Floyd,Matilda Mother (Stereo) (2007 Remaster),54.398,4,1,4,-10.813,187.42812
SOBLADF12AB01860F5,Edgar De L'est,Slavinka,125.026,2,1,3,-8.328,317.28281
SONPHXB12A6D4FA61B,Alfredo Kraus/Paul Plishka/Matteo Manuguerra/Sherrill Milnes/Trinity Boys' Choir/Ambrosian Opera Chorus/National Philharmonic Orchestra/James Levine,Caro! (Colline/Rodolfo/Schaunard/Children/Townspeople/Musetta) (1998 Digital Remaster),130.319,5,1,3,-22.785,34.55955
SODLTPJ12A67ADB230,Vangelis,El Greco: Movement III,62.216,7,1,1,-20.42,408.00608
SOQFMFP12AB0188BFD,The Cortinas,Youth Club Dance (Demo),202.179,9,1,3,-9.181,187.24526
SOBKWON12A58291C7D,Rodney O & Joe Cooley,Party,119.074,6,1,4,-14.6,252.23791
SONRULN12A8C1404A0,Daddy Yankee,Baila Girl_ Todo Hombre Llorando Por Ti,97.982,1,1,4,-7.421,181.34159
SOBATVY12A8C134A4C,Righteous Brothers,Little Latin Lupe Lu,135.599,10,1,1,-11.47,130.0371
SOGCGAW12A8C13BF27,Kane,Rain Down On Me,134.115,5,0,4,-5.538,395.83302
SOREBOF12A8C13E102,Why?,You'll Know Where Your Plane Is... (Part 4),119.864,8,1,4,-11.905,110.86322
SONLMRH12AAF3B282D,Steve Chou,Pi Jiu Pao Pao (Beer Bubbles),96.004,2,1,4,-6.793,323.23873
SOVJWQQ12AC468CF19,Blingtones,Stinky Breath,83.226,1,1,1,-6.615,29.72689
SOLTWNN12A8C13FE24,Sam Fan Thomas,African Typic Collection,125.241,2,1,4,-13.856,397.58322
SOEYLSW12A8C131366,Gregory Isaacs,Down the Line,138.039,9,1,4,-11.999,219.402
SOYDJRJ12AC4685EDB,Bonita & Jerry Cormier,La maison ou j'ai grandi,124.193,7,1,4,-11.318,208.79628
SOHDSGQ12A8C141B05,Sunnyland Slim,Tired Of You Clowning,82.654,0,1,5,-13.178,192.02567
SOHMJUP12AC4687BA0,Sara Melson,Anywhere Anytime,167.905,5,1,4,-4.638,164.12689
SOCVXPM12AB0184AC4,Happy Mondays,Hallelujah [Club Mix - Remastered version],196.096,8,1,4,-7.667,389.0673
SOIBGHG12A6D4F7514,Yahir,No Te Apartes De Mi,104.0,9,0,4,-9.044,245.34159
SOLJYHM12AB0186497,Vince Guaraldi,Corcovado,124.391,9,0,3,-18.7,201.42975
SOMGPML12A8C13AE8C,Foals,Red Socks Pugie,156.917,9,0,5,-6.611,315.27138
SOCQBIM12A8C14419E,The London Theatre Orchestra,War Of The Worlds,129.418,0,0,4,-13.057,123.95057
SOBFLPE12A6D4F8687,Michael Jackson,Ain't No Sunshine,152.448,1,1,4,-11.881,251.66322
SOUCHOR12A58A81155,Faith Hill,I Want You (Album Version),119.06,0,1,4,-9.695,246.09914
SOBFTYI12AB01849FC,John Brown,Sarah Palin {I Wanna Lay Pipe} [Remix],130.119,0,1,4,-5.881,196.57098
SOQHIVE12A8C143339,Memphis Jug Band,Going Back To Memphis,143.031,1,1,4,-21.852,146.15465
SOPBSOW12AB01851A8,Capleton,Bumbo Red,97.997,11,0,4,-11.222,217.86077
SOINAZQ12A8C142AF5,James Taylor Quartet,Cleo's Mood,58.135,1,1,4,-2.775,188.94322
SOTDTZN12AB018B3F6,Mush,Test 72,95.988,8,0,3,-13.5,475.74159
SOWDITP12A58A777CF,The Gaskets,Deportees,83.942,5,1,4,-5.619,232.69832
SOVAHWF12A81C23457,Jean Carnigan,Irish Medley - Jigs,185.598,2,1,4,-9.874,177.47546
SODOYEJ12A8C136B43,Mariano Yanani,Why Should I Cry For You,80.008,8,1,4,-18.018,180.71465
SOGPESA12AB0180D65,The Knux,Bang! Bang!,140.119,1,1,4,-4.825,200.25424
SOYGYUY12AB0184DDC,Leroy Hutson,It's Different - Original,169.714,7,1,4,-12.99,281.25995
SOMPGSD12A58A7F840,Between The Buried And Me,Kickstart My Heart (Album Version),89.485,4,0,4,-5.493,295.28771
SOVHCNH12AB0180DD6,The Motors,You Beat The Hell Outta Me,174.628,9,1,1,-11.947,207.85587
SOYXJBB12AB017D968,Gertrudis,Oye,228.461,4,0,7,-7.961,263.47057
SOLLVWH12A6D4FAA5A,Inoki,Parola di faliero,98.533,4,1,3,-3.148,75.93751
SOVYUWD12A5891E85F,Loop Guru,Climax,95.321,5,0,1,-5.666,521.9522
SOZMHGF12AB017E01C,Alan Feinberg,Menuet in the Name of Haydn,70.1,11,0,3,-28.327,155.19302
SOCYRFO12AB018367B,Los Nakos,Las Hermanas Granaditas,108.787,0,1,1,-15.416,131.02975
SOWIMLB12AC468D1F3,Murskahumppa,Mikä mun päässä nykii,148.57,9,1,1,-8.216,61.98812
SOOJJYM12A8C144778,Didier François,Dans cette nuit j'ai envie de me perdre,160.343,2,0,4,-15.665,183.19628
SOYQDMK12A58A799E3,Liquid Gang,I Applaud You  (LP Version),115.861,4,0,4,-5.727,197.98159
SOUBTXD12A8C141B4E,Checkers,Can't Find My Sadie,156.868,2,0,4,-13.08,159.18975
SOJVHBP12AB01877F3,Vince Taylor,Sweet Little Sixteen,180.733,6,0,1,-5.085,200.04526
SORVGNO12AB01842EB,The Refreshments,Midnight,142.367,10,1,3,-7.556,239.41179
SOMWIUL12A8C13C06F,Ray Barretto,Dame Tu Carino,144.722,7,0,4,-8.806,187.34975
SODPLCX12A8C13A2F8,Jimmy Witherspoon,Rain Keeps Falling Down,92.643,1,1,4,-9.825,197.51138
SOMTOKI12A8C13AE40,Karen Peck & New River,Behind The Line Of Grace,123.586,11,1,4,-8.504,218.98404
SOGMBVZ12A8C139077,Kostis Maraveyas,Love Alone,90.0,0,1,4,-10.156,247.7971
SOVQPYC12A8C13B13C,María,Cuenta Conmigo,93.22,9,1,4,-12.178,259.86567
SOMIWET12A8C13EDBD,Adolph Hofner,We Played A Game,105.169,4,0,1,-18.299,152.0322
SOYIFLO12AB01877B3,Word,Il rosso,103.995,8,1,4,-3.96,187.97669
SOVGYMU12A8C135147,Elva Hsiao,Lonley,97.001,10,0,4,-9.917,233.37751
SOELUFA12AB01805B5,Carolyn Arends,Happy,97.958,7,1,4,-6.953,231.36608
SOSLLDN12AB018CA89,Israel & Moises,El Amor De Mi Vida,130.042,11,0,4,-10.543,213.65506
SOYCOEX12AB018B5DF,The Dillinger Escape Plan,Parasitic Twins,120.085,8,0,4,-6.991,281.23383
SOFNUGC12A6BD530ED,Lionel Rogg,Concerto in C major_ BWV 594 (after Vivaldi Op.7 No.5) (2007 Digital Remaster): I. 1st Movement,106.479,0,1,1,-16.536,394.23955
SOEMMUW12A58A77F60,Palito Ortega,Te Fuiste En Abril,103.755,9,1,1,-9.182,134.3473
SOWRPTG12AAF3B1C29,Paul Taylor,Dream State,126.649,5,1,5,-6.514,266.9971
SOPBMDJ12A67AD8666,Rick Ross / Carol City Cartel,It Ain't A Problem,95.585,6,1,4,-6.404,227.57832
SOGMCVY12A8C13584C,Jack Off Jill,Yellow Brick Road,156.804,6,0,4,-11.877,137.9522
SONTEEZ12A8C13EC73,Hevia,Albo,93.037,8,1,4,-4.936,280.2673
SOGHNAC12CF5663C17,Kenny Rogers,Where Does Rosie Go?,154.783,5,1,1,-12.965,135.36608
SOABUIH12A6D4F8DB3,Hecklah & Coch,Ihr hated nur (P-Dog Remix),91.767,8,1,3,-4.006,263.33995
SOAEEXM12A8C13D6E3,The Bug Featuring Spaceape,Fuckaz,96.02,2,1,5,-7.843,327.99302
SODBRHC12A8C141562,Erik Tronic,Kyotronics,129.977,9,1,4,-7.352,257.09669
SOKSIJS12AC468CB3B,Fred Merpol,Y'a d'l'abus,156.371,1,1,1,-12.209,209.26649
SOUAMVI12A58A7A7D7,Bombay Rockers,Rock Tha Party,109.984,8,1,4,-4.336,212.71465
SOCWFBD12AB018BB72,Roberto Perera,A Puro Dolor,129.988,7,1,4,-10.925,224.93995
SOZSFWO12A58A79215,Koordinate Of Wonders,Castle of KoFW,158.913,0,1,4,-9.325,218.74893
SOFWNNU12A8C13BCB3,Montserrat Caballé,The Phantom Of The Opera/Wishing You Were Somehow Here Again,71.285,10,1,3,-15.585,198.13832
SOZNQQQ12AF72ABF9F,Ray Barretto,Vine Pa'echar Candela,129.151,2,0,1,-9.086,348.76036
SOYBZCP12AB018042D,Nestor Torres,Peace With Myself,93.975,10,0,4,-9.94,249.44281
SOBOUQL12AB0181364,Marlene Dietrich,When Love Dies,82.286,10,1,1,-22.166,190.04036
SOJGADT12A81C22EAB,Beenie Man,Politrix,98.028,8,1,4,-6.109,213.10649
SOBAJTX12A8C13175F,Mongo Santamaria,Soca Mi Nice,129.871,0,1,3,-9.396,235.49342
SODKDRR12AB0186636,Leroy Hutson,Never Know What You Can Do (Give It A Try) - Original,151.064,10,0,4,-13.525,228.49261
SOZRYQY12AB0188BE0,Paulo Flores,Poema do semba,218.093,7,0,7,-7.775,337.08363
SOHMAOS12A8C134A75,John Williams,Everything I Do from Robin Hood,138.63,4,1,4,-15.519,268.90404
SOBJZRJ12A8C13EB0C,Greater Vision,Carol Of The Bells (Instramental Featuring The Budapest Pops Orchestra),184.529,0,0,3,-11.326,113.42322
SOWPPKS12AB018E2F5,Aesop Rock,Train Buffer,102.429,7,1,4,-5.683,243.56526
SOACUIU12A6D4F715B,Devo,Going Under,94.48,6,0,4,-16.619,205.50485
SOKUTVW12A6310D81B,Rakim,Skit,45.554,5,1,1,-18.83,19.12118
SOJHOTE12AB018B253,Styles P & The Evil Genius DJ Green Lantern,Shadows,167.873,7,1,4,-9.338,235.04934
SOUEARP12A58A7D643,Ann Nesby,Tables Turn,88.008,11,0,4,-8.578,243.01669
SOIVZJD12AB0182EDD,The Shamen,Heal (The Separation) [PM Dawn Alt. Lead Mix],109.96,10,0,4,-9.198,280.31955
SOHBHOE12AB01840A9,Mademoiselle Sane,La petite boite en fer,63.154,11,0,4,-11.875,217.62567
SOKHYFG12A63110822,Gorillaz,Rock The House (Explicit),171.918,1,1,4,-7.033,249.93914
SOEFJXQ12A670200C8,Danny Wright,Carol of the Bells (Album Version),95.995,7,0,3,-17.041,240.53506
SOVTFUO12A6310D813,Burning Spear,The Invasion (Aka Black Wa Da Da),146.392,9,1,4,-12.763,334.31465
SOWZVLJ12A58A7C2C8,Passion,Jesus_ Lover Of My Soul (Bonus Stereo Trax),114.303,10,1,4,-16.307,253.41342
SOMVAUS12AB017D665,Midwest Product,Motivator,141.002,10,1,4,-8.874,301.73995
SOHKXAC12A58A7F6E5,From Autumn To Ashes,IV,97.169,4,0,3,-12.063,147.64363
SOKWBGF12AC3DFB033,Thomas Battenstein,East West,134.132,5,1,5,-13.774,342.20363
SONHWEW12AF72A7F22,Atreyu,Gallows (Album Version),138.536,5,0,4,-3.639,208.66567
SOFGOUH12A8C13A250,Grup Knar,Ay Nare Nare,120.093,2,1,1,-9.421,381.70077
SOLCJXU12A8C134178,Warrior King,Breath Of Fresh Air,83.831,0,0,1,-6.937,225.77587
SOXTXZQ12AB017D2C9,Taking Back Sunday,You Know How I Do [Live From Bamboozle],165.145,3,1,4,-5.534,227.57832
SODRFQW12AB0186454,Jean Lumière,La chanson des genêts,124.113,5,1,1,-11.333,183.43138
SORDEHU12A8C13E640,Buju Banton,Destiny,134.941,1,0,4,-7.38,239.0722
SODPIYB12AB0184BFE,Patrick Eudeline,La Nuit,116.975,9,0,3,-8.969,188.21179
SOIFVXW12A8C13FA2B,Piero Esteriore,Io Vivo,100.071,0,1,4,-6.212,246.54322
SORTGBA12AB018A917,Lara,Café Sarajevo,109.318,9,1,4,-11.809,190.85016
SOOUQAZ12AB017BDB0,Sonny Landreth,She Left Me A Mule ,87.669,6,0,1,-12.617,212.63628
SOOQECN12AC468957E,Save As,Fanfara,85.33,10,0,3,-11.042,228.98893
SOQBYJC12A8C1358D9,Daniel Johnston,To Go Home,131.011,0,1,4,-12.664,270.78485
SOWNKBE12A67FFB39F,Redman / Saukrates / Icadon,Get 'em,231.264,4,0,7,-13.57,204.19873
SOAQLJU12AB0185B2A,Workhorse,High Horse,85.209,7,1,3,-7.2,251.402
SOBUVXZ12AC9075605,Helen Love,Calm Down Dad,205.016,11,0,4,-4.737,143.15057
SOQLXRZ12AC468BC3F,Connemara Stone Company,Dragonfly,123.36,2,1,4,-7.179,192.10404
SOMXAFA12AB018C537,Hard Romantic,Romanza,81.974,10,1,4,-18.479,267.7024
SOJDYFO12A8C141BA4,Rita Chiarelli,Tu Vuo_ Fa_ L_ Americano,95.508,2,1,4,-13.083,278.33424
SOTAEHU12A8AE47888,The Chico Hamilton Quintet With Fred Katz_ Paul Horn_ John Pisano_ Carson Smith,September Song,67.452,0,0,4,-23.596,218.48771
SOWEZSI12A81C21CE6,Gipsy Kings,Tu Quieres Volver,165.006,5,0,1,-8.403,194.87302
SOEUWYJ12A8C144BE8,Humble Pie,Intro/Whatcha Gonna Do about It,93.716,9,0,4,-11.088,288.02567
SOHHVZZ12A6D4F9848,Sleepy John Estes,Stop That Thing,96.982,11,1,1,-15.832,163.91791
SOUKRER12A8C13BDE1,Lidell Townsell,Duh Duh Da,125.013,9,0,4,-9.926,201.82159
SOQTINJ12A58A7DD36,P.O.S,Drumroll (We're All Thirsty),108.279,1,1,5,-5.924,156.83873
SOJCRCO12A6D4F89BA,DJ Clue / P. Diddy,Intro,81.229,2,0,3,-23.129,64.70485
SOFPBVZ12A8C135C19,Dynamix,Bodyfly (Dynamix original version),85.326,8,1,3,-5.927,451.02975
SOFXZWI12AB0180B8D,Gathering,Brampton To Roadhead,95.035,7,1,4,-9.989,242.93832
SOGZRCP12AC960D91D,Helen Love,Bigbigkiss,162.101,2,1,4,-9.559,213.39383
SOHGUVY12A6D4FD2D5,Languis,Cable,126.999,1,1,7,-16.595,199.00036
SOOCGEI12A6D4F9624,Tracy Byrd,Walking To Jerusalem,116.625,2,1,4,-7.56,209.08363
SOBJVKE12A8AE44914,Basic Channel,Q1.1 Edit,160.546,10,0,5,-23.563,62.92853
SOLUWQF12AB017DBDC,Mills Brothers,Youre nobody till somebody loves you,124.906,2,1,4,-7.704,79.64689
SOBRDLW12AC468A908,Sue Foley,She Don't Belong To You,105.21,7,1,4,-6.278,224.65261
SOHVCVM12AB018E396,Barry Mann,Here You Come Again (LP Version),106.687,1,1,4,-9.741,170.44853
SOCJHAZ12AB0181CE2,Ben Sidran,Blowin' In the Wind,68.479,5,1,5,-17.336,307.80036
SOGBMQD12AB018F2A0,Krayzie Bone,Let It All Go,181.03,6,1,4,-4.982,175.5424
SODCZXW12A6D4F97F5,Jimmy Page,Hummingbird,139.015,0,1,4,-13.865,322.97751
SODHFOI12A58A78491,Dark Shadows,Departure / End Title (Love Theme From Night Of Dark Shadows),61.349,7,1,5,-21.277,115.43465
SOPYDMS12A8C13676F,Jim Kweskin with Samoa Wilson,Brother Can You Spare A Dime (Album Version),74.045,9,1,4,-12.375,325.35465
SOXMSNK12AF72A8850,Jim Jones featuring Oshy,This Is For My Bitches,121.978,6,1,4,-4.62,224.31302
SOEEANS12AB0184A71,Joy Division,The Sound Of Music - [High Wycombe Town Hall Live 13 July 1979] (Sound Check),117.339,1,0,4,-6.521,245.34159
SOJJZTV12A6D4F6F6C,Light Of The World,"Pete's Crusade (12"" Version) (2006 Digital Remaster)",120.878,0,1,4,-12.262,251.92444
SOEHDVV12A8C140A53,Mariano Yanani,Canon In D Major (J. Pachelbel),126.273,2,1,4,-16.922,192.41751
SOFUNPG12A58A7F017,Rocky Whatule,Friends Of All Races,96.591,0,1,3,-8.606,283.74159
SOWZQFZ12AB018AC54,Aphasia,"non-existent track (part one: ""why don't you fuckin' remember anything ?"")",192.063,6,1,5,-7.468,244.32281
SOFNHOT12A6D4FB296,Michelle Tumes,Love Shines Through  (Dream Album Version),120.028,5,1,4,-5.165,232.22812
SOYYJNB12AB0184408,Beherit,Suck My Blood,149.069,2,1,4,-5.268,266.89261
SODKZLY12A8C13F228,EPMD,Jane 5,86.819,1,1,4,-8.667,161.35791
SOMWLTZ12AB0182E86,Casiotone For The Painfully Alone,White Jetta,180.094,1,1,4,-9.31,197.25016
SOWSIVF12AB018D3D1,Architecture In Helsinki,Need To Shout,139.999,9,1,4,-10.414,249.28608
SOONWRV12A8C138371,Jack Johnson and Friends / Matt Costa,Fall Line,150.519,3,1,4,-11.234,136.30649
SOQWLMX12A67020B04,City High,Sista,159.975,8,0,4,-7.99,231.33995
SOTYYYZ12A58A7D468,The Frequency,Own Me,153.667,7,1,4,-11.221,284.682
SOYEVCP12AC9E17E09,Britney Spears,Someday (I Will Understand),0.0,3,1,1,-23.555,1.04444
SOFUDES12AB018E6C8,Caballo Dorado,Me vuelves loco,161.486,2,1,4,-8.221,190.22322
SOVQFUY12AB018A77D,Mohammad Nouri,Morghe Eshgh,85.56,3,1,3,-17.661,224.02567
SOOUNZH12A6D4F9584,Soul Asylum,Don't It (make Your Troubles Seem Small) (Album Version),195.005,0,1,1,-11.71,168.93342
SOPDHNR12AB017BDB9,Eko Fresh feat. Capkekz,Das ist mein Viertel,94.998,8,1,4,-2.653,236.14649
SOAORIB12AC9072D42,Barbara Fairchild,The Other Side Of That Hill,151.676,2,1,4,-8.159,329.24689
SOJNRPI12AB018E779,Big Star,Watch The Sunrise [Live at Lafayette's Music Room_ Memphis_ TN_ January 1973],160.68,4,0,4,-7.724,241.60608
SOFPFTF12A8C14172C,TEN MADISON,Elementro,92.699,11,1,5,-7.495,405.41995
SOUGTLE12A8C14547F,Moon Mullican,Kangaroo Blues,95.278,7,1,4,-20.884,173.24363
SOILNCG12A6D4F9D6C,Sergio Mendes,Tem Do de Mim (Live At El Matador_ San Francisco),179.609,7,1,4,-19.397,161.59302
SOXDBMM12A6D4F9C58,Michael Card,Arise_ My Love (Song Of Solomon),93.542,9,1,4,-21.716,208.50893
SOHEWXI12AB018960E,Chroma Key,Salvation,120.091,4,0,4,-11.242,160.31302
SOQMROZ12AF729B758,The Red Jumpsuit Apparatus,In Fate's Hands (Album Version),199.004,0,0,4,-2.983,208.79628
SOSUVLO12A8AE487E6,Anna Abreu,Shame,143.864,4,0,4,-6.692,205.45261
SOCRSPK12A8C142FF8,Mykill Miers,Listen,91.16,11,0,4,-14.249,236.5122
SODUSRP12A6D4FA762,Rachael Starr,Till There Was You (John Creamer & Stephane K Remix),127.996,11,0,4,-10.289,608.23465
SOCBUSG12AB0180568,Lonnie Brooks,Two Guitars Shuffle (take 1),124.471,9,1,1,-12.302,351.73832
SOBHYLB12A8C1424C4,Don Gibson,I Love No One But You,123.531,4,1,4,-14.257,169.63873
SOCYTTZ12A8C1316EC,Stanley Clarke,What If I Forget The Champagne,123.352,7,1,4,-13.455,312.76363
SOFUNWZ12AB01831A9,Hélio Ziskind,A história do incêndio do jequitibá de Carangola (Part 1),128.636,6,0,4,-15.316,143.67302
SOWDGVW12A8C13B9B7,Rancid,Meteor Of War (Album Version),168.752,1,1,1,-3.869,81.10975
SOZNTWU12A8C1453CF,Joe Turner,Nobody In Mind,84.737,1,1,3,-20.075,171.65016
SONYDNP12AB0186DCE,George Nooks,Your Love (Got a Hold of Me) instrumental,179.888,2,1,1,-5.641,252.3424
SODICFT12AB01836D3,Jim Kweskin,Kaloobafak [I'm Confessin' (That I Love You)] (LP Version),63.993,0,1,1,-18.638,235.31057
SOLRXEG12A8C13D5E7,Justin,Wo You Jin Ri,120.016,5,1,3,-9.226,298.10893
SOHWNYG12A81C208D4,Atman,All Is One,89.385,6,1,4,-7.77,433.94567
SOQSPFC12AB018C494,The Pineapple Thief,Run A Mile,140.077,0,1,4,-7.715,399.82975
SOSJWQO12AC9070E86,Carl Davis,Cranford: Deborah's Vigil,80.959,7,1,7,-24.082,167.20934
SOQVVDQ12AB018300C,Diesel Boy,Dragonfly,205.553,0,1,4,-4.564,140.06812
SOUMTXR12AB017BAB4,S.U.P,4tx.31b,154.01,0,1,1,-9.748,274.54649
SOFJQSW12A58A7DD3B,Daniel Johnston,Oh No,105.641,8,1,5,-24.905,237.68771
SOCHHXJ12A6D4F8E9B,Sophie B. Hawkins,32 Lines (Album Version),129.316,7,1,4,-7.838,302.86322
SOCPWFB12A6D4FA899,Georges Parys,Levallois Monte Carlo,90.278,4,0,3,-15.88,155.58485
SOLMXIE12A8C1429A8,Circle Jerks,Question Authority,173.669,1,0,4,-10.18,122.64444
SOZIQEG12A8AE46F8E,Deville_ Willy,Loup Garou,103.258,9,1,4,-13.75,291.91791
SOZIQBP12A58A79F4E,Dark Shadows,The Taking Of Angelique,110.933,11,1,1,-24.522,67.05587
SOVKHXD12A67020C86,Jake Hess,So Many Reasons,92.76,6,1,4,-13.478,168.77669
SODWIDL12A6D4FA5F2,Cal Tjader,Anyone Who Had A Heart,118.596,10,1,1,-18.896,200.12363
SOFOXRS12AB017BD2E,Fiona Sit,Xin Bu Liao Qing,99.977,5,1,4,-6.327,232.48934
SOOQPIK12A6701F1C5,Jack Johnson,Fortunate Fool,128.684,8,0,4,-10.736,228.70159
SOIMRXV12A58A7F1B5,Fabolous,Trade It All PT2  (Early Fade Amended Version- Bonus Track) (featuring P. Diddy & Jagged Edge),96.708,6,1,4,-5.268,246.33424
SOOBTKZ12A58A7B0B0,Elvin Bishop,I'll Be Glad,100.173,0,1,4,-4.559,335.69914
SOKHMJO12AB01832DA,Nick Cave & The Bad Seeds,Wings Off Flies (2009 Digital Remaster),103.145,4,0,3,-11.936,246.46485
SORYBLZ12AF72A4286,Showbread,Nothing Matters Anymore,164.963,9,1,4,-3.708,252.21179
SOYIXMY12AF72A0734,Bruce Springsteen,Working On The Highway,183.709,0,1,4,-11.516,191.99955
SOXXZFP12A8AE47061,Showbread,The Pig,110.235,10,1,4,-5.586,197.79873
SOUEILW12AF72A5701,The Gathering,Gaya's Dream,87.797,0,1,4,-11.098,363.31057
SOUBGQW12A6D4F8CE5,Timbalada,Maracaia,180.06,10,0,4,-7.203,242.1024
SOYQWAD12A8C139316,B.A.D.,Chu Hsin,121.993,7,0,4,-6.65,241.81506
SOZQFDN12A6D4F8D09,Arne Weise,Sommarens sista mås,144.082,0,1,4,-15.879,198.24281
SOVSJKJ12AB0183DB7,Jay Pérez,Ya Basta,104.387,0,1,4,-6.01,193.802
SONIRES12AB01872D2,Marty Robbins,DEU470956112,140.73,2,1,4,-8.116,129.67138
SOUYPSW12A8C138902,Hank Penny,Wang Wang Blues,95.95,5,1,4,-13.159,126.95465
SOJYIEV12A8C130AAB,Mario Rosenstock,Radio Jay,100.091,9,1,3,-7.839,361.82159
SOHJNUH12AB01891DE,Johnny Nash,There Are More Questions Than Answers,163.257,4,1,1,-12.43,167.26159
SOUOWYN12A8C13501F,Jason Miles,Suba,196.004,6,0,4,-8.699,256.20853
SOIPFOS12AB0183721,Bimbo,Lebaran,147.991,9,0,4,-7.687,288.86159
SOMWYQW12AB018373C,Samba Mapangala and Orchestra Virunga,Siri,97.817,7,1,7,-9.417,301.66159
SOISNKR12A8C139DFA,Catherine King/Matthew Schwinghammer/The American Boychoir,Trois Noëls québècois (trad): Gabriel,101.672,9,1,1,-29.374,125.3873
SOXMDLV12A6701E69E,Falling Into Place,Cell (Album),138.045,6,1,4,-9.785,293.72036
SOWJQRR12A6D4F725C,Wet Wet Wet,Love Is All Around,84.084,10,1,4,-6.574,246.38649
SOGKSAD12AF72A35AA,Chris Standring,Through the Looking Glass (jazz),109.997,8,1,7,-9.435,261.0673
SOKCPLP12A6D4FB42E,Bob Newhart,General Chariot Corp. (LP Version),78.785,9,1,5,-19.242,326.29506
SOVXVKR12AB017F9C6,Finntroll,Ormhäxan,180.06,2,1,4,-5.73,278.93506
SOCCQJE12AB018722F,BB King,She Don't Move Me No More,52.932,11,1,4,-12.967,186.40934
SOYULPJ12A67021002,Beautiful Creatures,Wish (Album Version),151.508,6,1,4,-4.763,263.96689
SOVRDND12A8C13AE30,Kent,Markus sång,121.6,5,1,4,-8.669,215.562
SOTYJVR12AC468B3BD,Moonspell,Alma Mater,117.593,2,0,4,-5.255,318.9024
SOLDLXG12AB0185707,Nightwish,Beauty And The Beast,78.959,5,1,3,-4.657,382.58893
SOMTRKO12A8C134D55,Black Flag,Police Story,114.378,2,0,1,-12.206,92.36853
SONCMDH12A58A7C500,Joe Lynn Turner,Knock Knock,161.063,7,1,4,-6.604,231.1571
SOEEQKB12A8C143340,The Fureys,The Lonesome Boatman,117.85,4,0,3,-20.58,234.50077
SOWRKPT12AC468E5D5,Walter Hawkins,Never Alone,129.761,1,1,4,-13.75,468.00934
SOVAKME12AB01892EE,Wamdue Project,Washes Over Me,123.984,11,0,4,-10.412,422.24281
SORVNPU12A8C134C36,Planxty,Junior Crehan's Favourite - Corney Is Coming,202.789,7,1,4,-14.873,156.18567
SOHJIWJ12AB0184EF9,Weezer,Dope Nose,127.407,10,0,4,-5.477,137.37751
SOKTSYD12A8C13CB8F,RUN-DMC,Bob Your Head,64.101,1,0,5,-12.654,227.5522
SOZEGIU12AB01895A8,Eddy Raven,Love Lifted Me,115.591,7,1,3,-12.994,141.68771
SOUFPAB12A8C1382E0,The Jeff Healey Band,It Could All Get Blown Away,94.543,2,1,4,-7.535,283.03628
SOQWNGK12AB01897E2,Anthony Cruz,Make it up,95.37,0,1,4,-11.398,264.14975
SOGBVJQ12AB01834A1,Jacques Douai,Le Roi A Fait Battre Tambour,73.716,2,0,5,-16.243,143.43791
SOHRNFL12A6D4F9978,Sammi Cheng,Luo Cuo Che,87.099,9,1,4,-12.611,295.57506
SOUFDQA12AB0189758,Thomas Battenstein,Jag Vet En Dejlig Rosa,98.241,7,0,1,-18.529,175.90812
SOACDZP12AB0188A3C,Hector,Hannikaisen baari,133.088,4,1,1,-13.98,282.64444
SOKUUOE12A6D4F80EB,Devo,Sloppy (I Saw My Baby Gettin'),88.841,4,0,4,-11.704,159.89506
SONNXKA12AB018A294,Geiom Feat. Marita,Reminissin',140.022,1,1,4,-9.983,363.38893
SOVCPCV12AAFF41B75,Pep Laguarda & Tapineria,Caseta del Plater,125.262,0,1,4,-16.265,340.53179
SOAVTUX12AB0181896,Rod Bernard,Cajun Honey (Cajun Lovin' Style),155.254,0,1,4,-14.314,103.44444
SOTSHSR12AB01899B6,Eyes Set to Kill,Play The Part,97.497,8,1,4,-4.392,158.95465
SOHMIMK12AB018A437,Keep Of Kalessin,Many Are We,110.044,3,1,4,-5.377,292.41424
SOXFDJD12AB018580A,Ann Lee,2 People,170.373,0,1,5,-5.625,217.62567
SOZQJKU12A8C13A0C1,Jefferson Starship,Fading Lady Light,122.348,10,1,4,-8.365,220.52526
SOFKPLB12AC95F0493,The Irish Tenors,The Croppy Boy,142.612,10,1,3,-21.999,283.55873
SODYJJO12A58A7C861,Mississippi Mass Choir,It's Good To Know Jesus,116.49,1,1,3,-13.448,221.90975
SOGIUHH12A8C138CE0,Lonnie Johnson,South Bound Water,86.761,11,1,1,-23.005,189.98812
SOANWEY12A58A7B504,DAVE MATTHEWS BAND,Tripping Billies,125.159,11,0,1,-4.62,289.09669
SOSELMV12A6D4FCF5A,Amy Winehouse,Valerie,96.224,5,0,4,-7.256,229.85098
SOEKVHT12AB018D3D0,Glad,O For a Thousand Tongues,105.364,9,1,7,-14.807,202.55302
SOKZIXZ12AAF3B2CEC,The Antripodean Collective,The Very Conscious,60.641,0,1,5,-12.044,720.53506
SOLJQBW12A6702187B,Gorillaz,November Has Come,84.141,10,1,5,-8.317,160.96608
SORXZTW12AB0183775,Martin Sexton,Things You Do To Me,137.765,1,1,5,-9.071,256.62649
SODOSRS12A8C144552,Pat Travers,It Ain't What It Seems,138.966,11,0,1,-7.284,225.20118
SOWEUOO12A6D4F6D0C,Linkin Park,Given Up (Album Version),100.073,4,0,4,-4.034,189.28281
SOPVANN12AB0186E36,The In Crowd,Back A Yard,121.713,1,0,4,-8.333,266.81424
SOWXZFY12A8C13807F,Magic Systeme,1er Gaou,120.693,0,1,4,-7.715,287.34649
SONPYGH12A6701F6CF,Eazy-E,I'mma Break It Down,115.692,8,0,4,-8.078,208.32608
SOUKMIK12A6D4F671E,Bryan Ferry,Ja Nun Hons Pris,82.568,7,0,3,-18.161,35.65669
SOZXLAE12AB018AB74,Jean Lumière,Je suis le passeur du printemps,140.741,10,1,5,-11.092,144.19546
SORXPDE12A81C215EC,Scott Ainslie,Chumpman Blues,180.381,2,1,4,-11.411,175.04608
SOREOJO12AF72A6BB7,The Shangri-Las,Bull Dog,93.413,7,1,4,-7.597,157.85751
SOHYFHW12AB01849D8,Tyree,My M.B. Thang,161.272,1,0,5,-9.752,399.93424
SOXJASM12A8C13BB05,Cabas,Como Nuestro Amor No Hay Dos,216.023,0,1,1,-6.399,207.82975
SOIILNW12AB017DBD6,Flink,Russian Doll,131.955,2,1,4,-4.258,273.10975
SOBUDGS12AB0184923,The John Buzon Trio,I Can't Believe That You're In Love With Me (Digitally Remastered 95),125.073,0,1,4,-17.419,140.56444
SOLDPPH12A6D4F7F89,Heaven 17,Come Live With Me (12'' Extended Version) (2006 Digital Remaster),96.859,10,1,4,-8.015,273.84118
SOLKVUE12AB018352E,Robert Lockwood_ Jr.,Big Legged Woman,117.981,9,1,3,-9.763,278.38649
SOMZVHH12AB017D9B3,Sivuca,Forró Praieiro,143.311,0,1,7,-14.36,202.78812
SOZCOFD12AB0189AC5,Charlie Walker,Pick Me Up On Your Way Down - Original,144.265,5,1,4,-15.912,152.73751
SOIIEVJ12AB018564E,Der Plan,Schauet Her!,121.834,1,0,1,-13.546,34.32444
SOHWHCE12A8C133385,The Statler Brothers,Shenandoah,104.068,10,1,4,-16.822,201.27302
SOVGUDZ12AB017E644,Eko Fresh feat. Ado,Ich bleib so wie ich bin,126.693,10,0,1,-5.771,215.92771
SOUAFUV12AB018A8FC,Peloton,Beloki,70.229,4,1,4,-21.519,238.05342
SOZKPDV12A8C136A4E,Wilks,Brightess night,90.006,5,1,4,-8.527,256.07791
SOLWFYL12A8AE47B48,Paul Buckmaster,Dunn's Revenge,134.56,10,0,3,-32.586,123.76771
SOBBSDX12AAF3B33A9,Evolution,My Own Way,97.015,5,1,4,-6.047,208.50893
SOKFHLV12AB0187A2F,Lonestar,Y.O.U. (Album Version),125.022,0,1,4,-3.321,214.12526
SOKQQDO12A8C13471A,Paul Buckmaster,The Interrogation,161.665,10,1,7,-24.112,73.50812
SOBMAHU12AB017FA30,Faron Young,It's Four In The Morning,141.772,9,1,1,-23.907,159.79057
SOOYPCQ12A6D4FC50A,The Jordanaires & Orion,Joy to the World,106.317,10,1,4,-16.102,97.69751
SOSSDRI12A8C13B97E,Sandra Mihanovich,Cuatro Estrofas,122.072,11,0,4,-13.328,263.18322
SOSYGHA12AB0186AEC,Charlotte Gainsbourg,Le Chat du Café des Artistes,150.256,1,0,4,-9.838,241.65832
SOMSGDK12A8C14032F,The Prefects,Background Music: The Greatest Ever Punk Sing-Along! (Live),104.521,9,1,4,-19.468,266.57914
SOADJAQ12A8C13F520,Paul Avgerinos,Song Without End,91.405,9,1,3,-18.208,324.51873
SOZVZWP12A58A7BAD1,Seal,Show Me (Acoustic Version),119.772,4,1,5,-15.808,117.78567
SOPTTLQ12A58A7B12B,Pennywise,6TH Avenue Nightmare,200.877,9,1,4,-5.111,159.89506
SOLVZZO12A8C130E19,Dixie Chicks,Give It Up Or Let Me Go,103.863,2,1,4,-6.98,296.30649
SOKTKHO12A58A7CDA5,Slum Village,Climax (Instrumental Mix),95.599,1,0,4,-8.42,200.61995
SOJFVGM12A8C13E2B2,Bomb Squad,BOMB SQUAD,109.614,3,1,7,-12.054,191.11138
SOIZLKI12A6D4F7B61,Muse,Supermassive Black Hole (Album Version),120.01,7,1,4,-3.313,209.34485
SOGEWLT12AB018A185,Frank Chacksfield,Theme From the Victors,95.611,3,1,1,-20.139,142.65424
SOMQKIK12AB01824F5,Alceu Valença,Na Primeira Manhã,121.988,0,1,4,-9.785,162.84689
SOBEXVO12AB0180C53,Cam'Ron,O.T. (Skit),215.0,7,1,3,-28.603,24.73751
SOCZUUF12A58A7BE8C,Bon Jovi,Wildflower,93.044,7,1,4,-6.083,253.83138
SOWMHFS12AB017F85E,KMD,Change Your Mind,119.961,4,1,4,-10.877,239.12444
SOITIZR12A8C13BA50,Blind Lemon Jefferson,Wartime Blues,162.496,10,0,4,-19.308,185.41669
SOAGEUK12A8C137581,Nana Mouskouri,Only You,137.476,2,1,4,-11.778,175.12444
SOQUAKN12A8AE486C2,Fruko Y Sus Tesos,La Fruta Bomba,84.751,8,1,7,-8.588,242.75546
SOIMAKW12AB01887BF,The Merry Macs,Dolores,71.27,8,1,4,-18.692,194.84689
SOVLRKB12AC4687C3B,Time Zone,World Destruction (2005 Digital Remaster),92.499,7,1,5,-7.532,233.63873
SOTLKVX12A8C13BE9F,Bobby Pulido,Alma De Metal,100.252,9,1,1,-8.88,216.31955
SOWKNZT12AC4688FC9,Eddie,Beautiful Lies,153.942,7,1,4,-10.558,317.962
SONWSOW12A8C13BC80,Rickie Lee Jones,Danny's All-Star Joint (LP Version),143.497,1,0,4,-14.071,246.62159
SOGUUTM12A58A7AAD9,Stefon Harris,From the Gardner Meditations: African Tarantella,70.875,1,0,1,-12.169,538.27873
SOLRVTS12A8C139D5B,Ramón Vargas;Vesselina Kasarova;Vladimir Jurowski,Werther - Lyric Drama in four Acts/Act III/Toute mon âme est là,158.715,6,0,3,-17.677,333.92281
SOBDGEJ12A8C13F71A,Rauni Pekkala,Miesten tähden,93.657,1,1,4,-9.812,162.14159
SOKLDSG12AB0188032,Alex Gopher,Song For Paul,80.012,4,1,4,-12.836,164.0224
SOBZUIG12A8AE48C94,Twista,Girl Tonite (featuring Trey Songz)  (Explicit Chopped & Screwed Version),124.734,1,0,4,-7.482,259.70893
SOGRXZY12A8C139043,Simply Red,Thrill Me,93.975,2,0,4,-6.289,303.96036
SOFCFGG12A6D4FB5F8,Telecast,Covered (The Beauty Of Simplicity Album Version),84.951,4,1,4,-14.258,197.98159
SOASNQV12A8AE48819,The Prodigy,Charly (Trip Into Drum And Bass Version) (Remastered),96.732,1,1,5,-6.361,312.86812
SORKPES12A8C137BFA,Loretta Lynn,I'd Rather Have Jesus,79.181,8,1,3,-13.797,161.48853
SOUDEWA12AB018532F,The Chi Lites,Toby,149.394,8,1,4,-9.957,170.70975
SOYHZYO12A8C1391D8,Bob Wills,Yearning Just For You,88.301,2,1,1,-12.009,160.26077
SOUJQJI12AB0183C80,María Elena Walsh,Canción De Títeres,111.104,1,1,4,-11.836,114.80771
SOPWHEV12AB017DC10,God Lives Underwater,Don't Know How To Be,169.966,2,1,4,-5.66,215.40526
SOGUTKT12A8C1442E4,Bob Hope,Merry-Go-Runaround,133.325,8,1,1,-13.21,147.722
SOAOFAT12AB018975D,Don & Juan,Sincerely,98.442,2,1,3,-10.666,148.16608
SOOAUWY12A8C14301D,Mack and Jamie,Althea Cooley,118.668,9,0,3,-14.629,27.6371
SOLXDDC12A6701FBFD,Eminem,I'm Back,180.168,11,0,4,-3.989,312.2673
SORWVEZ12A8C13C031,An Cafe,ONE WAY LOVE,152.988,6,1,4,-3.856,276.13995
SOCORMS12A67AE124F,Eric Burdon,Devil's Daughter,80.031,5,1,4,-8.737,262.97424
SOYKZHI12A58A7BEE9,Fake Problems,Tabernacle Song,103.776,0,1,3,-7.246,195.47383
SOHCGST12AB0185F64,Pyranja,Anfang Vom Ende,96.264,11,0,3,-9.255,60.55138
SOBQJCE12AB0183BB3,Steve Green,Forgive Me (High Key-Premiere Performance Plus),99.619,5,1,4,-16.941,211.722
SOTMRJU12AC9074F64,The Perrys,I'll Pray For You,82.487,6,1,3,-16.076,255.26812
SORNYFV12AF729F4A0,Héroes del Silencio,El Mar No Cesa (Live),159.483,4,0,4,-8.85,198.89587
SOEDFBN12AC9072EFE,Anthony Watson,I'm Gonna Take My Time,163.902,11,0,4,-6.567,259.83955
SOYKMPM12AB0188163,Jimmy Riley,Amaze,159.96,1,1,4,-5.651,215.24853
SOXQCMS12AB018591C,Bruisers,2 Fists Full Of Nothing,135.233,9,1,4,-10.419,289.01832
SOCYLNE12A81C223ED,John Travolta / Christopher Walken,"(You're) Timeless To Me (""Hairspray"")",128.685,4,0,4,-9.021,287.16363
SOCXULH12A8C13F551,Paul Avgerinos,In My Heart,85.558,9,0,4,-28.406,338.96444
SOWPSXC12A6D4FB04D,ATB,Collides With Beauty,136.967,0,1,4,-6.615,349.04771
SOMPUMW12A8C13D654,Selena,Cien Anos,90.602,2,1,4,-5.266,190.35383
SONRWFT12A6D4F983A,The Misfits,Dig Up Her Bones,111.153,10,0,4,-5.128,181.21098
SOILVKO12A8AE486B1,Eurythmics,A Little Of You,111.122,1,1,4,-4.21,236.61669
SOWIAKP12AC3DFA050,Small Faces,Spoken Word / Ogdens' Nut Gone Flake / Spoken Word,77.09,9,1,1,-12.211,248.24118
SOJDXQI12AF72A580E,Yellowcard,One Year_ Six Months,89.896,7,1,4,-7.063,208.79628
SOBLYYF12AB018924E,Kira,Song For Stephin Merritt,69.167,4,0,4,-10.134,193.17506
SOSWNTH12AB017EA7C,Gabriel Grossi,Cai dentro,143.86,7,1,4,-7.773,253.43955
SOFLQOA12AB0182976,Jeanie Lambe & The Danny Moss Quartet,My Funny Valentine,67.6,10,1,4,-15.096,204.61669
SOEBTAK12AB018BEA5,Fabián,Mis calles de arena,169.981,5,1,4,-7.066,241.68444
SOOBFRV12AB0184739,Ray Lynch,Kathleen's Song / Ray Lynch,139.944,2,1,1,-21.45,250.22649
SOLFTTR12A6D4FDC9F,Elvenking,Trows Kind,200.036,8,1,4,-5.492,357.45914
SOVCBOE12AB0183962,Jay-Z,Change Clothes,104.123,5,1,4,-4.73,259.05587
SOBZUCH12A8C13DCA0,Keep Of Kalessin,Ascendant,229.864,8,0,1,-5.958,270.21016
SOKBIAI12AB0180E97,Frenchy,Smith & Wesson,96.904,1,1,4,-8.613,246.17751
SOOABJR12A58A779B0,Cadacross,Bring Out Your Dead,92.608,4,0,4,-4.384,217.93914
SOVZKIS12AF72A0A93,The New York Dolls,Vietnamese Baby,84.058,0,1,4,-5.771,234.84036
SOFHVPF12A8C134ED7,Alice In Chains,Angry Chair,111.239,5,0,4,-5.499,262.47791
SOGMYFZ12AC468ACED,Berrogüetto,Nadal De Luintra,99.546,2,1,4,-8.765,242.62485
SOPAZGG12AC3DF6DC1,David Saylor,Que Ves Por Tu Ventana,121.9,7,1,4,-6.61,218.22649
SODHEVC12A58A81DA0,Martin Lawrence,Talking During Sex (LP Version),61.863,11,1,4,-16.161,202.78812
SOBMWTE12A8C13C2AF,Anti-Flag,The Modern Rome Burning,178.804,10,0,1,-6.247,299.80689
SOXLEKB12A8C1338EE,Silverchair,Spawn (Again),138.385,1,1,5,-6.336,207.56853
SOWOMMS12A8AE499EB,NO-TONE ft.Inusa,Life is Love,126.012,2,1,4,-5.208,396.7473
SOWWYDN12AB01825F7,Henri Pousseur,Prospection,65.919,0,1,1,-22.235,298.73587
SOMSPYS12A6D4FEDBB,Marygold,Neglected,133.857,7,0,1,-4.682,225.09669
SOXPAGL12A8C13792D,Dope Stars Inc.,Chase The Light,154.998,11,0,4,-4.741,233.22077
SOGRPFI12A8C1349A6,Bobby Darin,Intro. & Hello Young Lovers (Live) (2000 Digital Remaster),71.356,7,1,4,-10.387,124.9171
SOSXAMA12A8C133298,The Vaughan Brothers,Good Texan,142.372,9,1,4,-9.759,262.29506
SOSAXES12AC3DF68E7,The Wiyos,Dontchaletmecatchya,192.831,7,1,1,-9.866,186.30485
SOEAASN12A58A7932D,Oh No,Soul of Ethiopia,128.116,3,1,3,-7.1,110.57587
SOAWYUA12A8C144D4D,Eddie and the Subtitles,Louie Louie,154.072,1,0,4,-14.489,143.98649
SOFZXTF12AB018D64B,Bon Jovi,This Ain't A Love Song,91.775,8,1,3,-7.984,432.97914
SOLSXXH12A8C143166,4 Skins,A.C.A.B. (Bumper Sessions),140.52,4,1,1,-7.238,89.44281
SONHNAC12A8C13A15A,Eddie Calvert,Tenderly,130.598,7,1,7,-19.941,171.65016
SORWVHN12A8C1459EA,Sivuca,Copacabana,148.046,7,0,4,-16.469,137.482
SONMZBU12A58A7D2D3,Jason Michael Carroll,No Good In Goodbye,87.712,2,1,4,-3.662,229.8771
SOONMKD12A81C2413A,The Scare,NOT IN LOVE,95.33,9,0,3,-4.692,218.95791
SOTMGME12AB017F79B,Burt Bacharach,Are You There (With Another Girl),115.756,7,1,3,-13.04,175.882
SOKGPRX12A8C138268,James Horner,The Stranger,186.138,2,0,4,-30.387,231.57506
SOKPBBP12A8AE49419,Mario Telles,Nanã,97.34,2,1,4,-9.989,212.13995
SONHEUO12AF72A4792,The Chi-Lites,Intro,138.501,5,1,4,-16.218,251.27138
SONXKLQ12A8C141242,The Katies,Tappin' Out (LP Version),155.193,2,1,1,-6.077,199.8624
SOQUAIH12AB0181406,Michael Jackson,I Wanna Be Where You Are,207.544,4,0,4,-8.962,182.7522
SOBDYCT12AB0183AF5,The Shangri-Las,Remember (Walkin' In the Sand),65.771,10,1,4,-13.53,136.01914
SOJGZUS12AB018591F,The Wicklows,Dirty Ol' Town,124.311,5,1,4,-11.185,148.87138
SOHSKIN12AB01842A1,DJ Godfather,Night on William Street,97.997,7,1,5,-14.525,202.762
SOEIWHD12AB018D0A9,Arkona,Epilogue,110.06,7,0,3,-14.811,109.92281
SOIOVEN12AB018606D,Coolio Da Unda Dogg,Do Or Die,160.018,6,0,4,-5.663,240.22159
SODXECL12A8C142265,Bally Sagoo,Hey Jamalo ((Def Mix)),115.533,1,1,4,-11.462,433.42322
SOXQZOE12A8C137367,Mariah Carey,Someday,111.755,0,0,4,-9.308,236.5122
SOGMPPO12AB0185916,Walter Trout,Earrings on the Table,128.666,4,0,3,-15.83,100.23138
SOHBIKA12AB01857DB,Big Rich featuring J. Stalin_ Aristotle,Imaginary Gangsters,103.948,1,0,4,-7.806,137.79546
SOOUEFP12A81C2272E,Abbott & Chambers,Never After,93.346,8,1,3,-6.838,385.25342
SOWWAKW12A8C13B507,Django Asül,Pränatalabhärtung,115.024,5,0,1,-14.194,182.04689
SOBYBZS12AB018774D,Electrostatic,Today,130.023,6,1,4,-6.604,285.88363
SOJMQQX12AB0185046,Helmet,Give It,144.974,6,0,4,-5.775,257.54077
SOCALOE12A8C134F6A,Quinteto Violado,Vem_ Vem,108.919,7,1,4,-10.541,173.29587
SOTVTCG12AB018ABEB,Dax Riggs,Radiation Blues,91.357,11,1,4,-3.778,150.15138
SOECFGK12A8C13A8AE,Edmond Leung,Ai Hen Jian Dan,108.24,0,1,4,-17.611,268.48608
SOSZAQZ12A8C139FD8,Heaven 17,(We Don't Need This) Fascist Groove Thang (Rapino Club Mix),135.57,11,0,4,-12.183,354.19383
SOOJZFE12A8C136655,Mr Lab!,Would You Like,120.099,7,1,4,-8.885,285.17832
SORNZLS12AB018E4AB,George Lopez,Vibrators,86.353,9,1,5,-8.535,330.16118
SOYIZXR12A8AE4633F,Gertrudis,Quitxalla,111.995,7,1,4,-5.446,228.23138
SOAKDLX12A67ADAFC5,Charles Aznavour,Tant Que L'on S'aimera,100.618,5,1,5,-10.819,147.77424
SOESSSK12A8C1454D4,Gran Coquivacoa,Tamborera No. 6,154.159,8,1,3,-9.452,173.92281
SOYUUDD12A6D4FB7B4,Alice Stuart,Bad Girl,111.214,10,0,1,-11.769,189.93587
SOQAJLA12AB018251A,Rainer Bielfeldt,Das große Segel,153.911,0,1,4,-7.613,198.00771
SOMXUFQ12AF72A0646,Jason & The Scorchers,Help There's A Fire,184.884,7,1,4,-5.015,172.25098
SORGBYP12AB0182E4F,Corderoy,Rock Guitar,137.896,9,0,4,-4.003,513.43628
SOWAJLH12AB017C2EC,Mithotyn,On Misty Pathways,88.336,2,0,4,-3.944,313.36444
SOSVWFQ12AC95F0272,Twenty 4 Seven,Take Your Chance,141.964,8,1,4,-12.066,215.01342
SOIYEXL12AC9074DD1,Lupe Fiasco feat. GemStones and Graham Burris,Dumb It Down (Live From Chicago),88.096,5,1,5,-5.971,211.69587
SODKSMV12A6D4F6922,Joi,Oh My People,182.01,4,0,4,-5.388,321.2273
SOEJCCJ12A58A7AF1D,Entre Ríos,Altas Horas,47.96,7,1,4,-9.095,221.30893
SOFKJVX12A8C134B03,DCX,Hold Me,135.045,8,1,1,-5.548,193.72363
SOYEDIE12A8C142C36,Usher featuring Jermaine Dupri,Chivalry,127.911,6,0,4,-6.708,246.09914
SOHJEIX12AB017F997,Creedence Clearwater Revisited,Proud mary,123.522,7,1,4,-6.548,203.7024
SOVEQUY12AB0186A16,Marc Perrone,Serenade valse,98.467,7,1,3,-16.972,62.51057
SOMEEAR12AAF3B3F86,Memphis Minnie,Nothing In Rambling,112.625,11,1,4,-17.053,166.66077
SOHBHNO12AB018662A,Big Daddy Rick,Pac's Break,104.692,9,1,5,-10.104,373.52444
SOJEWQG12AB018BD74,Kekele,Affaire Mokuwa,86.658,2,1,5,-5.713,306.96444
SOLIBHA12AB018800D,Gail Davies,Following You Around (Album Version),127.494,9,0,4,-16.308,192.96608
SOXWXPG12A6D4FE1EA,Elvenking,A Fiery Stride (Ltd. Edition Bonus),165.278,7,1,4,-5.157,299.31057
SOOCIQX12A6D4F92D3,Karen Peck And New River,My God Will Always Be Enough,76.716,11,1,4,-13.844,280.5024
SOCOTGR12AB01869CF,Leslie Mendelson,Turn It Over (Album Version),106.499,0,1,1,-10.599,206.52363
SOQQDXF12A8C1416F4,Claire Hamill,Japanese Lullaby,70.196,9,0,4,-16.503,221.6224
SOJVIWA12AB0189127,Mind Furniture,Hoop of Flame (IV. Glimpse of a Chance),135.189,0,1,7,-12.969,516.362
SONAYZR12A8C144497,Orquesta Sublime,Son Los Años,122.405,0,1,4,-9.546,179.40853
SOAQCNA12AB01848DD,Chico Hamilton,Denise,115.405,5,1,1,-17.276,473.49506
SOFCKEK12A8AE46966,A Tribe Called Quest,Like It Like That,94.971,8,0,4,-9.309,166.86975
SOPGEJZ12AB0184A18,John Brown,The Scenic Route,96.058,1,1,4,-6.86,59.95057
SOEXULP12AB0186514,Percy Mayfield,Please Send Me Someone To Love,93.707,0,1,3,-16.472,173.50485
SOBSGAZ12A8C13A351,Jack Sheldon,Dear Ann,113.097,0,1,4,-13.157,319.39873
SOIIZQG12A58A7A753,VHS Or Beta,New Day Rising,131.752,7,1,4,-9.691,334.18404
SOSIXEN12AC4689235,Corb Lund,Horse Doctor_ Come Quick,176.591,2,1,4,-9.139,235.80689
SOTQZTJ12AB0183192,The Mystic Moods Orchestra,Visions,60.439,0,1,4,-29.342,207.09832
SOTJZBJ12A8C143A71,Alice Cooper,Be My Lover,119.744,6,1,1,-5.431,197.90322
SOKWNWI12A8C13383F,Al Di Meola,Bianca's Midnight Lullaby,75.11,9,1,1,-13.347,114.07628
SONFWUQ12AB0185971,Paul Overman,Morning Rain Music by Jorge Alfano,90.582,11,0,1,-28.416,564.29669
SOPQKMQ12AB017AF79,Mongo Santamaria,Watermelon Man,131.971,5,1,4,-5.827,428.06812
SOBANXX12A8C1388F9,The Distillers,The Blackest Years (CD only hidden track),161.288,7,1,4,-5.055,448.54812
SOAOXTG12A67021AA7,Ms. Dynamite / Kymani Marley,Seed Will Grow,89.996,7,1,4,-11.224,202.21342
SOKELFE12A6D4F7911,ARRESTED DEVELOPMENT,Raining Revolution (Live) (Unplugged),87.581,11,1,4,-16.963,273.84118
SOSHODU12A6D4F87B7,Line Renaud,Sept Coeurs,155.065,8,1,1,-8.762,166.39955
SONGPXG12AB0184A31,Gran Coquivacoa_ Neguito Borjas,El tuli-tuli,75.738,3,1,4,-8.817,117.34159
SOYWXIK12AB017C22B,Dobet Gnahoré,Kakou,103.997,2,1,4,-9.213,274.54649
SOIAJUT12A8AE4888C,Café Quijano,Hablando A Un Cristal,104.036,2,1,4,-4.129,205.40036
SORFVTH12A58A7D001,Scott Wesley Brown,Pray For Me (One Step Closer Album Version),160.443,2,1,3,-12.38,234.78812
SOBMYJF12A8C141AD2,Fernando Ortega,Don't Let Me Come Home A Stranger (LP Version),91.523,2,1,4,-15.001,131.10812
SOWAAYI12A6701C186,Les Paul and Mary Ford,I Really Don't Want To Know (1990 Digital Remaster),82.016,4,1,1,-17.075,172.59057
SOADDSQ12AB01807A8,Jimmy Witherspoon,Man Don't Cry,111.01,0,0,4,-11.655,128.96608
SOBARGP12A58A7B1D9,Amorphis,Into Hiding,130.677,8,0,4,-9.531,225.41016
SORXMXJ12AAA15D02E,Mr.De',Throw,160.336,11,0,4,-9.528,203.25832
SOBLUQR12A67021450,The Cure,Primary,165.303,2,1,1,-14.613,209.60608
SOEKGLO12A8C1363DE,Cliff Edwards/Disney Studio Chorus,When You Wish Upon A Star,98.752,4,1,3,-8.615,193.67138
SODCZSU12AB018306C,Tammy Wynette,I Stayed Long Enough,111.12,5,1,4,-14.09,119.90159
SOZZVMW12AB0183B52,Alexisonfire,Accept Crime (Album Version),185.063,1,0,4,-3.357,193.98485
SOZLSBK12A6D4F87B8,Sonny James,I'll Never Find Another You,144.538,0,1,4,-15.911,146.02404
SOPEGIG12A6D4F8CAB,Charly García,Asesíname,93.011,2,1,4,-7.383,223.05914
SOFNXKP12AB0188C0D,The Elders,Send a Prayer,111.408,0,1,4,-7.028,294.86975
SOQHAXR12A8C142BC7,Rachel Portman,The Letters,91.889,7,1,4,-25.752,161.43628
SOXHKRT12A6D4F89C8,Charlie Haden,American Dreams,141.229,7,1,4,-24.22,292.17914
SOJLDSP12A8C1350D8,Walter Wanderley Trio,O Menino Desce O Morro,205.323,7,0,4,-16.862,196.64934
SOQJJVP12AB01868CB,Marilyn Horne,"Rinaldo : Act 3 ""Or la tromba in suon festante"" [Rinaldo]",124.759,2,1,5,-16.682,231.57506
SOSBGOF12A6D4FB506,Marga Gomez,Filumena Fabulosa,124.479,6,1,1,-12.235,313.20771
SOGYTNT12A6D4F906F,Apache Indian,Independent Girl (feat. Malki Singh),159.986,5,1,4,-8.149,298.762
SONOVXO12AB01877FE,John Berry,Those Were the Days,135.642,4,1,4,-8.924,230.42567
SOYBNOK12AB018B3C3,Noah Lewis,Devil In The Wood Pile,119.187,7,1,4,-26.469,169.74322
SOEFBHK12A8C1350A0,Vangelis,Mythodea - Music for the NASA Mission: 2001 Mars Odyssey/Movement 7,173.712,4,0,4,-15.235,297.76934
SONQGFP12A6D4FAEAF,Crazy Horse,Going Home (Album Version),74.739,3,1,1,-8.873,170.23955
SOOFIJM12A8C1359D1,The Sun Harbor's Chorus-Documentary Recordings,We Started Together,155.954,3,1,3,-16.945,52.45342
SOCQAEO12AB01825BC,Gustavo Cerati,Tu Cicatriz En Mi,110.016,2,1,4,-4.286,232.48934
SOBQRZJ12A6310E1F8,LL Cool J,Headsprung,99.914,10,1,4,-7.553,270.10567
SOIMDST12A6D4FB995,Roger Reynolds,Binaural Presentation - Kokoro. Pt. 5,43.877,6,0,1,-41.806,313.73016
SOOTFBM12A6D4FCD69,BT,Korean Waterhole,148.653,2,1,5,-19.345,94.9024
SODNBYJ12A58A78504,George Jones,Together Alone,168.248,2,1,4,-17.198,181.60281
SOGVZCB12AB0180FC0,Tito Allen,Nadie Como Tu,192.021,7,1,7,-6.311,288.39138
SONLHUA12A8C14470A,Kris Kristofferson,Snakebit,136.908,4,1,4,-8.403,212.37506
SOVGRWF12A8C144940,The Del McCoury Band,She's Left Me Again,143.431,4,1,1,-11.732,170.94485
SOIUTCL12AB0188849,L7,Baggage,104.101,7,1,1,-8.234,198.76526
SOJOMPY12AB01841A3,Antonio Koudele,Once Upon A Time,134.156,2,1,4,-17.728,318.48444
SOXNUWK12A8C140027,Moonspell,Trebraruna,85.515,11,1,4,-6.309,209.03138
SOLDRGH12A8C131F5D,Rickie Lee Jones,Second Time Around,64.011,8,1,1,-25.342,291.97016
SOVGIQD12A6701F668,Fabolous,Change You or Change Me (Amended Version),85.897,9,0,4,-7.677,283.61098
SOJQYBG12AB018B656,Perez Prado_ His Orchestra,Abril en Portugal,134.937,0,1,1,-8.807,143.41179
SOJTWAZ12A8C144E69,Vic Chou,Ni De Ti Wen,105.062,8,1,7,-6.114,271.41179
SORWUTQ12A8C1465BC,Hank Locklin,Who Do You Think You're Fooling,75.959,6,0,4,-15.474,166.66077
SOGDSYD12AF72A0F02,Joe Bonamassa,Jam Intro,143.317,11,0,5,-9.518,201.06404
SOFWUBT12A8C13A9C7,X-Raided,Who's Tha Hoe?,117.882,4,1,4,-7.325,159.4771
SOUPQOK12A6D4FDC9E,Mike Vax,Nada Mas,94.681,0,0,4,-19.411,192.96608
SOZQBLB12A8C141242,Claire Hamill,Awaken - Lark Rise,229.049,9,0,5,-15.188,239.17669
SOLSWKN12AB018510E,Marcus Miller,Running Through My Dreams,102.399,5,1,4,-17.253,87.40526
SOKPGFN12A8C143481,Alexandre Desplat,White Sand,66.153,11,1,3,-30.854,78.47138
SOCEIHL12A8C13BDF5,The Dells,I Just Don't Know What To Do With Myself,203.016,5,0,4,-7.013,408.73751
SOCBRFS12AB01825FA,Henri Pousseur,Racine dix-neuvième de huit-quarts,79.266,4,0,5,-25.458,1130.94485
SOXNYJQ12A8C13502D,Gian Marco,Te Mentiría,99.984,4,1,4,-7.973,229.32853
SODRQHM12A8C1343AD,The All American Rejects,The Future Has Arrived,146.053,9,1,4,-9.168,185.99138
SOCPHKW12AB0182D36,The Who,Sodding About,120.928,2,0,1,-7.703,167.44444
SOJQGPD12A8C13AD3D,Jim Reeves,May The Good Lord Bless And Keep You,87.038,7,1,4,-22.377,155.402
SOKAVIC12AF72A4556,Camp Lo,Sparkle,93.728,9,1,4,-13.239,227.65669
SOHRTAR12A8C13FC87,Atman,Lingan,109.099,11,0,4,-10.017,341.36771
SOTLACM12A8C132954,Novika,Common Tear,200.016,0,1,4,-9.114,214.49098
SOONBLX12AC468AA6B,Atomic Rooster,Close Your Eyes,111.261,5,1,4,-9.217,158.77179
SOHUEFC12A8AE4827A,Sade,Paradise,80.292,10,0,3,-8.183,271.98649
SORJVVF12AAF3B1F63,Kako,Mi Bomba,128.808,4,0,5,-15.813,319.26812
SOIXAJN12AB0183EE3,Fever Ray,When I Grow Up,184.004,0,1,4,-9.277,335.5424
SODYMIJ12AB018C2D5,Jimi Hendrix,Once I Had A Woman,86.992,0,0,3,-13.615,469.60281
SOAIGNB12A67020200,Chris Clark,If You Should Walk Away,160.011,10,0,4,-13.781,192.65261
SOMYYQD12AB0184CE2,Gene Chandler,I Hate to Be the One to Say,125.028,4,1,4,-9.693,144.71791
SOAEXGD12A6D4FB738,Raphaël,Caravane (Live 2006),99.75,7,1,1,-6.373,234.39628
SOPFNDA12AF72A2A54,Parachute Band,Take Over,143.864,0,1,4,-5.049,272.14322
SOLOEUN12AC95F02CE,Tech N9ne,Elbow Macaroni (Skit),191.383,5,0,4,-23.923,90.14812
SOBGYQD12A67ADC8F9,Jenney,Ich vermiss dich (Radio Mix),170.017,7,1,4,-3.823,228.80608
SOITISS12AB018667D,Blingtones,Torero,133.211,1,1,4,-9.726,29.57016
SOJDGAU12AB0181EB5,Deekline & Wizard,Baila Baila  Vent Remix,133.987,4,0,4,-5.563,325.92934
SOBOKKZ12AB0186EDD,Terje Lie,Crazy Groove,98.001,6,1,5,-11.179,267.38893
SOUGZRZ12A81C21052,Soilwork,As The Sleeper Awakes,113.957,11,0,3,-3.282,258.16771
SOUWYFC12AB0181DAD,V V Brown,LEAVE!,100.009,2,0,5,-6.452,203.31057
SOTXMJG12A81C22F8E,Blindman's Sun,The Fugitives,101.172,1,0,4,-9.324,639.42485
SOGQWZF12A8C13DDDD,Patton Oswalt,You Are Allowed 20 Birthday Parties (Album),71.031,1,1,1,-12.769,338.05016
SOHFJRL12AB0185571,X-Raided,Liftoff,73.052,7,1,4,-6.392,281.83465
SODMQNG12AB0187811,Bézu,La java bleue,103.541,5,1,3,-6.655,145.99791
SOFJCSH12A81C20934,Cecilia Bartoli / International Chamber Soloists / Orchestra La Scintilla / Adam Fischer,Se un mio desir...Cedi al duo!,79.261,5,0,5,-25.349,225.14893
SOXTNNM12AB0182462,Anthony Cruz,Missing You,161.899,1,1,4,-4.481,217.75628
SOMMALW12A58A79E93,Ashton Shepherd,Sounds So Good,154.354,4,1,4,-4.66,207.09832
SOFFIQX12AC960DA6E,Anthony Watson,I Love Being Single (club extended mix),190.01,8,1,4,-6.73,346.27873
SOZUZPV12AB017DB9B,2 Minutos,Valentin Alsina,95.502,8,0,4,-11.867,91.34975
SOGUDEQ12A6D4FAB25,Michelle Tumes,Everywhere (Dream Album Version),124.104,7,1,4,-8.278,228.72771
SOLXJIL12AB01889FA,Daniel Johnston,High Horse,128.022,0,1,4,-8.208,153.33832
SOBLOJA12A6D4FA128,Nelson Ned,Noche De Ronda,91.044,4,0,5,-12.452,234.57914
SODMJKG12A670202EB,P.O.D.,Find My Way (Album Version),162.019,7,0,4,-3.753,189.54404
SOEBVZQ12AB01869D3,Benny Spellman,I Didn't Know,101.163,5,1,4,-18.498,171.75465
SOAKCBR12A6D4F6D04,Beres Hammond Feat. Jah Youth,Good Old Dancehall Vibes,150.788,7,1,4,-5.652,247.77098
SOAKAPR12AB01845BE,Confetti's,The Sound of C (Acapella),112.549,2,1,4,-8.99,40.17587
SORANXJ12A8C142F90,Tommy Makem;The Clancy Brothers,The Barnyards Of Delgaty (Live),100.831,5,1,4,-13.906,121.67791
SOLQRVZ12A67ADAD17,Funeral For A Friend,All The Rage (Clean Album Version),190.116,3,0,4,-3.624,217.49506
SOPRWZO12AAF3B45DB,Hatiras,Lost In Space,130.017,1,1,4,-5.113,295.3922
SOSHGBG12A8151BD89,3 Doors Down,Who Are You,150.077,0,0,4,-4.706,188.65587
SOLYCWK12A6D4FEDC2,Marygold,To Leave The Building In Order To See What's Inside,96.875,0,1,4,-3.851,227.05587
SOLLROO12AB0188D51,Delta 9,In The Void,197.143,9,0,7,-3.352,159.76444
SOSULYS12A8151CC9D,Cactus,My Lady From South Of Detroit (LP Version),144.217,2,1,4,-15.135,266.39628
SOFKEDR12A8C13D381,Plies featuring Tank,You (featuring Tank) (Amended Album Version),73.178,9,0,4,-5.672,218.04363
SOYCJFP12AB017B7C4,Ray Davies,Picture Book,123.085,7,1,4,-11.298,151.87546
SODHUER12AB018859B,Terry Dexter,Beautiful One,100.98,1,1,4,-8.489,281.86077
SOAFTRY12A6D4F81C7,45 Grave,Consumers (Album Version),130.49,11,0,3,-7.204,130.66404
SOQLRND12A6D4FD162,Diamond Rexx,Fire,103.14,8,1,4,-7.412,181.39383
SOJNQGL12AAF3B27B2,Poncho Sanchez,El Jamaiquino,125.648,0,1,4,-13.462,339.80036
SOAVNNL12A8C145B33,Bebo Norman,Britney,96.091,5,1,4,-6.291,213.4722
SOAPIHC12A6D4F5FD5,Butthole Surfers,Tongue,122.47,1,1,5,-9.423,126.64118
SOFIUCS12AB01896AD,Shout Out Out Out Out,How Do I Maintain Pt. II,120.006,5,1,4,-7.571,233.9522
SOMBRML12AB018BAB8,FSTZ,Quickstep,140.17,11,1,3,-7.173,257.09669
SOENCQG12A8C13599B,Alan Silvestri,Not Meant To Be Found,201.541,6,1,1,-14.931,42.91873
SORRXCI12A8135828A,Randy Stonehill,Can't Buy A Miracle - Album Version,122.161,7,1,4,-8.724,227.16036
SOTQOSY12A67021C2D,George Faith,If Loving You Is Wrong I Don't Wanna Be Right,119.866,11,0,4,-14.237,277.08036
SOCYVUM12AB01822C0,Uriah Heep,Son Of A Bitch,141.118,2,1,4,-7.977,243.98322
SOCKDUL12AC9097E13,Edgar Bori,À l'arraché,76.562,9,0,3,-16.758,274.83383
SOCNIVN12AC3DF98D2,Yvette Horner,Le Chant Du Tropeau (La Canción Del Rebaño) Vals Tirolés,62.614,1,1,4,-7.748,137.32526
SODYMGA12A8C142925,Marc Broussard,Going Home (Album Version),101.694,9,1,4,-10.462,222.22322
SOCMRCQ12A8C140094,Montrose,Down,85.493,5,0,7,-12.505,197.51138
SOORPUL12A58A7A6E7,Slipknot,Three Nil (live) (Album Version),122.865,7,1,1,-3.194,297.53424
SOMMCPU12AB018AA2C,TRAM 11,SUPER RISTA,90.02,9,1,4,-7.212,303.04608
SOKOYCF12AB017AF6D,Petrol,Ogni Silenzio,121.99,0,1,4,-7.417,273.24036
SOFYIDZ12AB0180A2B,Mudhoney,The Money Will Roll Right In,81.419,6,0,4,-5.13,166.32118
SOWMYEK12A8C141C1C,Barbara Lusch,Sentimental Journey,100.278,10,0,7,-13.552,203.65016
SOXGJTM12AB017E948,John Wesley Ryles,Someday You Will,148.68,5,1,4,-12.113,132.30975
SOXZMDS12A8C1354C7,Eno,Baby's On Fire,121.966,8,1,4,-9.645,316.99546
SOAXEJI12A6D4FCE3E,Darden Smith,Mill Creek,120.049,0,1,4,-14.18,234.73587
SOHPWUL12A6D4F93B1,Lifer,Breathless,98.513,1,0,4,-6.292,286.53669
SOXTICT12A8C136043,Future Leaders of the World,Spotlight,120.638,8,1,4,-4.177,249.67791
SOHLMXE12AB018C4D0,Messy Marv & D.Z.,Put Some $ On It,157.007,3,0,3,-6.303,273.03138
SODDUKA12AB0187DF4,The Tall Grass,Be & Flower,136.163,9,0,4,-19.92,273.73669
SOYXXMC12A8AE45E55,Green and Yellow,Sweet Child O' Mine (Alternate Mix),126.271,7,1,4,-10.149,358.79138
SOZEFPO12AB0184AEC,Zeromancer,The Death Of Romance,117.027,4,0,4,-6.236,207.17669
SOICYYA12A8C136A31,David Arkenstone,Reflections,109.936,7,1,4,-23.577,508.89098
SOSYKKS12A8C1388DF,Kenny G,I've Been Missin' You,117.661,0,1,4,-17.569,255.7122
SOGPTOQ12A6D4F7FCC,Renee Rosnes,Children's Song No. 3,108.234,7,1,1,-20.343,320.522
SOCKUUJ12A6D4FA41C,Deftones,Lotion (LP Version),102.724,1,1,4,-3.59,237.73995
SORHBPD12A8C1434B6,Jesse Malin,Going Out West,133.404,2,1,1,-10.554,147.85261
SOJBLJQ12A67ADAF0F,Bon Jovi,The Radio Saved My Life Tonight,142.141,3,1,4,-5.567,314.20036
SOUALQN12A6D4F98AA,Tigerstyle,Dhol Vajda,85.003,5,0,4,-8.025,351.45098
SOPSCFO12AB0189541,Sophie Tucker,You Can't Deep Freeze a Red Hot Mama,165.578,5,1,7,-12.266,154.74893
SOFBSQK12AB01888C6,Gregory Isaacs,Saddam,159.89,0,1,1,-10.692,232.59383
SOGAEXV12A8C138122,Krayzie Bone,Let It Burn,100.119,7,1,4,-5.189,174.99383
SORYKRN12A8C13CFC5,Paso Doble,König und Königin,156.26,6,0,4,-7.872,247.53587
SOKNQNE12A8C146767,impulsonic,Beats are my Weapons,128.955,0,1,4,-6.318,395.49342
SOBTJCY12A8C137956,Göteborgs Symfoniker / Neeme Järvi,Russian Easter Festival_ Overture_ Op.36,146.354,0,1,4,-21.394,904.80281
SOMHXLM12AB0184608,Paul Glazby,pH4,146.685,5,0,4,-13.977,445.57016
SOKETSC12AB017B56C,J.B.Lenoir,(I Wanna) Play A Little While,157.532,8,1,4,-15.622,167.23546
SODVPYI12AB017B0D2,Broadcast,Where Youth And Laughter Go,119.2,11,0,4,-6.028,163.91791
SOUDJLX12AB0181ECE,Deekline & Wizard,Show Me - Splitloop Remix,133.983,11,0,4,-4.045,338.442
SONUHEM12AB01899D0,SWAMI featuring Ishmael Morabe,Break,93.225,5,0,3,-3.285,275.90485
SOQXKUW12AC9072842,The Jackson Southernaires,You've Got A Chance,113.092,11,1,4,-7.163,318.17098
SOXNERI12A6701E92E,Aerosmith,What It Takes,70.876,5,1,4,-4.82,314.27873
SOBSVDV12AB0186089,The Tamperer,Feel In The House,124.998,11,0,4,-4.902,333.42649
SOKWINH12A8C136EA1,Line Renaud,Dis_ Oh Dis (Everybody Loves A Lover),92.905,1,1,4,-14.512,171.17995
SOFHTFD12A8AE47A17,Slipknot,Everything Ends (Live version) (Album Version),125.02,2,1,4,-3.176,303.59465
SOWXKUV12A58A80BB4,Super Cat,Oh It's You,167.377,6,1,4,-9.349,229.66812
SOMMFNR12AB01888BC,Missy Higgins,Breakdown [Live with Brett Dennen & Mason Jennings],38.337,7,1,4,-14.313,185.57342
SORJXEE12AB018F69F,Ray Kane,Nanea Kou Maka I Ka Le'ale'a,104.67,6,1,7,-20.737,262.26893
SOIBRVU12A6D4F98A4,The Paul Butterfield Blues Band,Last Hope's Gone (LP Version ),86.278,7,1,4,-9.353,289.61914
SOJPAJO12AB017BFD2,Mongo Santamaria Orchestra,Federico,106.822,7,1,4,-12.464,203.25832
SOEXXVM12AB018697B,Larissa,Das Geheimrezept,100.929,7,1,4,-12.967,187.24526
SOZCOAI12A8C1332A9,Big Maybelle,Tell Me Who,173.071,5,1,4,-5.723,130.87302
SOFCFSC12B0B80ACDB,Belle & Sebastian,Stay Loose,86.505,0,0,1,-7.916,401.8673
SOTBWWI12A8C1426BE,Bruce Katz Band,Just An Expression,96.952,0,0,5,-17.216,209.05751
SOCHVFS12AB0181009,X-Raided,Whatever It Took,115.717,6,0,5,-3.103,210.70322
SOLJYFW12A8C13F85C,Daniel Kobialka,Singing The Night,101.073,2,1,7,-14.768,404.21832
SOQJLWY12AB0180839,War Babies,Cry Yourself To Sleep,165.965,3,0,4,-5.977,285.83138
SOPQDEG12A6D4F8EAC,Fastball,No Return (Album Version),131.964,1,1,4,-12.555,248.92036
SOLZKMN12A81C1FEBF,Ray Sandoval,Tempestad,106.324,4,0,4,-17.621,415.99955
SORSGFJ12AB0189573,Nick Ingman,Down Home,97.571,11,1,4,-9.146,179.43465
SOBUHSM12AB0181ED6,R.E.M.,There She Goes Again,138.703,9,1,1,-5.775,163.81342
SOABVWD12A58A7C3FF,Herb Alpert And The Tijuana Brass,Adios_ Mi Corazon,97.52,5,1,1,-14.962,163.94404
SORDDBO12A58A7EE4B,Washboard Sam,The Gal I Love,99.006,0,1,1,-15.853,165.0673
SONTDAI12AB017AD5E,Rob Mullins,5 4 3 2 1,146.306,10,1,3,-12.688,242.07628
SOFFNXS12A8C131D32,The Twinkle Brothers,Natty Dread Up Town,94.303,1,0,4,-16.154,198.37342
SOCBEPX12AB01829AE,André Verchuren,Aubade D'Oiseau,210.858,7,1,1,-10.307,160.26077
SOCHBAR12AB0187BA9,Madonna,Into The Groove,116.512,1,1,4,-4.104,285.09995
SOHWCXW12A6D4F801E,Peggy Lee,St. Louis Blues (24-Bit Digitally Remastered 99),139.301,0,1,4,-9.152,134.81751
SOQWHUD12AB0181D02,Johnny Keating & All Stars,Impromptu,132.043,5,1,4,-25.556,177.26649
SOIUXYS12AB0187595,Wordsworth feat. Adanita Ross,Don't Go (Produced by Frequency),85.263,1,1,4,-4.612,237.13914
SONLWDJ12AF72A2C9C,Naughty By Nature,Family Tree,93.502,11,0,4,-3.831,330.08281
SODMWLE12AB018DEA8,Kruger,Myasorubka,137.926,10,0,1,-3.315,171.67628
SOHCLHZ12AB0181C44,Glen Ricks,Think That Love Was In Your Heart,163.937,7,1,4,-11.887,220.39465
SONFUJU12A8C136ED9,Vox Dei,Profecias,66.856,7,1,4,-18.342,456.69832
SOQJYTI12A8C136FA9,John Fogerty,Headlines,130.461,10,1,4,-5.074,269.29587
SOLCKMT12AB018874F,J.B. Lenoir,The Mojo,99.829,6,0,1,-11.923,176.37832
SOTRAIA12A8AE47465,Zebra,Red,90.07,11,1,4,-8.189,205.11302
SOOTAPN12A8C140C40,J. Karjalainen & Mustat Lasit,Rytmikone,89.625,5,1,3,-14.451,194.45506
SOQUXJK12AAF3B22A1,Julie Zenatti,Dans Ces Villes,105.931,9,0,4,-3.737,227.5522
SOMRYSL12AB01852A8,The Tragically Hip,Ahead By A Century,84.373,7,1,5,-7.372,225.43628
SOBKDCU12A6D4F80F6,Michael Jackson,Girl You're So Together,111.459,3,1,4,-10.44,188.99546
SOPZQHN12A6D4F84CA,Fort Minor,Introduction (Album Version),122.843,5,1,5,-14.866,43.38893
SORTKRB12A8C131EF0,Elena,Satan Kingsize,116.075,0,1,4,-9.718,237.60934
SOLETWK12AF72A1079,Stephen Marley,Mind Control,118.144,9,0,4,-9.364,270.05342
SOJBAZO12AC4687571,Ruby Isle,So Damn High (Will Eastman Club Edit),128.004,2,1,5,-6.326,277.73342
SOWEVAT12AB0187AE7,The King Sisters,Hawaiian Wedding Song,58.294,5,1,1,-27.863,195.89179
SOIOUIR12AB017ED30,Ray Conniff;Billy Butterfield,Time On My Hands (You In My Arms),116.195,8,1,4,-13.526,175.15057
SOYUIMG12A8C135784,Michael Gettel,River Run,168.035,1,0,4,-16.685,452.25751
SOQDTSH12A6D4F9A5B,Billy Butler,She's Got Me Singing [Bonus Track],124.335,4,0,4,-12.872,180.32281
SOBDLAF12AF72A69D7,T-Bone,Ride Wit Me,96.007,1,1,4,-6.135,234.16118
SOEIVEC12A8C139DDA,Agnostic Front,Standing On My Own,112.292,9,1,1,-5.152,105.84771
SOQHTUT12A8AE475F2,Kirk Franklin with tobyMac & Sonny (of P.O.D.),Let It Go,153.819,9,0,4,-9.07,299.85914
SOCSAVL12A6D4FAC37,Tinariwen,Assouf,160.887,9,1,4,-7.386,238.68036
SOHPXSL12A8AE47FCB,Alice Cooper,Make That Money (Scrooge's Song) (Album Version),92.685,4,1,4,-10.998,209.47546
SOWAJLC12A8AE46C42,Ramses,Les Rats,76.549,5,0,3,-7.711,214.41261
SORYNFW12A5891EC23,Móveis Coloniais de Acaju,Esquilo não samba,150.529,2,0,3,-5.344,271.5424
SOAZHOK12A8AE46E45,Andy Andy,Vida,90.035,4,0,5,-6.73,264.46322
SOZPTVU12A6D4F8B4D,Novembre,Reason,113.746,1,0,4,-5.437,313.3122
SOIRWHR12AAA15FCC6,Symbiosis Orchestra,Live At Fabbricaeuropa_ Florence 1,133.329,6,0,5,-10.174,297.35138
SODBINY12AB017DAC4,Crazy Girl,Get Picked Up (Niyi Can't Mix Version 1),91.967,0,1,5,-6.609,357.14567
SOWVNTY12A8C14508F,Luciana Souza,Argument,64.988,4,0,3,-26.455,198.89587
SOACEBF12A8C141362,Jim Kweskin_ The Jug Band,Viola Lee,87.461,7,1,1,-9.444,236.79955
SOUHWIX12AB0189BB8,Percy Faith,Do Re Mi,127.853,0,1,1,-12.898,151.09179
SOIHVRS12AC468AC2E,Jimmy Wakely,Standing Outside of Heaven,187.44,5,1,3,-15.251,139.04934
SOAEGMV12A8C1455F2,Berlin,Blink Of An Eye (Alternative),104.04,11,1,4,-4.521,255.32036
SOBZCAE12AB017F002,California Oranges,Travel Writer,128.005,2,1,1,-5.77,198.42567
SOVENLZ12A8C13F7DE,Carlos Nuñez,Camiño De Santiago,143.969,0,1,4,-11.019,275.43465
SOKNWHQ12AB017CC6C,Java,Hawaï,178.343,5,1,7,-11.619,361.1424
SOEXTFN12AB0188B18,Sleepy D,Sleepy F%#&in' D,192.068,7,1,4,-10.978,251.08853
SOOYAUK12AB01889B8,Eddie Cano,Teach Me Tonight (Album Version),98.501,3,1,1,-16.077,182.49098
SONIWYZ12A58A7CB59,Leon Russell,Out In The Woods,158.754,9,1,4,-14.274,218.51383
SOGXWAU12A8C13BDB7,Otis Taylor,Hungry People,84.56,0,1,7,-10.432,301.87057
SOMBVNV12A8C1361F0,Beyoncé,Krazy In Luv,99.694,2,1,4,-5.533,254.98077
SOFJNFW12AB0181B90,Lily Allen Featuring Ours,22 (Vingt Deux) (Feat. Ours),130.939,10,0,4,-4.713,189.20444
SOMVDFN12A58A7CE36,Kraftwerk,The Man Machine (2009 Digital Remaster),89.346,5,0,4,-10.486,332.14649
SOITKGP12A58A75D98,Fiona,Since I've Been Loving You,170.238,11,1,4,-6.253,297.42975
SONPYCF12AB01837AF,Atomic Rooster,The Rock,143.137,0,0,4,-12.535,269.71383
SOTRBNH12A8C1437CA,Information Society,Empty,95.002,11,1,4,-8.575,512.78322
SOFYGSX12A8C144D43,Charlie Rich,Cold_ Cold Heart,93.03,0,1,4,-13.353,174.18404
SODVGEX12AB01803B2,Peret,Tócale Las Palmas,86.005,7,1,4,-3.97,179.69587
SOGRWLL12A6D4F9ECF,Sonny Simmons,Metamorphosis,100.53,1,1,3,-10.179,699.03628
SOECXXF12AB0180834,Jim Chappell,Moonlight Boy,69.147,2,0,4,-22.34,296.12363
SOWONAR12AB018A39C,Alain-François,Minuit sur terre,141.892,5,1,3,-7.627,294.42567
SOULTKQ12AB018A183,B.o.B,Nothin' On You [feat. Bruno Mars] (Album Version),104.038,10,1,4,-5.388,269.63546
SOIABUP12AAF3B55F2,Cali,Betty Et Tommy (Instrumental),75.25,0,1,4,-16.69,90.33098
SOTSCLM12AF72A097D,Justin Timberlake,Sexy Ladies,100.012,9,0,4,-5.044,238.602
SOQJPYF12AF72AA8E2,Pearl Jam,You Are,94.916,10,1,4,-8.053,268.69506
SOCWHPT12A67ADA68D,ÄI-TIEM,Äi Jo,135.799,7,1,4,-9.686,100.70159
SOHKNPJ12A81C2107E,Angela Dimitriou,Fotia Sta Savvatovrada (Live),132.076,4,0,4,-7.46,177.3971
SOTRJTA12AB0180A36,Jason & The Scorchers,19th Nervous Breakdown,176.269,2,1,1,-11.812,227.49995
SOBACYS12A8C13D6A4,Del The Funky Homosapien,Why You Wanna Get Funky...,83.646,6,1,4,-8.039,316.60363
SOVQPMO12A6D4F8B8E,Mau Mau,Balon Combo,195.874,7,1,3,-7.106,233.40363
SOVLXGX12AB0186244,Little Milton,Packed Up And Took My Mind,141.609,7,0,4,-11.062,278.30812
SOKSJHK12A6D4F7DF6,Peter Tosh,Stand Firm (2002 Digital Remaster),146.644,9,1,4,-9.821,371.1473
SOHCMZK12A6D4F8933,Talking Heads,Two Note Swivel (Unfinished Outtake),116.125,10,1,4,-12.041,348.78649
SOKAWOJ12AB018192A,The Freedom,We Say No,139.103,2,1,4,-7.779,189.3873
SOUGFKW12A8C136C62,Movado,Dreaming,184.012,7,1,4,-6.94,182.07302
SOMFTLI12AB018BC0A,Varios Artistas de Rumba,Don Toribio,113.862,6,1,4,-5.762,171.88526
SOQIYTK12AB0189CCF,Shai Hulud,We Who Finish Last,136.331,2,0,4,-4.019,188.29016
SOUEUYT12A58A7DB62,Despina Vandi,Gia,130.022,10,0,4,-5.529,253.07383
SOGZVEM12A8C141494,Daughters,Jones From Indiana,143.251,8,0,1,-4.058,64.9922
SOBMXRG12A6D4F9517,Bryan Ferry,Don't Want To Know (1999 Digital Remaster),119.897,3,0,1,-6.895,247.11791
SOLKNII12AB01823D9,Bénabar,La Pierrade,143.143,0,1,4,-12.5,243.59138
SOZCARG12A6D4F74D1,Lifehouse,Simon,141.78,8,0,4,-7.072,360.95955
SORIGHO12AB0184BED,Luke Vibert,LFO [Original by LFO],65.658,8,1,1,-5.388,347.8722
SOIKAUS12AB018AD93,Bruce BecVar,Your Heart Can Sing,135.929,9,1,4,-14.374,257.93261
SOBWYCD12A8C13B45D,Mario Piu,Communication,137.981,7,1,4,-9.152,430.54975
SOJTITX12AB0183525,Robert Lockwood_ Jr.,Feel Like Blowing My Horn,90.64,2,1,1,-13.456,274.70322
SOIXCUV12AB017F48C,Home Town Hero,Twelve Ounce (Album Version),161.991,8,1,4,-3.798,206.88934
SOQSEFW12AB0189888,Misty Roses,Innsmouth Jewelry,105.046,8,1,4,-11.487,290.7424
SOQMKZB12A8C134A5A,Wilks,People with honour,89.99,1,1,4,-8.908,274.05016
SODSFMM12AAF3B4962,Little Angels,The First Cut Is The Deepest,85.163,0,1,4,-6.489,229.01506
SOSOSQO12A8C13A23A,Johnny Osbourne,Mr. Marshall,128.532,1,1,4,-9.237,226.69016
SOSDZBN12AB01815C3,Michael Stanley Band,Where Have All The Clowns Gone,167.336,5,1,4,-15.089,257.61914
SOHDQDZ12A6D4F86E2,Dark Shadows,Love Theme From Night Of Dark Shadows (unused Version),130.557,7,1,1,-27.942,116.6624
SOEWVBB12A8C135AE7,The Ataris,so long_ astoria,199.028,2,1,4,-3.254,199.26159
SOCKIPJ12A67FFB378,Redman,Suicide,98.401,1,0,4,-12.466,209.84118
SOQLJFO12A6D4F7503,Red Hot Chili Peppers,The Greeting Song (Album Version),134.221,9,1,4,-9.959,193.43628
SOEWOEU12A8C138FB1,Kenny G Featuring Brian McKnight,Careless Whisper,149.979,10,1,4,-7.098,232.25424
SOVXTGT12A58A78B8D,Chris Brown,Famous Girl,105.98,5,0,4,-4.963,219.21914
SOOJGRF12AB0184D20,Rocky Whatule,Retarded Army,97.875,5,1,4,-8.412,197.642
SOCZOGJ12A6701C3F3,Don Davis,Trinity Definitely (Album Version),138.494,10,0,3,-27.24,255.32036
SORXDPO12AB01861CB,Maria Forde,To Your Door,94.753,4,1,4,-10.775,175.5424
SOONZSD12AAF3B5127,Ken Chu,Ai Bu Hui Yi Zhi Deng Ni,110.078,6,1,4,-6.806,224.78322
SOIRCWN12A6D4FC58D,Y&T,Contagious,123.788,3,0,4,-12.083,201.74322
SOXVOIG12A8C13D07D,Ronnie Drew,Seven Drunken Nights,117.141,9,1,4,-10.652,195.00363
SOKWHHK12AB01895AA,The Honeydogs,Kandiyohi,117.003,11,1,4,-6.654,221.07383
SOWZWPJ12A58A7918F,Marco Rima,Der Kleine Idiot,187.511,9,1,4,-8.036,362.9971
SOUXEOI12A6D4FB18E,Pete Rock & C.L. Smooth,They Reminisce Over You (Single Version),101.779,1,0,4,-10.235,286.69342
SOKAAAY12AB0186459,Bescenta,Why,76.014,1,1,1,-6.479,231.91465
SOFQUFD12A8C13406F,Clara Nunes,Nação,91.806,6,1,7,-12.82,213.49832
SOMMXAD12A58A76FBF,Story Of The Year,Meathead (Album Version) (Non-PA),209.695,10,1,4,-4.219,145.3971
SOODUWF12AB017A0B8,Kokane,Straight Coats,94.854,0,0,4,-8.796,208.03873
SODPTLB12A8C13E227,Massive Töne,Notify The President Feat. Celestial Souljahz - Shabazz The Disciple & Freestyle,92.872,8,0,4,-8.096,310.25587
SOFKVJV12A6D4F8F4B,Bert Kaempfert And His Orchestra,Talk,88.47,10,1,4,-11.554,132.5971
SOYSLBQ12A8C143F44,MC5,It's A Man's World (Live_ Saginaw Civic Centre_ 1 January 1970),125.848,8,0,3,-18.044,351.60771
SOKHLQD12A58A767FA,Arkona,Skvoz' Tuman Vekov,150.068,2,0,4,-6.635,310.33424
SOROOOR12AB018572F,Skyforger,In the Underworld,100.138,7,1,4,-4.194,252.81261
SOPBJWH12B0B809492,Extreme,Stop The World,87.337,8,1,4,-7.759,364.38159
SOMWRSR12AC4688F6C,Gloria Lasso,Dos Arbolitos (Ranchera),109.54,3,1,4,-9.165,147.82649
SOHKBRH12AC9075908,Théophil,Madame Irma,109.373,4,0,5,-10.516,305.3971
SOGRTDQ12A6D4FBBAA,The Stooges,Down On The Street (False Start Take 2),126.641,11,0,4,-6.969,211.35628
SOBUDEU12AB018431E,Mother Superior,Get that Girl (Remix),145.48,1,0,4,-7.344,169.63873
SOPOWJI12A8C14159F,The Exciters,Reaching For The Best,137.237,5,1,4,-8.031,194.53342
SOLYOES12A8C1332E6,Johnny Pacheco,Mi Musica Es Para Ti,117.125,0,0,4,-12.068,183.03955
SORBTDC12A6D4F4F6B,Buffalo Nickel Band,Palm Springs Jump,163.759,7,1,4,-18.095,200.25424
SORTSWB12A58A7DCA3,Natasha Bedingfield,These Words,97.325,8,1,4,-7.331,377.25995
SOYWMGK12A8C13D279,Dimmu Borgir,Sympozium,186.848,1,1,4,-2.307,313.88689
SOJCZJK12AC468BDA7,Cartel,Fool,154.076,8,1,4,-6.043,177.3971
SOMUZUT12A58A7A330,Atomship,Whitfield,136.129,0,1,4,-5.233,296.04526
SOFKKHD12AB0183B47,Jefferson Starship,Stairway To Cleveland,189.735,9,1,4,-6.681,240.3522
SOJRXHM12A8C13D93E,Regina Belle,Quiet Time,92.643,7,0,4,-9.174,307.22567
SOICCOL12A81C22510,Disembowelment,Your Prophetic Throne Of Ivory,79.952,3,1,7,-10.351,460.56444
SOLGKUS12A8C1436EE,Spongebob Squarepants,Ripped Pants,122.887,9,0,4,-8.892,76.82567
SOCIJMZ12AB0185989,Fred Locks,Don't Wait For Me,161.895,7,1,4,-7.902,243.43465
SODIUET12A8C144375,Bobby Marchan,It Hurts Me To My Heart,79.531,5,1,1,-10.26,156.23791
SOUDHVE12AB01828C2,Kelly Sweet,We Are One,135.015,1,0,4,-7.321,504.92036
SOCVJTJ12A58A80CFA,Kuijken Kwartet,Introitus: Requiem: Agnus Dei,64.905,0,1,1,-27.564,184.86812
SOGEMNI12A8C13A780,Mindy McCready,Guys Do It All The Time,165.763,0,1,4,-6.782,192.62649
SOGUFFP12A8C13FE41,Cece Winans,Mamma's Kitchen,85.199,7,1,4,-11.914,103.65342
SOKMQOO12A8C136C82,Patti Smith Group,Wave,76.814,9,1,3,-20.058,284.21179
SOPGUKP12A6D4FCE37,Lyrics Born,Do That There (Album Instrumental),104.492,1,1,3,-9.097,209.73669
SOKSRRN12A8C135415,Tam Tam Go!,Better Ways,118.041,4,0,5,-8.22,223.97342
SOKHGCN12A8C13CFFE,Maddox Brothers and Rose,Jingle Bells,99.6,2,1,4,-12.177,145.162
SOLFOLX12A8C1443AB,Alternative TV,Dub In Bed,136.69,11,0,4,-16.701,180.63628
SORTAIB12AF729F4FC,Junior Kimbrough,All Night Long,168.814,0,1,4,-10.871,355.68281
SOCFRRJ12A8C135707,Pat Metheny,Traveling Fast,108.407,7,1,3,-13.186,711.70567
SOKKPPQ12AB018681D,Jim Chappell,First Kiss,88.479,9,1,3,-25.266,241.8673
SOJFBKG12AB017E36F,Big Jay Oakerson,It's All In How You Look At It,122.757,8,1,1,-8.33,172.5122
SOMVGXD12A3F1EA10C,Kix,Contrary Mary  (LP Version),162.944,1,1,4,-3.649,191.13751
SOUTNFH12A6D4FC642,Bobbie Gentry,Miss Clara/Azusa Sue,141.052,7,1,4,-11.81,261.09342
SOHBOGO12A8C13B8F8,ATB,Believe In Me (Clubb Mix),129.993,11,0,4,-5.84,479.76444
SOLRAOA12A8C14067C,Vusi Mahlasela,Miyela Afrika,77.39,0,1,3,-6.642,297.56036
SOVMULC12A670215AE,Van Halen,Eruption (Remastered Album Version),96.714,3,1,5,-8.027,101.45914
SOQCRRU12AF72A4AD2,Everyday Sunday,Comfort Zone,194.107,1,1,4,-4.948,160.46975
SOVDSBD12A8C13DF47,Marco Beltrami,Dead Hackers,119.729,11,1,4,-20.823,91.37587
SOBEGZR12AB0182008,Ed Bruce,Ruby Don't Take Your Love To Town,103.431,9,1,1,-24.457,165.25016
SOOWTAM12A8C14216F,Mt. Wilson Repeater,The Conversation,99.87,7,1,4,-12.345,299.88526
SOLQWHJ12A8C135A13,Berlin,Now It's My Turn (Aqualite Mix),131.989,11,1,4,-9.424,231.18322
SOQKUXE12A8C139BE8,Eko Fresh feat. G-Style,Ich bin jung und brauche das Geld,93.203,6,1,4,-7.993,266.57914
SOFIURK12A8C134C4F,Las Ketchup,Tengo Un Novio Tántriko,90.545,1,0,4,-4.939,195.73506
SOIUOAU12A8C13EBC3,Shania Twain,Two Hearts One Love,113.846,9,1,4,-3.807,223.00689
SOVBJGB12AB01802A5,Danny Williams,The Rainbow Bridge,143.869,3,1,4,-15.506,249.93914
SORSEIY12AB01827CD,Intex Systems,Vapour Fragments,45.514,11,1,1,-14.302,131.13424
SOIQLBT12AC4686F5E,Cutting Edge,Slangen I Paradis,145.077,5,1,4,-10.367,336.77016
SOFPRHS12AB0186476,Jacques Douai,M'En Vas A La Fontaine,241.242,1,1,1,-20.243,107.41506
SOBAVLJ12A6D4F7F0F,Aleks Syntek,Sexo_ Pudor Y Lágrimas (Drum & Bass Mix),147.941,10,0,4,-7.973,350.11873
SOCUMWJ12A58A77ED5,Cross Country,A Fall Song,129.169,9,1,4,-11.724,168.77669
SOLLOSO12AB0184A7A,Evanescence,Missing (Live in Europe),87.522,2,0,4,-8.061,255.13751
SOHMDWX12A6D4F778A,Eddy Raven,Angel Fire,119.657,7,1,4,-13.664,223.26812
SOTSZWM12A6D4FC559,Mocambo Allstars,Brampton Boogaloo,116.484,0,1,4,-9.046,231.81016
SOMBMFL12AB018641C,Tunsi,Standin In,90.216,2,1,4,-8.588,235.78077
SODBKLI12AB01846B6,Dala,Alive,121.967,9,1,4,-7.397,240.27383
SONFRWI12AC3DF99FA,Rick Ross,Single Again (Remix),125.804,8,0,4,-12.415,105.69098
SORZJUY12AB018BFB9,Commander Cody & His Lost Planet Airmen,Sister Sue,182.918,9,0,7,-14.152,162.45506
SOUVCGM12AB0185A29,Faith Hill,Unsaveable (Album Version),87.003,7,1,4,-5.537,231.44444
SOYQXAU12A8C135A75,M83,Let Men Burn Stars,110.182,9,0,4,-12.692,116.45342
SORXWBT12AF729EE75,The Fabulous Thunderbirds,Mathilda,115.476,1,1,3,-8.037,196.44036
SOYNMUG12AB017FB36,Michael Bloomfield,I Am A Pilgrim,87.644,4,1,4,-13.4,148.24444
SOTTMUI12A8C137CC2,Imiskoubria,Ine Mono Ekloges,93.003,2,1,4,-6.967,246.54322
SOOAISV12A8C143ACA,Rodney O_ Joe Cooley,DJ's & MC's,94.513,7,1,4,-8.149,222.27546
SOCUXEW12A58A7CA5B,Suicidal Tendencies,Monopoly On Sorrow,130.345,11,1,4,-6.61,312.55465
SOUUMMY12A8C13A529,David Summers,Te Necesito,160.828,7,1,4,-10.285,255.39873
SOICUVH12A58A76E9C,Joe McBride,All In,99.99,2,1,4,-7.882,262.76526
SONZMIX12A6D4F568C,Jazzy B,Das Guru,163.855,10,0,4,-5.759,342.96118
SOHSAOT12AB018558E,UKW,I Will (Patitu),89.593,7,1,4,-6.08,215.562
SOKYQQO12AB0185083,Roy Brown,Ohe Nene,51.477,11,0,1,-13.948,276.97587
SOXWZRB12A67ADAF43,Saosin,Bury Your Head (Acoustic),125.062,6,0,4,-3.828,254.27546
SOVDZEB12A8C142A45,Oldelaf et Monsieur D,Ouragan,116.714,0,0,4,-11.946,540.47302
SOJWGSK12A6D4F6FC4,John Stewart,Wild Horse Road  (LP Version),80.169,9,0,4,-20.55,169.79546
SOLIDWN12A8C1411A5,Flamin' Groovies,Step Up,159.337,7,1,4,-9.113,199.49669
SOREMQU12AB017D2DC,Selena,Disco Medley (Live At Houston Astrodome),123.759,7,1,4,-6.804,222.11873
SOEZSEO12AAF3B3B5F,Twila Paris,I'll See You Sunday,135.421,3,1,4,-12.908,235.65016
SOKHRQI12A8C13F53E,Cam'Ron / Juelz Santana / Jimmy Jones,Come Home With Me,163.57,6,0,4,-5.104,301.50485
SOAVZWL12AB01815B3,John Hammond,Preaching Blues (Up Jumped The Devil) (1978 Version),204.255,9,1,7,-12.541,262.16444
SODVOGB12A58A7C5B7,Usher,Pianolude,209.056,8,1,4,-16.611,212.61016
SOVYUTS12AC4688BF4,Dwayne_ Gyptian,Rudeboy Shuffling,137.89,10,0,4,-7.956,245.52444
SOBBKJX12A8C145CEB,Mindy McCready,You'll Never Know,124.218,2,1,4,-6.142,240.69179
SOFBDMA12A8C13CCAF,Sasha,Who Killed Sparky?,126.036,6,0,4,-5.591,733.88363
SOALJQJ12AB0183D02,Pinch,Punisher (Loefah's SE25 Remix),97.343,1,0,5,-15.873,337.91955
SOMFIFG12AB018D4AD,Perpetual Loop,Release,189.972,10,0,4,-12.006,386.97751
SOJIOBS12AB017F545,Pablo Montero,Amor Bonito,97.874,10,1,4,-8.985,169.82159
SOSQLKB12A6D4F84FE,Nana Caymmi,Último Desejo,106.012,11,0,4,-15.081,298.9971
SOCTKZS12A58A7C5E6,Casual,Let Me,83.979,4,1,4,-7.341,270.78485
SOGJTUB12AB017FA85,Bikini Machine,The Race,109.402,9,0,5,-5.073,280.76363
SOOCQDX12AB0183B9E,Max Steiner,The Scarifice Ceremony,202.496,4,0,1,-14.528,145.84118
SOTOVKU12AB018AC33,Aphasia,"sample processing failed (part one: ""why don't you fuckin' remember anything ?"")",68.544,5,1,4,-1.651,207.5424
SOQDNNN12AB018414A,Pagan Wanderer Lu,Ten Cities Is Not A European Tour,87.999,4,0,4,-6.066,297.66485
SOHWXGM12AB0181210,Guillaume Ledent,Le type d'en face,190.309,9,0,4,-7.347,229.8771
SONNQPW12A6D4FAB57,Sergio Dalma,Un Cachito De Ti,164.024,11,1,4,-5.768,253.59628
SOECRTE12A8C14296D,Blue October,Blue Skies,116.896,11,0,4,-6.8,223.29424
SOVAGPG12AB0189963,Joa~o Gilberto,Samba De Una Nota So´,109.107,9,1,1,-13.278,98.14159
SOGXSWA12A6D4FBC99,Lupe Fiasco feat. Matthew Santos,Fighters (feat. Matthew Santos) (Amended Album Version),140.046,2,1,4,-10.027,213.34159
SONXFRI12AB018726F,Uriah Heep,What Should Be Done,143.14,5,1,4,-16.118,252.9171
SOEZSOC12A58A7C152,Willie Barcena,Military Man,116.784,1,1,1,-17.954,146.59873
SOJFBBU12AB0185532,Gloria Lasso,Gitana,108.584,9,1,4,-16.961,185.49506
SOTLLRE12A6D4F8EFF,Dexys Midnight Runners,Breaking Down The Walls Of Heartache,155.521,1,0,1,-6.913,245.36771
SOIDHVM12AB0183B34,Frank Ifield,He'll Have To Go,85.216,4,1,3,-13.192,152.92036
SOGWWAU12AB0188844,Jimmy Wakely,In The Valley Of The Moon,96.801,3,1,3,-20.779,165.61587
SOMLZER12A8C134C00,Chris Jagger,Baby Is Blue,109.346,0,1,4,-12.497,198.03383
SOGTHUU12A67020FF8,Joe Rogan,Voodoo Punnany (Album Version),106.229,4,0,4,-9.022,268.25098
SOEGLEK12A8C139CB7,Billie Ray Martin Feat. Ann Peebles,18 Carat Garbage,126.006,11,1,4,-6.357,466.96444
SOSOZDV12A8C1363A0,Johnny Nash,Loving You,170.987,2,1,4,-12.575,161.67138
SONABHP12A8C137026,Kenny Wayne Shepherd,"Born In Louisiana [with Clarence ""Gatemouth"" Brown] [Live]",90.514,7,1,1,-7.357,386.48118
SODNCTF12AB0187B92,Martina McBride,Make Me Believe,159.886,6,1,4,-6.145,230.66077
SOIUETF12AB0189B73,Gina V. D'Orio,Naval War,168.628,5,0,1,-10.115,139.91138
SOHRRYN12A8C133127,Original Love,Let's Go To The Darkside Of The Moon (Piano Version),75.085,9,0,4,-14.908,164.91057
SOROTVP12A8C13A565,Unkle Bob,What Do I Know,124.094,6,0,4,-6.623,252.18567
SOCLLUZ12A8AE47ACE,Dark new Day,Free (Album Version),133.985,10,0,4,-5.914,278.02077
SOCJBTL12AB0188831,Twin Atlantic,What Is Light? Where Is Laughter? (Acoustic Version),141.925,9,1,4,-5.632,240.19546
SOCDUBJ12AB018994E,Ill Niño,Fallen (Album Version),139.202,5,1,4,-3.984,218.43546
SOHMWZN12A8C13C088,Dropkick Murphys,The Burden (Album Version),140.618,7,1,4,-1.983,175.96036
SOLDTSJ12A58A78E1B,Terror Squad featuring Big Pun,Watcha Gon Do?  (Explicit LP Version),180.017,1,0,4,-5.932,199.99302
SOSYUFL12AB017D815,Aesop Rock,No City - Instrumental,148.017,0,0,4,-11.531,272.87465
SOGQRTH12A6D4F41A0,Jay & The Americans,Some Enchanted Evening,119.441,5,1,4,-11.737,137.19465
SOFMOHX12A8C140B74,Peter Gallagher,Everytime It Rains,104.131,5,1,4,-11.281,182.282
SOWQNPV12A6D4F980D,Rickie Lee Jones,Away From The Sky,87.94,0,1,4,-30.285,331.36281
SOFDYYA12A58A78E73,The Exciters,Tell Him,89.342,6,1,4,-8.813,142.21016
SOFPEHK12A6D4F499E,Raze,Celebration (The Plan Album Version),119.868,1,1,4,-5.33,211.19955
SOAWKUR12A8C1402E1,Brasilian Tropical Orchestra,Retrato Em Branco E Preto,90.336,6,0,3,-17.528,191.03302
SOBEJLH12A8C13B743,Portable,Don't Give Up,123.295,11,1,4,-16.696,369.60608
SODCEXU12AB018B07E,Malkit Singh,Dhol Ton Bina,107.245,2,1,3,-9.645,354.66404
SOSPPHQ12A58A7C079,Jay Pérez,Voy A Olvidarme,101.901,7,1,4,-4.779,223.65995
SOEGWFT12A6D4F89FD,Becoming The Archetype,Ex Nihilo,198.464,8,1,4,-3.217,308.74077
SONFHNY12A8C134D9A,Adam Richman,From The Pain,127.677,3,1,1,-22.646,344.94649
SOFIMNM12AB017A873,Bill Engvall,15º Off Cool (Album Version),126.341,10,0,1,-18.899,307.09506
SONDNEJ12AB0186FAC,Bruisers,Bloodshed,97.341,0,1,4,-9.912,143.62077
SOSUCQN12A8C141DFF,Bebo Norman,Sunday,90.191,5,1,4,-10.488,219.45424
SOTUHWT12A58A7ABA9,Bad Religion,Epiphany,112.918,2,0,4,-3.469,239.882
SOKNZJM12A8C13CC0F,Broadcast,Cool Kid,128.656,0,1,4,-5.932,227.89179
SONPCNG12AB0184E68,Fabri Fibra,Io non ti invidio,92.526,7,1,4,-7.894,228.67546
SOPDDDX12A8C145BD7,The London Pops Orchestra,Imperial March,103.068,5,0,4,-13.599,180.4273
SORKPVE12A81C20227,Van Halen,Runaround (Live Version),130.685,9,1,4,-7.042,321.72363
SOAVCCW12A8C13FAD4,Charlie Louvin,Love And Wealth,90.481,2,1,4,-17.455,156.60363
SOGCCDG12AB0180441,Toby Love featuring Rakim & Ken-Y,Tengo Un Amor,134.012,8,1,4,-6.046,260.28363
SOWHCEB12A8AE476C4,Sandi Thom,Bleeding Love,96.171,7,1,4,-9.621,261.72036
SOHYFPE12A6702090B,Fat Joe,My FoFo  (Album Version - Amended),80.865,2,1,4,-7.004,235.20608
SOSUJVC12A6D4F45F5,Bobbie Gentry,Reunion,99.777,7,1,1,-11.795,156.21179
SOLZHTJ12A8C1370B8,Aeoliah,Temple Bells,136.749,3,1,3,-23.109,269.29587
SOWALNK12AB018A5DD,Pagan Wanderer Lu,The Island etc.,85.073,0,1,3,-11.38,236.01587
SOXEBSL12AC960D95C,France D' Amour,Ailleurs,57.091,6,1,1,-7.736,232.202
SOVJPHX12A6D4F9D48,Ray Barretto,Whirlpool (LP Version),133.12,7,1,5,-10.7,270.88934
SOBMXKO12A8C138F28,Lara Fabian,Surrender To Me,139.711,10,0,4,-9.12,222.64118
SONCJLY12AB0187193,Slackbaba,The Real Trick,120.016,7,1,4,-6.726,330.39628
SOWSDYA12A8C134D67,Faith Hill,Red Umbrella (Album Version),118.077,7,1,3,-5.271,219.84608
SOWQNJG12A8C142B24,Schizoid,Grim Prospects (Harsh Remix),54.316,11,0,1,-3.193,80.09098
SOBAORS12A6D4F6820,Sister Hazel,Come Around (LP Version),217.13,10,1,4,-5.09,235.72853
SOTKTCQ12AB01863FF,Vanessa Daou,Black & White,113.968,4,0,4,-11.166,252.86485
SOERZVM12A8C13C5A4,Leo Ku,Tian Cai Yu Bai Chi Zhi Tian Cai Bai Chi Meng,118.062,6,1,4,-12.53,203.57179
SOPMWKF12AC961828D,Inner Circle,Bed's Too Big Without You,90.018,0,1,4,-5.642,227.81342
SOAYQTY12A6701D156,Sergio Mendes,O Morro (Live At El Matador_ San Francisco),155.792,9,0,1,-16.892,157.67465
SONDHSJ12A8C13F60C,Lexie Mountain Boys,Lullaby For The Dead In Our Life,51.931,6,1,1,-19.07,239.56853
SOXVGNX12A8C13D8A3,Kaizers Orchestra,Ompa Til Du Dör,108.377,6,0,4,-3.696,317.49179
SOQHWMN12A6701E2D9,Rise Against,Swing Life Away,184.591,6,1,3,-7.679,200.12363
SOUMRKX12AB017EAF9,Perfection,Yesss Lord...,127.555,7,1,4,-5.562,251.95057
SOYCOZK12AC9070EB7,Carl Davis,Cranford: Holbrook,66.529,3,1,7,-20.246,157.64853
SODTGIO12AB0183F81,Dennis Brown,The drifter,143.973,7,1,4,-7.914,468.16608
SOLBBCS12AC468D6D0,Ray Conniff,Something To Remember You By,148.929,0,1,4,-13.173,172.30322
SOLYISV12AC4687272,DJ X-Change,Zoned Out,102.662,11,0,1,-5.571,188.78649
SOQHXOA12A8C136BF9,Gal Costa,Wave,123.871,2,1,4,-14.743,230.47791
SOLVETC12AF72A6740,Maxi Priest,Caution,167.278,0,1,1,-14.292,292.25751
SOZHGUS12AB0183E50,Carroll Thompson,Change,127.506,4,0,1,-10.303,188.15955
SOLSYJA12AB018810D,Leon Lai,Mei Zi,130.008,11,0,4,-12.24,265.482
SOVEJCH12AB0187974,Mons Leidvin Takle,Du Er Venta I Himlen,113.069,7,0,3,-12.128,156.13342
SOGZQIX12AB018F072,Taya wooden,Mothers Rastas,160.251,4,1,4,-24.447,267.59791
SOLXPTW12AB017D6EB,Mick Moloney,Medley,229.749,2,1,1,-13.291,204.95628
SOONJAI12A8C135254,Ini Kamoze,Here Comes The Hotstepper,100.339,7,1,4,-3.695,242.59873
SOLCKVN12AB01873D0,Zombina & The Skeletones,Can't Break a Dead Girl's Heart,91.018,2,1,4,-6.818,152.65914
SOODHEW12A6D4F8E96,The Robert Cray Band,Far Away (Album Version),119.788,1,1,4,-9.703,384.522
SOYTSKQ12A8C1373B4,Buddy Johnson,Did You See Jackie Robinson Hit That Ball?,72.74,0,0,7,-9.906,140.01587
SOMFYIV12A58A7F0B5,Mobb Deep,Hell On Earth (Front Lines),91.913,9,0,4,-3.414,274.1024
SOFIGYP12A6D4FA5C7,Vangelis,Twilight,163.789,7,0,1,-24.732,297.66485
SOYWTMP12AB017B32B,Toby Love Feat. Girlz Talk,Yo Quiero Saber,127.971,0,0,4,-6.013,230.86975
SOQIDYH12A6D4F79EA,Leona Naess,Chase,93.259,11,1,4,-5.769,199.07873
SOGCKGR12AB0184479,YZ,More than War,74.413,1,0,4,-11.51,247.82322
SOMCXMF12A6D4FA0EA,Nelson Ned,Antes Que Seja Tarde,164.983,7,1,3,-13.45,149.4722
SOXEXXA12A8C140B83,Kings Of Leon,Woo Hoo,125.19,7,1,4,-5.217,211.40853
SOQTWNU12AB0186528,Ghetto Mafia,Chicken Fed,93.991,9,0,4,-5.407,267.49342
SORXUZT12AB018AC61,Aphasia,"mixture of noize (part two: ""walter sobchak"" - live extract)",65.009,1,1,4,-4.177,984.55465
SOZSESR12AC468B782,The Chi-Lites,The Coldest Days Of My Life,139.925,9,1,4,-10.955,274.83383
SONQTPR12AC4688276,Swans Of Avon,When Heaven Falls,166.011,4,0,4,-7.597,196.54485
SOARLQW12A6D4FAC77,DJ Godfather,From Da Back,170.548,10,0,1,-9.691,45.08689
SOAQINO12AB0185F69,Piero Umiliani,Centrali termiche,144.474,2,1,4,-5.211,140.79955
SOJLUMZ12AB0186CA1,Johnny Pearson,Purple Haze,113.761,5,1,4,-17.496,153.70404
SOHYEJU12AC3DF9CE7,Adam Richmond,Pic & Run,114.057,7,1,3,-14.641,36.10077
SOOPQHG12AB01872B9,Fast Eddie,Yo Yo Get Funky,126.039,6,1,4,-7.202,278.54322
SOSEGYU12AB01847FF,Don Francisco,Gotta Tell Somebody,97.115,9,0,4,-11.013,395.15383
SOAXEBM12AB017E5F9,Steve Green,Launder_ Lather_ Swab & Shower,71.065,2,1,1,-7.774,126.37995
SOKQGOQ12A8C13931A,Happy Mondays,Grandbag's Funeral,113.781,11,0,4,-11.927,200.80281
SOBCRBS12A6D4FBC7A,Clifton Chenier,Clifton's Two Step,203.773,11,0,4,-8.065,191.13751
SOHALYK12A8C13E218,5th Ward Boyz,Ghetto Curse Words (Chopped&Screwed),95.466,9,1,3,-10.117,120.81587
SOBMQPO12AB0189FCB,Andreas Dorau,Warten,104.321,0,1,4,-17.635,224.54812
SOSCUFQ12AB0184B0B,Inhume,Inhume,141.423,6,0,1,-4.469,185.20771
SOUUJHP12AB018FA32,Arika Kane,Never Really Knew U,119.987,5,0,4,-4.561,236.66893
SOZSKYN12A8C13A883,Martina McBride,God's Will,127.434,1,1,4,-10.271,349.33506
SOSWCXN12A6D4FAE3C,Brenda Lee,Your One And Only (LP Version),89.13,7,1,4,-10.002,188.26404
SOSHZVC12A58A79BC7,Scott Krippayne,I Want To Know You More,115.934,9,1,3,-10.216,231.07873
SOTBQXH12A8AE4778C,Papa Wemba,Excuse me,83.529,2,1,5,-12.297,168.6722
SOODZXH12A8C13A7CC,Migraine,Baby Doll,153.372,9,0,3,-14.234,110.75873
SOZALUE12AF729C714,Letters To Cleo,Co-Pilot (Album Version),130.619,4,1,4,-6.037,220.76036
SOKGCTC12A8C13D300,Africando,Lindas Africanas,90.861,5,1,4,-6.846,460.48608
SOFRYEV12A8C139B76,Dr. Elmo,Here's to the Lonely,102.134,9,1,4,-18.619,223.26812
SOFLXEI12A6D4F6639,EPMD,Give The People,98.037,7,1,7,-11.437,310.54322
SOUPAIZ12A6D4FAFD1,The Paul Butterfield Blues Band,Lovin' Cup ( Remastered '97 Version ),68.055,5,0,7,-16.314,161.20118
SOVIUUB12AB017F36F,Bad Company,Call On Me,116.486,2,0,4,-9.745,365.24363
SOHNTCE12A3F1E997C,The Sonics,Tall Cool One,162.609,2,0,4,-12.332,143.64689
SOJMHGU12AB01872F6,Chorus Line,Mamma pettenami,78.031,11,0,1,-16.456,150.69995
SOCOKCJ12AB0180FAC,The Irish Rovers,Planxty Morgan Magan/ The Morning Dew,238.875,7,1,1,-4.621,204.14649
SOIXFAQ12A8C13F588,Corona,You Gotta Be Movin',126.954,8,1,4,-11.432,343.40526
SOIAZQK12A6D4FAE8C,Bobby Vee,Anonymous Phone Call,155.264,8,1,3,-12.562,134.29506
SONLOKJ12AB0187617,The Rolling Stones,Think,132.903,4,1,1,-12.67,189.67465
SOIIKIF12A8C131B3F,Hem,When I Was Drinking,108.054,4,1,3,-14.519,222.74567
SODDUCR12A58A7756F,Marshall Crenshaw,Rave On (Live 1982),162.653,8,1,4,-11.026,95.86893
SOSVMOH12AB018CAD1,Mystic Rhythms Band,Eden,122.875,5,1,4,-9.004,453.66812
SOHWDNK12A6D4F9837,Kiss,Every Time I Look At You,149.012,8,1,4,-7.0,283.84608
SOAQIWX12A8C13C9AB,New Roanoke Jug Band,A Pretty Gal's Love,96.064,2,1,1,-9.384,189.59628
SOODJVB12A58A7B187,False Prophets,Banana Split Republic,119.048,0,1,4,-7.694,242.88608
SODOQYK12A6D4F77FF,John Mayall & The Bluesbreakers,Looking Back,120.736,0,0,4,-7.17,156.9171
SONTOZF12A8C138296,Gisselle,Prefiero Decir Adios,78.571,10,0,4,-8.163,244.34893
SOROWVN12A8C142E90,Rita Chiarelli,Grits Ain't Groceries,120.129,8,1,4,-5.661,208.40444
SOCEAHC12AB0186B7A,Gerald Veasley,Love Letter,76.693,5,0,4,-11.733,251.21914
SOAZGWL12A6D4F7AC2,Brasilian Tropical Orchestra,Yesterday,159.848,5,1,4,-15.783,160.31302
SOZOVJG12AB018632B,Wordsworth,Gotta Pay (Produced by Oddisee),120.2,6,1,3,-6.258,254.98077
SOVURQM12A58A7EA86,Pentangle,The Snows,94.939,7,1,7,-15.567,224.80934
SOLUUHL12AB0181698,DJ X-Change,3,136.993,1,1,4,-6.072,244.08771
SOJQGJR12AB017FF87,Steve Riley & The Mamou Playboys,Katherine,94.073,7,1,4,-8.256,189.64853
SOKZVFO12A8C136AE7,K.I.Z.,Walpurgisnacht,120.234,5,1,4,-5.637,331.31057
SOEGTFO12A8C13EA14,Uphill Battle,Climate Control,107.329,2,1,4,-6.563,323.36934
SOKPOMF12AB01855A6,2 Minutos,Tema De Adrian,102.055,0,1,4,-10.693,178.72934
SOIHELV12AB018684B,Baby Rasta & Gringo,Avisame,187.944,1,0,5,-5.65,219.42812
SOVANGU12AB018AFF5,Thomas Dolby,Windpower,57.909,1,1,4,-10.403,265.45587
SOAMIZZ12AB0182A28,Freddie McGregor,Zion Chant (Album Version),167.48,5,0,4,-9.742,185.83465
SODEVLC12AB0181F63,Candy Lo,Suan Shu,107.983,5,1,3,-6.045,210.6771
SOJAITM12AB017F0A3,Varios,Cuerda viva,85.319,4,1,5,-5.179,243.22567
SODTTUB12AB0184F48,Guns N' Roses,Catcher In The Rye,85.239,9,1,4,-7.483,352.96608
SOQXNZU12AB0186032,Arthur Tracy,Marta (Rambling Rose Of The Woods),76.161,10,1,3,-14.883,195.082
SOJDMEC12A67AE0C83,Delirious,God You Are My God,91.162,2,1,4,-9.833,225.14893
SOIRJSM12A8C14299D,UK Subs,Sk8 Tough,137.277,4,1,1,-6.856,136.77669
SOXPATI12AC907193E,Jaime Jamgochian,God Unchanging,151.939,7,1,4,-6.668,231.60118
SOKXVWW12AB017BA92,Delroy Wilson,Who Cares,142.066,7,1,4,-8.814,191.73832
SOTOCBL12A8C142E58,The Lord Weird Slough Feg,The Spinward Marches,125.418,8,1,3,-4.736,82.52036
SOHXUWV12A58A7B9A5,Mr. Sancho,Slow Love,100.008,10,0,5,-10.448,216.81587
SORTBWU12AB017CC09,Marisela,Decidete,98.07,10,1,4,-9.994,232.14975
SOSELXM12A6D4F8129,Pennywise,Yell Out,201.566,8,1,4,-5.573,154.85342
SOXWACL12A6D4F414B,Jesus Jones,All The Answers,110.47,4,0,4,-5.844,227.73506
SOUDAKO12A6D4F6A89,The Jam,Start!,139.826,0,1,4,-8.015,135.83628
SOMVNKZ12A6D4FC54F,Five Fingers of Funk,Posters,96.627,9,1,4,-12.595,259.3171
SOZTOAE12A8C142E86,Vulgar Pigeons,O.R.P.,132.136,5,0,4,-3.619,125.98812
SOMICNN12A6D4FB16E,Why?,Sanddollars,116.036,9,1,1,-5.59,190.14485
SOKSBBB12A6D4F653A,John Berry,Ninety Miles An Hour,101.04,11,1,4,-10.316,185.7824
SOVAASF12A8C13941E,Gym Class Heroes,Simple Livin' (Album Version),160.938,2,0,1,-6.244,186.46159
SOKQYMF12AB0180F2A,Captain Hollywood Project,Find Another Way,159.083,0,1,4,-8.48,235.62404
SOUTGSH12AB01844C1,Peret,Clavo Y Martillo,240.064,7,1,4,-8.298,124.39465
SOFJSYG12A8C141D50,50 Cent,In Da House Skit,152.227,10,0,1,-13.102,27.68934
SOUAFIJ12A58A7CC67,Tullycraft,Loveless,144.438,5,1,4,-15.799,206.13179
SOIKIJC12AB01839D1,Richi M.,Popcorn,131.01,7,1,4,-7.21,350.22322
SOTNYOE12A8C136ACD,K.I.Z.,Freiwild,183.619,4,0,3,-5.464,234.68363
SOOEUXS12AB018AB2F,Sub Focus,Juno,173.903,0,1,4,-5.036,292.98893
SOASWGE12A8C13A206,Montserrat Caballé;Eugenio  Marco,Bohemios: No quiero que sepa que aquí vengo yo (Gypsies: I don't want him to know that I am here),64.796,3,1,1,-18.119,254.1971
SOVGOEH12AB0189841,D'Molls,Father Time (Album Version),111.217,2,0,4,-13.013,259.16036
SOFUYVH12A6D4F9FF3,Michael Convertino,Main Title [Bodies_ Rest & Motion] (2006 Remastered LP Version),172.221,10,0,5,-18.148,159.16363
SOUGLCH12A8C140306,Aisha Duo,Beneath an Evening Sky,86.903,1,0,5,-19.744,288.60036
SOFRCOR12A8C13DCE7,Bob Wills,South,157.699,8,1,1,-9.394,107.93751
SOHAMPZ12AB018AB4A,Danielle Bollinger,When the Broken Hearted Love Again,130.001,1,1,4,-9.845,555.54567
SOFGXTD12A6D4F8861,Penguin Café Orchestra,Harmonic Necklace,33.009,2,1,1,-41.691,72.77669
SORUPAW12A8C134375,H-Town,Sex Dance,124.152,3,0,4,-6.569,289.30567
SOOFFET12AB0181D0D,Dead To Me,What's Wrong,93.161,8,1,4,-6.5,105.42975
SODOOMJ12AB0185178,Mighty Diamonds,Searching,86.205,2,1,4,-7.633,215.562
SOSZMFP12AAF3B5692,Hatiras,Final Flash,93.749,2,1,3,-4.6,177.13587
SOAUTVB12AB018AFF0,Sébastien Roch,,126.103,4,0,4,-7.162,184.08444
SOUZPOP12AB018DB4E,Madonna,Celebration [Felguk Love Remix],129.974,7,1,4,-5.334,398.15791
SOMEQIJ12A8C139C37,Ramón Vargas,Granada,154.429,3,1,3,-17.725,239.5424
SOFZXJY12AC46876EA,Susana Seivane,Xoanina,76.74,0,1,4,-7.482,180.13995
SOKERLR12AB0186B69,Orquesta Aragon,Fefita,105.461,5,1,4,-7.376,253.04771
SOLDPYY12AAF3B4633,Cama,Fade Away,106.519,7,1,3,-6.147,221.17832
SOEFDUR12A8C14337A,The Del McCoury Band,She Can't Burn Me Now,127.257,0,1,1,-6.748,234.16118
SOUPLIR12A81C206C4,Monty Are I,O Brother,170.038,11,0,3,-3.699,279.24853
SOSHHXZ12A58A7924C,Missy Higgins,The Special Two (Australian Version),139.018,2,1,5,-8.525,267.65016
SOBJQJR12AB0187CB3,Asha Puthli,Asha,121.95,6,1,4,-7.385,351.65995
SOFTJHT12AB0180955,Wendo Kolosoy,Soki Olingi Ngai,88.471,7,1,7,-8.849,305.94567
SOLXKCY12A81C20EFC,Zbigniew Preisner,Colin Tries Standing,125.15,2,1,4,-24.729,50.99057
SOJCPRJ12A8C13AFF0,Cabas,Likua,99.968,10,0,4,-4.201,254.40608
SOXSYXR12AB017D599,Caspian,The Dropsonde,131.648,7,1,1,-23.246,125.07383
SOOHXQA12AC468C52D,Dwight Twilley,Tulsa Girl,132.513,1,1,1,-6.176,145.34485
SORBVLK12A8AE46DEC,Kati,Il Tempo Non Torna Più,104.006,2,1,4,-10.429,260.91057
SORUAXY12A67020A4B,Kanye West / Consequence / Cam'Ron,Gone,114.39,10,0,4,-6.029,333.34812
SOEZDAP12AB0184409,Faces,My Fault (LP Version),119.028,2,1,4,-9.363,187.42812
SOPUGFD12A6D4FB501,Marco Beltrami,Nomads Alive,148.555,7,1,5,-23.685,201.61261
SOOHUOU12A8C1399A5,Dropkick Murphys,The Only Road (Album Version),137.33,6,0,4,-5.044,131.81342
SOTSJZT12AC4686F5F,Jimmie Davis,Jimmie's Travellin' Blues,116.729,9,1,1,-15.582,178.442
SOLKNXC12A8C13577F,Michael Gettel,Memory In The Snow,138.102,9,1,4,-13.084,221.90975
SOUSOTU12A8C13A8E4,Mayday,Dave D. Blues (how To Make It Sting Like A Career) (Album Version),148.661,4,0,1,-7.759,144.40444
SOJHNUQ12AB0186526,Sonny Terry,My Baby Likes To Shuffle,150.059,1,0,1,-17.294,149.41995
SOSZNCW12A8C13F031,Mr. De',Mr. De's Theme,130.019,9,0,4,-6.743,240.09098
SOEORHY12A6D4FD453,Al Rapone,Chere Duloone,220.266,7,1,4,-13.974,185.93914
SOKUQTD12AB0186577,The Marx Brothers,Un jour aux courses: Who's That Man,115.221,9,1,4,-11.058,431.51628
SOQSNYP12A8AE47348,My Chemical Romance,You Know What They Do To Guys Like Us In Prison (Album Version),93.0,7,0,1,-4.192,173.73995
SORKXUS12A8C13E89B,Wednesday 13's Frankenstein Drag Queens From Planet 13,Plan 9 From Outer Space (Album Version),143.913,4,0,4,-3.59,183.53587
SOBWOOT12AB0183896,Lizzy Borden,The Darker Side,115.115,5,1,4,-4.431,379.11465
SOACNEJ12A6D4F6AB6,Eric Champion,Why Do We Do?,115.656,8,1,4,-9.516,310.77832
SOLORFT12AB0189D11,Bob Cheevers,Memphis Til' Monday,112.958,9,1,4,-6.691,240.22159
SOSAMRR12AB018203B,Gerald Veasley,On The Fast Track,112.213,8,1,4,-8.931,371.25179
SOMRQXT12AB017F9E9,Laurie Berkner,Zodiac,141.117,10,0,4,-16.28,58.40934
SOKCQWQ12AB0189111,Slackbaba,And The Beat Goes Om,68.0,0,0,1,-7.319,488.25424
SOPCIDC12A8C136984,Cookies,Yan Chin,110.975,8,1,4,-14.932,171.20608
SOYBHQN12AC4687264,DJ X-Change featuring Joey A,Drop Low,101.327,4,0,5,-9.193,231.78404
SOQGZXC12AC4685ED6,Bonita & Jerry Cormier,Dans un grand mur,135.121,9,1,4,-7.753,138.10893
SOJWIRI12AB01841A7,Ebba Forsberg,Halleluja,85.356,5,1,5,-12.53,348.99546
SOPXWCI12AB0188DE6,Peggy Lee,It Never Happened To Me,144.591,5,0,4,-17.369,138.60526
SOEMAZF12A8C131697,Steve Vai,Fever Dream,112.149,4,1,4,-6.436,364.53832
SONOVWA12A67ADA67B,ÄI-TIEM,Zeit für Streit,183.698,10,0,3,-8.128,288.20853
SOPEWUF12AC468E520,Zachary Richard,See You Later Alligator,137.45,8,1,1,-10.964,193.82812
SOEENNQ12A6D4FA8C7,Blind Willie McTell,Love Makin' Mama (Take 2),123.745,6,1,5,-14.544,173.08689
SOPKLAS12AB018EEBB,Dominic,Simple Plan,87.636,9,1,3,-3.887,230.71302
SOMZKMJ12AB017F236,Suzi Quatro,Don't Break My Heart,217.327,9,0,1,-13.526,175.35955
SOVFUXP12AB018F6F0,Dropkick Murphys,Johnny_ I Hardly Knew Ya,199.497,7,1,4,-3.233,292.25751
SOCCVNR12A81C230BC,Georges Delerue,Platoon - Theme,76.965,4,0,3,-21.161,417.12281
SOAWJAQ12AB01863E0,Tunsi,The Paper Remix,101.527,1,1,3,-8.549,237.7922
SOGKODD12A6D4FB0E5,Chango Spasiuk,Chamamé crudo,159.825,7,1,4,-11.998,351.29424
SOKKLMZ12AB018A141,Eric Burdon,Feeling Blue,97.233,9,0,4,-6.503,288.70485
SOKSCMS12A8C1318CC,Dub Wiser,Atom x,130.019,1,1,4,-7.38,468.06159
SOJVLTP12A8C13C83A,Martin Sexton,Glory Bound (LP Version),141.438,7,1,4,-7.322,267.36281
SOHGOUQ12A8C145269,Pat Metheny,Letter from Home,87.559,5,0,1,-27.754,166.26893
SOBTQJS12AB017E85E,Gregory Isaacs,Out Deh,138.356,5,1,4,-10.918,216.5024
SOKTPEY12AB018170C,Devanic,You Live_ You Die,112.427,4,1,4,-5.419,210.88608
SONWGAE12A6D4FE8E6,When Dinosaurs Ruled The Earth,Glee Club,87.853,9,1,4,-10.721,37.82485
SOGGCHY12AB018C6E9,Corderoy & U4IC DJ'S,3 Spirit,86.668,10,0,4,-9.014,517.642
SOWXUNJ12A58A7E1A4,Raphael,Cierro Mis Ojos,123.149,4,1,3,-7.111,212.61016
SOAJXVE12A6D4F5749,Barry Künzel,Supervisor (Instrumental) (edition Tromo/Rückbank),119.91,7,1,5,-2.911,251.37587
SOXOTFT12AB01826AB,Jimmy Burns,Rollin' And Tumblin',120.674,7,1,3,-10.409,264.51546
SOMOYIF12AB01838BF,Patrick Saint-Eloi,An Plas'ay,116.04,9,0,4,-13.488,319.97342
SOHRYJO12A8AE45E9D,Fun Lovin' Criminals,Love Unlimited (Remix) (Explicit),93.658,11,0,4,-6.351,228.72771
SOTYEJF12AB018D2C2,Ray Kane,Keiki Slack Key (Instrumental),122.651,5,1,5,-18.36,200.82893
SOGNZTE12A67AD8518,Montserrat Caballé/Royal Philharmonic Orchestra/Lamberto Gardelli,Guillaume Tell_ Acte II (1988 Digital Remaster): Ils s'éloignent enfin....Sombre forêt,53.766,8,1,3,-23.576,498.80771
SOGWPOW12A8C142356,Jah Debda,Eastern Magic,90.002,0,1,4,-13.548,277.10649
SOTUHTD12A8C133D88,Tam Tam Go!,Belleza Pasajera,141.394,7,1,4,-11.324,190.04036
SOREKVX12A8C13887F,Blind Boy Fuller,Precious Lord,96.019,1,1,1,-15.631,167.99302
SOGDOEZ12A6D4F9FBF,Carpenters,An Old Fashioned Christmas,80.182,10,1,4,-17.001,134.60853
SOJUJSM12A6D4FAE9B,Bobby Vee,The Story Of My Life,128.599,11,1,4,-7.22,143.35955
SOAZOFQ12A81C20B43,Stephan Micus,For Abai and Togshan,86.066,3,0,5,-21.429,1204.29669
SOWFTOP12A6D4F6E3D,Jonn Serrie,Gentle; the Night (from And the Stars Go With You),112.176,0,0,4,-23.129,435.69587
SOFKDPV12A8C131B03,fIREHOSE,Towin' The Line,90.653,9,1,4,-10.958,167.3922
SOBFXLE12AB0183D1A,Yvette Horner,En Souplesse,189.534,6,0,1,-12.8,162.19383
SOZKTRT12A58A7CF13,Pepe Kalle,Roger Milla,140.269,7,1,4,-9.008,369.52771
SOESPEB12AB018193D,Goatwhore,Sky Inferno,107.485,10,1,1,-5.511,221.20444
SOQDCJO12A6701C086,Sick Of It All,Consume (LP Version),101.143,4,0,7,-8.814,223.7122
SOSPFTC12AB018E880,Sukhwinder Singh,O Raaje,104.978,11,0,4,-7.184,342.43873
SOGBKCK12AF72A0051,Jaguares,Esta Muy Claro,124.057,7,1,4,-8.644,308.4273
SOJXLZA12A6D4F7664,fIREHOSE,Things Could Turn Around,136.13,7,1,4,-10.507,190.51057
SOVJHFQ12A8C13BBF1,3 Doors Down,Be Like That,94.084,7,1,4,-5.206,278.64771
SOFLXUY12A8C1364F6,Christophe Beck,Why Jack Called,94.843,5,1,4,-25.661,150.09914
SOCVAKZ12AB0184D4F,Cali,Un nuovo giorno,87.365,2,1,4,-5.329,158.95465
SOVTKCZ12A8C133DC1,The Tarriers,Dark As A Dungeon (LP Version),101.131,6,1,1,-27.748,246.49098
SOCPLZA12AB018ED00,Ma Rainey & Her Tub Jug Washboard Band,Hear Me Talkin' To You,104.717,10,0,1,-20.594,181.86404
SOGHTLP12AB0187CE8,Nicho Hinojosa,Tus Viejas Cartas,98.705,11,0,4,-9.105,188.36853
SOZUEFV12A8C141169,Pacha Massive,Drive,125.994,9,0,4,-7.761,300.93016
SOACCLQ12A6D4F7F64,Kuldeep Paras,Ek Pegh,104.02,8,0,1,-5.41,301.84444
SOFOFCW12AC468DFC5,Jets,Alligator Come Across (Live),106.68,11,0,7,-12.993,260.38812
SOALEHA12A8C13ECB3,Martina McBride,Thanks A Lot,168.08,7,1,4,-7.711,155.97669
SOTUQQU12AB018CE53,Keira Green,My Heart Goes Up,140.979,0,1,4,-7.278,181.26322
SOJOBPR12A8C13A022,Festival,Festival Resurrection (Outro),125.778,6,0,3,-14.296,281.57342
SOSCXBY12A8AE469FF,Amanajé,Herval na percaria,86.679,5,1,5,-12.508,283.6371
SOZOBFV12AB0181413,Michael Stanley Band,You're My Love,142.706,0,1,3,-8.662,164.07465
SODVBYU12A8C13CB5B,L.a. Dream Team,Rockberry Jam,241.52,6,0,4,-15.734,314.90567
SOWYEGG12A8C132972,Igor Stravinsky,Tango,69.742,4,0,1,-25.736,247.7971
SOTTZPM12A8C13DD62,Los Del Rio,Canela Pa'  Tu Boca,97.986,2,1,4,-4.931,216.78975
SOJPYPL12A58A7A601,North Mississippi Allstars,Teasin' Brown,114.116,9,1,4,-5.827,219.0624
SOSHGJM12AB0184FFC,Channel Live,Turn It Up,187.835,7,1,4,-6.338,238.81098
SOUIULB12A6D4F9B17,Quadro Nuevo,La Muneca de Alcazar,144.047,5,1,1,-15.49,232.9073
SONERDT12AB017EE72,Blue Rodeo,Never Look Back,148.601,7,1,4,-5.778,199.05261
SODPNRD12AB017FB2F,Modern Day Escape,Let's Get Sweaty,140.029,6,0,4,-6.904,187.0624
SOZDRYB12AB0188108,Steve Porter,Mindless,139.044,11,0,4,-9.369,509.33506
SOMXJIW12A8C130351,Stanley Clarke;Herbie Hancock,Old Friends,128.278,9,1,1,-9.421,307.59138
SOJBTCX12AB0180CE9,Jackie Edwards,Welcome You Back Home - Original,150.951,10,1,4,-19.797,160.9922
SONJYDQ12AB018B0F7,The Sugarhill Gang,8th Wonder,213.617,1,1,7,-9.836,451.02975
SOATICR12A8C139BDB,Eko Fresh feat. Summer Cem & DJ Ses,Mönchengladbach Love,91.987,6,1,4,-6.523,244.63628
SOFECIK12A6701DA51,DMX,I'ma Bang,92.4,1,1,4,-4.557,306.05016
SONBXVT12A67ADC81D,Jordan & Baker,Explode (Epic Extended Mix),138.997,6,0,3,-8.171,424.9073
SOKTKBH12A8C136F97,Wayne Kramer,Bad Seed,141.493,8,1,4,-6.623,248.52853
SOPRPKO12A58A7D934,Dorothy Norwood,No Storm,78.958,0,0,4,-12.463,512.91383
SOPRMDL12A8C13CAF6,The White Stripes,A Martyr For My Love For You,85.159,2,1,4,-8.686,259.5522
SOFHWUZ12A8AE48B9D,Freddie McGregor,YOUR LOVE,158.113,9,1,4,-8.042,229.95546
SOYXWRU12AB01801AC,The Irish Rovers,Little Brigid Flynn,115.404,4,0,4,-12.71,182.04689
SOFYQSO12AB018A0DA,KMD,Get-U-Now,103.967,4,0,4,-9.647,147.22567
SOCWJDB12A58A776AF,Rick Astley,Never Gonna Give You Up,113.359,1,1,4,-7.75,211.69587
SOVAHZK12A6310F23C,Radiohead,Fake Plastic Trees (Acoustic Version),99.68,2,1,3,-12.186,281.12934
SOACNSF12AB0184B05,Inhume,Process to decelerate,126.136,5,1,1,-5.01,126.04036
SONEXQJ12AAF3B2A3D,Marco Beltrami,Not A Kid Anymore,113.863,7,0,4,-30.82,115.04281
SODYKGH12A6D4FD729,Bob Margolin,Ice Or Fire,102.516,11,0,4,-8.218,227.00363
SOOLIPF12A8C13B0A2,Henri Pousseur,Parabolics Studies 8,63.103,6,1,5,-15.476,1280.522
SOWIOVE12AB0183FF9,Chet Atkins,Bourrèe,142.48,7,1,1,-17.588,87.64036
SOKEQPR12AB018450F,Grant And Wilson,Find Me At the Greasy Spoon,95.578,5,1,4,-13.308,177.99791
SOOKARV12A58A79B73,The Stolen Minks,Your Broken Heart,112.152,2,1,4,-4.609,233.45587
SOUECYK12AAF3B3AC7,Pacha Massive,Don't let go,105.991,11,0,4,-4.493,205.89669
SOQLAEP12A8C1372F1,Ricky Martin,Fuego De Noche_ Nieve De Día,141.71,3,1,4,-8.527,336.19546
SOXAMTJ12A58A7CD18,Carlos Ponce,Quiero,89.981,7,1,4,-5.933,240.3522
SOUGLNY12A8C135E6D,Don Francisco,Righteous Disgrace,142.23,2,1,1,-12.723,185.44281
SOXRDDV12A8C1380DD,Stanley Clarke,Cruisin',118.188,4,0,4,-11.861,331.33669
SOQTFNI12A8C140C91,Soul Asylum,Slowly Rising,151.941,7,1,4,-5.225,235.20608
SOCYXEO12AB01821FA,Intars Busulis,?o???? DJ,160.275,0,1,4,-4.952,229.11955
SOHRTOF12A6D4F989E,Tigerstyle,Bonus Track,131.999,7,1,5,-5.018,164.93669
SOKCJCW12A8C141987,Mart'nália,Nas águas de Amaralina,60.092,7,1,1,-8.09,224.36526
SOSKOIH12A6D4F8956,Cass Fox,Touch Me,128.865,4,0,4,-6.194,208.1171
SOGEAPM12A8C137932,Sandy Lam,Zhan Zai Di Yi Pai,122.886,10,1,4,-6.693,178.54649
SOXJXPH12A58A7E199,Seventh Day Slumber,Sabados,141.987,4,1,4,-4.935,257.14893
SOIKYQE12A81356CFD,Stephan Micus,Mikhail's Dream,92.203,2,1,4,-19.569,504.94649
SOMCIAU12AAF3B5665,Oscar Peterson Trio,Night And Day,172.514,0,0,4,-22.457,152.13669
SOCZRVD12AC468F110,Los Iracundos,Siempre Soy Tu Barquito De Papel,97.337,0,1,4,-9.081,155.01016
SOHOHZQ12A8C134AAB,5 Blind Boys Of Alabama,If You Don't Pray For Me,110.879,4,1,4,-15.682,173.71383
SOKJEMV12A8C1374AD,The Villas,To Be In Love,127.362,9,1,4,-7.324,179.48689
SOBVBID12A8AE474E3,Hoods,Suffer,103.931,1,0,3,-5.982,63.58159
SOCFGRK12A8C137C8C,Will Ackerman,A Movie Of A Placid Lake On A Moonless Night In September - Reprise,91.6,4,1,1,-28.95,194.19383
SORGPNH12AF72AB8C0,The Berzerker,Pure Hatred,120.907,7,1,1,-2.908,84.1922
SOTDUIP12AB017EDD5,Mungo Jerry,Pushbike Song,167.793,9,1,4,-15.512,155.24526
SOEDSFB12AB018678D,Juice Leskinen,Sietämätön mies,85.677,5,1,3,-4.769,215.03955
SOHBOKB12AB018523D,Natalie Cole,Busted,167.697,5,1,3,-7.092,236.19873
SOGRKIL12AB017DECB,The Real Kids,Take it slow,79.694,9,1,1,-8.623,182.12526
SOBNNRV12AB0186ED3,Ambient Music Therapy,Voice of Angels Drone for Spiritual Well Being,192.242,4,1,3,-17.929,167.3922
SOWCFPI12A8C135047,Rockin' Dopsie_ Jr._ The Zydeco Twisters,Lucille,146.808,0,1,4,-9.246,259.39546
SOLMDFX12A6D227250,B.B.King,Please Love Me,105.552,1,1,1,-10.182,167.49669
SOKHAHZ12A8C138045,Natalie Cole,Don't Get Around Much Anymore,118.222,8,1,4,-15.084,154.61832
SOJLHAD12A67ADF6A9,Paul Rogers,The Hunter,134.551,2,1,4,-7.416,265.01179
SOIITEQ12AB01807A2,Peret,Mi Raza,158.79,5,0,4,-15.447,286.17098
SOQEDJW12A6D4FB3F3,Darryl Worley,Those Less Fortunate Than I,79.534,11,1,4,-7.324,239.56853
SODANQM12CF5F890BC,Jessica Simpson,Be,163.848,5,1,4,-6.53,250.04363
SOFDDSM12AB0182DCA,Syl Johnson,Driving Wheel,122.789,7,1,3,-9.581,238.86322
SOVKCHA12A58A7D703,Juana Molina,Quiero,87.461,11,1,4,-13.092,159.65995
SOBKPYQ12A6D4FBE96,Dave Graney & Clare Moore,You Put a Spell on Me,93.982,7,1,3,-8.448,248.11057
SOKEDWE12A6D4F9592,The Raconteurs,Broken Boy Soldier (KCRW Version),128.186,4,0,1,-7.377,230.5824
SONIYKB12A8C13C92A,Kaija Koo,Tule lähemmäs Beibi,115.979,6,1,4,-6.858,240.45669
SOJJTCO12A58A7932A,Roy Carrier,My Baby Don't Wear No Shoes,104.624,9,0,4,-8.896,220.1073
SOKHGKZ12A8C131E06,La Charanga Rubalcaba,Los Pintores,152.995,5,1,1,-6.422,217.99138
SODDBMC12A8C142729,Natassa Theodoridou,Den Thelo Tipota,120.357,5,0,4,-4.777,233.37751
SOWRSYU12A8C13E417,Bone Thugs-N-Harmony,Servin' Tha Fiends,158.058,1,1,4,-4.875,232.202
SOZKYCJ12A6D4F480A,Jimmy Page / Robert Plant,Thank You,152.313,7,1,4,-12.494,348.08118
SOYORMO12A8C135428,Aleks Syntek,Doesn't Matter Where You Are (Intocable),153.97,10,1,4,-4.994,220.3424
SOLOWOD12AB0180EB5,Marilyn Scott,Take Me With You,110.226,6,1,4,-11.574,245.62893
SOHLMRI12AB0180B3D,Beastie Boys,Flute Loop (2009 Digital Remaster),104.487,7,1,4,-8.649,114.52036
SOWUJXU12AC468EA08,Negura Bunget,Tara De dinicolo De Negura,149.14,11,1,4,-4.388,353.95873
SOCNJZO12AC468D1F5,Murskahumppa,Stora kusetus,138.796,7,1,4,-7.228,92.23791
SOBAUUL12A8AE4817B,Jacques Dutronc,Les Playboys (Version Espagnole),112.78,4,1,4,-9.774,189.36118
SOCAKIC12AC46881B9,Messy Marv featuring Clover Geez,Still Ballin,173.919,2,1,4,-5.608,285.85751
SOCYJPN12A8C13AF0E,Curtis,Not Going Back Again,37.859,11,1,4,-13.35,209.44934
SOZPMSM12AB018A95F,Walter Trout,Running in Place,89.638,0,0,4,-8.677,325.14567
SOBMNXE12A8C140F8A,Bad Religion,Infected,121.524,10,1,4,-8.512,247.58812
SOODIJF12A8C13FDBB,Babylon Disco,Funk You,133.353,1,1,5,-5.144,153.44281
SOPAOCV12A6D4FB022,Dax Riggs,Ouroboros,108.826,8,1,1,-13.234,91.19302
SOBPRPP12A8C13D3EE,Dave Hollister,I Know I Can,89.465,2,0,4,-7.053,363.38893
SOGUUJV12A8C137B8D,Ann Lee,Hold the key,140.097,4,0,4,-5.221,218.72281
SOIGQTL12AAF3B2208,Stockhausen Waterman,String 'Em Up,120.137,7,0,4,-5.978,183.87546
SOMRISS12A6D4FE3D0,Spade Cooley,Its Dark Outside,115.386,2,1,3,-21.585,167.33995
SOMBFHE12A8C13A99B,Galactic,Think Back,104.195,11,0,4,-5.175,238.96771
SOSMONK12A8C139059,ARRESTED DEVELOPMENT,Natural (2002 Digital Remaster),116.032,1,1,4,-7.248,270.36689
SOIVYLE12A67020ED4,Toots & The Maytals,It's You,115.365,1,1,4,-13.276,128.33914
SOQZTQP12AB0180D25,99 Posse,Salario Garantito (Versione Strumentale),165.764,7,1,4,-14.061,369.26649
SOBOMNB12AC4686536,Mons Leidvin Takle,Drømmen Om Deg,70.806,0,1,4,-26.288,121.75628
SORCBQY12AB0179F6A,Mithotyn,Let Thy Ale Swing,179.832,7,1,1,-5.225,58.30485
SOUBZKN12A6D4FB691,Clifton Chenier,It's Hard,109.681,0,1,3,-8.336,204.32934
SOXVMRU12AB018A7DA,Shaman,The Muddy Morning Hymn,131.995,10,0,4,-12.062,456.82893
SONPGMN12A8C1403FD,Little Milton,Walking The Back Streets And Crying,97.521,1,1,3,-16.553,438.88281
SORJGIG12A8AE46ABB,Josh Groban,Mi Morena (Revised Live Version),142.98,8,0,4,-10.439,286.27546
SOTFCLG12AAA8C8768,Brownie McGhee,Tell Me Baby,94.624,9,1,1,-14.4,176.37832
SOCWDKB12A58A786A8,Alacranes Musical,La Segunda De Rosales (Album Version),153.145,0,1,4,-3.423,191.9473
SOWBFRD12AB017EA35,The Sonics,Love Lights,163.371,9,0,3,-14.876,171.15383
SOZTGIY12A8AE47722,Seguridad Social,Soc Mediterrani,140.043,0,1,3,-5.17,378.04363
SORCKJU12A67021859,N.E.R.D.,Don't Worry About It (Edited),61.303,6,1,1,-5.005,221.54404
SODDHDA12AB018CF6D,Sex Pistols,I'm A Lazy Sod (Live),130.429,8,1,1,-4.871,126.06649
SOOCYBE12A58A7928D,Fontella Bass,Rescue Me,124.369,11,0,1,-9.155,165.72036
SOWZMBC12A6D4FB3BB,Penguin Café Orchestra,Bean Fields (Live) (2001 Digital Remaster),129.691,2,1,1,-17.726,277.21098
SOXLBTX12A8C13CDF9,W.A.S.P.,Heaven's Hung In Black (Reprise),161.032,8,0,7,-7.944,193.74975
SOEDZOH12AC90716E2,The Kitchen,...And He Loves It,78.681,3,1,4,-6.361,135.8624
SORPACP12AB017DFDB,Kelly Sweet,Ready For Love,130.106,10,1,4,-8.036,256.93995
SOPUAKC12A58A78E8F,The Refreshments,Rock'n'Roll Heaven,147.02,2,1,4,-4.865,168.4371
SOUITHV12A8C1371D3,Her Majesty's Finest,Prof. Henry Stills,112.519,6,1,1,-5.135,149.34159
SOSXYFZ12AB018C70F,Lili Ivanova,Izgaryam,96.236,9,0,3,-7.402,268.53832
SOGXYDI12AB01865E9,Ram Squad,Dirty South,145.944,2,1,4,-8.665,249.36444
SOULZAX12AB018B8CD,Bambino_ Ivan Tirado,Amor Maldito,77.304,9,0,4,-15.863,374.30812
SOTEHKT12A6D4F87BC,Line Renaud,Cent Mille Guitares,127.956,4,0,1,-9.324,159.76444
SOSJCAZ12A8C141B68,Checkers,Don't Stop Dan,141.019,0,0,1,-12.596,171.31057
SORZCIC12A6310ECC9,Gwen Stefani,What You Waiting For?,136.044,0,1,4,-3.683,225.41016
SOTBFHX12AB0183936,Leroy Hutson,All Because Of You - Original,171.197,8,0,4,-15.244,276.87138
SOJLUYM12AB0187D08,Blingtones,Baby U Acting Greezy (Ringtone_ Sonnerie),93.065,4,1,4,-9.86,28.96934
SOGEYSS12AC3DF9EDD,Tiny Tim/Cast/Ghost Of Christmas Present/Scrooge,Finale: When Love Is Found/It Feels Like Christmas,85.175,2,1,5,-15.111,240.22159
SOCHXRP12A67ADF8BD,Thirst,Forever Tonite,86.0,3,1,4,-8.371,290.69016
SOEKCPO12AB0181049,The Cat's Miaow,Autumn,150.735,7,1,1,-13.924,46.00118
SOFTXIE12AB017AEB1,Wolfmother,Cosmonaut,136.383,9,1,4,-4.433,288.33914
SODQZTC12AB018882F,Cardenales del Exito,Lole Lolaila,186.683,7,1,4,-4.968,237.87057
SOLQCJJ12AB0188587,Greis,Le Choix,156.833,11,0,5,-5.652,275.30404
SONYXUW12A8C13EE49,The Mad Capsule Markets,Good Day (Live),122.732,11,1,4,-4.566,244.55791
SOPGWTM12A58A79E9C,Mance Lipscomb,Shine On Harvest Moon (Previously Unreleased),82.529,5,1,1,-21.874,166.47791
SOAXGWR12A8C1386B6,Legion Of Green Men,Tuggathanug,111.071,11,0,4,-7.272,339.90485
SOQPCKN12AB018AAEA,Bowen_ Robin Huw,All Through The Night (Album),92.656,7,1,1,-13.014,244.29669
SOYQNEQ12A6D4F7003,Juelz Santana,There It Go (The Whistle Song),100.05,9,1,4,-7.468,180.55791
SOJYNHY12A58A7B5CD,Al De Lory,Country Girl,95.871,0,1,4,-11.48,175.49016
SOPZQYB12AF72A186C,John Mellencamp,Peaceful World,157.419,2,1,4,-11.413,218.67057
SOXNMHZ12AC9097DE9,Márcio Faraco,Kanoê,125.989,4,0,3,-16.285,236.35546
SOVUWVD12AB0185694,The Impressions,At The County Fair - Original,133.211,6,1,4,-12.576,124.96934
SOVPMPW12A8C139FD0,Joe Turner,Midnight Cannonball (LP Version),141.749,9,0,4,-6.34,151.40526
SOQDIQK12A8C13CB23,Derek Bell,Sake In The Jar,89.158,7,1,4,-10.507,268.32934
SOTWQOG12A6D4F9421,Tom Cochrane,Paper Tigers (acoustic version),119.331,2,1,3,-6.918,220.81261
SOHLVJA12A8C131840,Henry Lee Summer,I Wish I Had A Girl,127.68,9,1,4,-10.228,266.4224
SOQVOUZ12AC468B719,Jackie Wilson,Each Time (I Love You More),106.328,0,1,3,-14.819,141.81832
SOSEPVE12AB017F984,Nacho Chapado feat. Stephen Massa,B Somebody,128.003,6,0,1,-8.122,371.1473
SOHGLOP12AB017DC66,Donna The Buffalo,Broken Record,86.012,4,1,4,-5.864,196.75383
SOPFSDI12AAF3B4929,Janie Fricke,Let's Stop Talkin' About It,130.02,4,1,4,-12.061,194.5073
SOTCACH12A6D4F7788,Kary Ng,Ai Ni Bian Cheng Hen Ni,110.009,4,0,3,-7.165,209.55383
SOBBJRO12AB01892B8,Eddie Cano,Blue Satin (Album Version),107.023,2,0,4,-26.062,123.66322
SOUTUFC12A8AE4706A,Günter Noris,Bye-Bye - Medley,86.51,0,1,4,-10.76,180.92363
SOGGMZY12A6701FE43,Arthur Brown,Child Of My Kingdom,114.754,5,0,4,-14.1,422.16444
SOFVHDU12A67ADE7AA,The Gathering,Locked Away,105.937,0,1,4,-13.91,215.71873
SOVBPAE12AB01862BF,Owsley,The Homecoming Song (Album Version),83.689,4,0,1,-4.672,179.64363
SOBUUZH12AF72A5BBC,Igor Stravinsky;Columbia Symphony Orchestra,Le Sacre du Printemps (The Rite of Spring)/Part One: The Adoration of the Earth - Introduction,106.343,1,1,7,-30.726,181.26322
SOATHRP12A8C13407D,Sister Rosetta Tharpe,What He Done For Me,181.861,0,0,1,-15.6,162.40281
SOIQNWY12A67AD87D3,The Presets,Truth And Lies,59.496,0,1,1,-6.13,243.9571
SORFQYM12A58A7CEAF,Dean Martin,That Old Gang Of Mine,120.458,2,1,4,-14.103,145.99791
SOWJFHF12AF72A7603,Margaret Becker,Just Come In,162.296,0,1,4,-14.498,268.87791
SOVYLBG12A6D4FA9EB,Jim Smoak & The Louisiana Honeydrippers,Old Dan Tucker,125.674,9,1,1,-3.894,140.64281
SOOVNRV12AC468964C,Rhinoceros,One More Breath,124.285,10,1,4,-5.956,77.11302
SOEKQOA12A6D4FAEA3,Crazy Horse,Dirty_ Dirty  (Album Version),95.415,0,1,4,-9.698,212.92363
SOHCDBQ12A8C13D2FF,Stefon Harris,For You Mom & Dad,103.719,2,0,3,-16.322,374.17751
SOUGGOX12A8C13556D,Angela Dimitriou,Ta Methismena S' Agapo,123.545,4,0,3,-8.558,230.63465
SOGKIQY12A8C1392B2,Shunza,Happy,141.584,11,0,4,-10.331,295.96689
SOKMGZW12AC468A7B9,DJ Slugo,Designer Chick,99.997,11,0,3,-9.336,207.49016
SOFCXZJ12AB0185D3E,Ini Kamoze,Gangsta Roll,119.27,2,1,5,-7.262,229.66812
SOSKXTH12A8C13495D,Gold City,Are You Ready? (Acapella),39.866,3,1,1,-12.193,28.83873
SOBEUSX12AF72A5EBE,David Lynch,Lit'l(er) Song,131.134,10,1,7,-16.111,287.05914
SOFBRTD12A81C20A3C,Mighty Diamonds,Africans,90.274,0,1,4,-15.064,219.58485
SODJFJT12A6D4F67EB,Be Bop Deluxe,Piece Of Mine,127.803,4,1,4,-11.803,312.58077
SOURQEX12AB0188474,Fiona,Everything You Do [You're Sexing Me] [Duet with Kip Winger] (Album Version),108.738,1,1,4,-9.648,254.17098
SOTPLEJ12A8C13BE58,Shelly Manne,Wameru  (LP Version),141.743,3,0,3,-16.017,177.47546
SOOFUMT12A8C133296,NOFX,We March To The Beat Of Indifferent Drum,94.898,4,0,3,-4.795,158.11873
SODRPTE12A58A7BE10,Tommy James And The Shondells,I Like The Way,100.191,0,1,4,-13.961,161.85424
SOYMUVZ12AB018044B,Ghost Machine,What You Made Me (Ugli),160.057,5,1,4,-4.428,201.29914
SOOXGGZ12AF72A0E9B,The Game,Da Shit,172.453,7,1,4,-2.253,323.082
SOVMWGE12AB0181459,Marco Demark feat. Peter Millwood,I Cant Fight This,128.006,2,1,4,-8.274,521.56036
SOEYKSX12A8AE473AF,Fastway,Kill Me With Your Heart,133.393,9,0,4,-8.513,302.15791
SOHGOFL12AB017C569,Laura Mikkola,Variations On a Theme of Haendel_ Op.24: 17,140.422,3,1,4,-35.251,28.23791
SOZRLED12AC9070F7D,Mitch Ryder & Engerling,All The Fools It Sees,84.558,10,1,7,-9.02,302.31465
SORTLYF12A8C1461FC,23rd Turnoff,Michaelangelo,91.118,4,1,1,-11.688,143.80363
SOZDQDQ12AB017DBA7,Various Production,Lost (Actress Remix),118.519,1,1,4,-12.988,366.23628
SOACQYL12AB018B92A,Cyril Pahinui,Mauna Loa (Vocal),130.974,10,1,1,-11.688,458.91873
SOOSHFN12A8C14371B,Jeff Beck,Angel [Footsteps] (Album Version),152.874,1,1,4,-10.529,341.34159
SOFOCIL12AB01842E9,Laidback Luke & Diplo,Hey!,126.958,10,0,4,-6.268,431.51628
SOZOSQN12AB01872A1,Metsatöll,Kui rebeneb taevas,134.897,4,0,4,-4.045,269.81832
SOCIEFE12AB0183821,Jesse Malin,Since You're In Love,120.648,1,1,4,-7.435,260.62322
SOGLETQ12AB0186E93,Lunasicc,Pose No Threat,64.034,2,1,1,-6.274,291.7873
SOZPIND12A8C1364ED,T.G.Sheppard,When I Fall In Love,80.657,2,1,5,-10.344,247.87546
SOGKAHR12A6701F979,The Cure,Doubt,89.32,0,1,4,-18.967,67.76118
SORCKNW12A8C142B3F,Chelsea,Right To Work,167.604,5,1,4,-9.286,200.59383
SOANBYB12A58A7F0C5,Francis Dhomont,Arrete! Arrete! Elle me tue,88.446,11,1,3,-19.36,445.30893
SOZFGBU12A8C138C3F,Ray Vega,Amor A Mi,96.02,0,1,4,-14.002,237.06077
SOEYNCP12AB01877BD,Gran Coquivacoa,Jesus,144.03,8,1,3,-7.746,286.45832
SOMFKGH12AB018A4CF,Pascal Lejeune,Demain au menu,113.998,0,1,4,-8.701,168.01914
SODQFWL12A8C140F11,Recluse,Yellow Moon,135.039,11,0,4,-9.732,436.21832
SOIBXGH12A8C143C8B,Kirk Franklin,Declaration (This Is It!),104.048,1,1,4,-5.015,264.85506
SOFTBCN12A8C13AAC1,Roni Size,Less Is More,109.703,0,1,5,-6.594,373.86404
SOCNRZP12AB0182DC6,Old Soul,Silent Night,135.044,0,1,4,-5.933,85.99465
SOUKKXH12A8C134151,Lil' Band O' Gold,First You Cry,142.709,10,1,3,-13.535,312.842
SOCKJZY12AF72AC273,Suzi Quatro,Too Big,114.638,4,0,4,-8.28,200.202
SORATFS12AAFF4074B,Blackfoot,Blackfoot Allstars,97.003,2,1,4,-5.965,232.85506
SOKJPZX12A8AE45D50,Gloria,All the Way,132.834,1,0,1,-7.714,219.24526
SOAHRLX12A58A7C372,DJ Icey,A Little Louder,135.99,0,1,1,-7.36,356.41424
SORFIYS12A8C13C750,Tum Tum / Double T / LiL Ronnie,She's A Go,155.389,7,1,4,-5.239,214.02077
SOQSEBZ12AB017E984,Charlie Louvin,Just Between The Two Of Us,41.874,5,1,4,-12.986,179.30404
SOTPHGF12A8C142844,Franz Ferdinand,No You Girls,119.943,2,1,4,-12.686,428.45995
SOOQRDY12A8C13A8DF,Mindy McCready,Breakin' It,153.849,1,1,4,-7.365,200.38485
SOGFEYF12A6310DF58,New Found Glory,Sucker,125.307,6,1,4,-5.072,172.22485
SOEOIMK12A58A76E52,Ebru Gündes,Seni Unuturum,120.055,8,0,4,-7.622,248.99873
SOOPLJP12AB017EC77,Joe Bonamassa,When She Dances,69.457,0,1,1,-11.494,293.69424
SOJRLPO12A58A7BDBD,Kellie Coffey,I Just Knew,127.856,5,0,4,-6.223,187.16689
SOYOMGJ12A58A7A668,Donna The Buffalo,Each & Every Direction,131.671,9,1,4,-6.894,376.29342
SOAOFMX12A8C1421AD,John Pagano_ Burt Bacharach,I Still Remember,116.411,5,1,3,-10.271,289.48853
SOOJILM12AB018AA47,Primordial,Journey's End,124.614,9,0,5,-15.176,425.19465
SOAGASM12A8C13DEBF,Sophie Tucker,In The Good Old Summertime,89.898,0,1,3,-14.57,72.01914
SOJHKJY12AC468ED14,La Divina Pastora,Instrumental Traditional,167.614,0,1,3,-6.295,327.78404
SOTOYAE12A6D4F795E,Public Image Ltd,The Order Of Death,102.976,4,1,4,-12.525,288.80934
SOCMUVE12A8AE47257,Henry Mancini,Stardust,70.769,0,1,4,-18.637,182.282
SOYMQBA12AAF3B5701,Julie Zenatti,Si Je M'En Sors,94.992,4,1,4,-7.051,211.64363
SOILNHA12A8C143445,Jesse Malin,Almost Grown,141.271,11,1,5,-9.417,211.85261
SOFJVQM12AB018D52A,Zebra,The Ocean (Live Version),120.599,9,1,4,-9.557,299.93751
SOAGTVP12AB0189926,Kevin Burke,Bonnie Kate / Jennie's Chickens (medley),112.016,10,1,4,-18.03,186.53995
SODBYFM12A8C13F6BA,Pery Ribeiro,Momento De Amor,107.606,8,1,3,-7.484,270.34077
SOCVXHI12A6D4F9722,Erick Sermon,Intro,185.553,0,0,3,-11.851,34.08934
SOYBAZI12A8C138866,Megadrums,Orbit,129.318,11,1,1,-17.846,276.03546
SOZWKVV12A58A7AB8D,The Chinese,I'll Be There For You (Alternate Mix),69.272,2,1,1,-12.338,357.51138
SOVOXXJ12A6D4FB599,Deborah Coleman,Nobody To Blame,140.444,5,1,4,-5.046,230.60853
SOPWUQH12A58A7E5E3,Moments In Grace,Stratus (EP Version),92.222,8,1,3,-5.026,254.4322
SOWQKZC12A8C13F2A5,Carlos Baute,Te extraño porque te extraño,105.01,1,1,4,-4.757,210.6771
SOEELUU12AF72A6AF8,Salt The Wound,Mutations,144.678,1,0,5,-5.419,151.09179
SOOTRCK12AC468DCA4,Xose Manuel Budiño,Burbullas A Grella,133.191,6,0,5,-3.508,235.54567
SOPTPCO12AB018E1B8,The Prodigy,What Evil Lurks,0.0,10,0,3,-9.259,265.76934
SOPAHSW12AB0186F88,Simon Harris,Sample Track 18,102.976,1,1,3,-15.686,185.62567
SOOLXVK12AB018ADBD,Der Plan,FRL. Nicol,185.266,2,1,4,-14.923,123.19302
SOWGRLK12AB0182D6F,Djalma Correa,Percutindo,133.227,0,1,4,-18.696,285.88363
SOBUPWX12AB0188E71,Norther,Fuck You,200.06,6,0,4,-3.779,122.72281
SOAGEPT12A8C137139,Maysa,Eu E A Brisa (2000 Digital Remaster),87.294,10,1,5,-10.204,167.67955
SOYFJKG12A6D4FACC3,Roger Reynolds,Stereophonic Presentation - Process And Passion_ Pt. 4,42.696,2,1,4,-21.49,158.24934
SOEKLNK12A58A7839A,Solas,Clothes Of Sand,87.848,11,0,4,-9.758,255.97342
SOYYWRQ12AB01881C2,Pyranja,Nie Wieder (Toktok RMX),85.989,6,0,4,-12.367,317.09995
SOUZMCR12AB018553E,Mira,Fathom Five,101.773,0,0,7,-15.033,277.99465
SONLCCI12A8C140225,Albert King,Please Come Back To Me - Live,86.702,9,1,1,-11.403,668.62975
SOKQNQT12A8C134DFC,Ray Conniff;Billy Butterfield,Alexander's Ragtime Band,89.148,10,1,4,-9.723,132.8322
SOKNFJO12A8C1427DE,Lady Saw,Freak Break,90.184,0,0,4,-7.198,272.69179
SOLCQTH12AC468C57C,Dixieland Jug Blowers,Banjoreno,126.881,5,1,4,-14.175,193.56689
SOAKAIG12A8AE46D63,5th Ward Boyz,Studio Gangster,165.779,6,0,4,-6.565,245.99465
SOIUELB12A8C13C831,Daniel Kobialka,Timeless Spirals,107.684,9,1,4,-21.031,703.9473
SOIHBHO12AAF3B3EA2,Scott Glasgow,Solemn,42.183,11,1,1,-28.158,85.15873
SOCNERX12A8C13B845,Luis Alberto Spinetta,Oh! Doctor,172.326,9,1,7,-16.21,143.62077
SOBDGFQ12A81C23884,Soul Ballet,the Cool Down,108.023,0,1,3,-7.335,330.37016
SOVGYIG12AB0181967,Scheich,I Like,90.01,11,1,5,-7.746,344.81587
SOQCTJN12A8151DD96,Brian Keane,Time Is/Time Was,123.852,7,0,3,-14.377,158.53669
SOTGKCI12AC468AD32,iTAL tEK,Tokyo Freeze,102.347,11,0,5,-9.298,293.09342
SOHOIUZ12AC4687424,Andrae Crouch,Praises,127.91,3,1,5,-14.316,269.26975
SODOKFV12A58A7B924,D.O.W.N.,I Luv Dat Too,90.997,11,1,4,-8.329,226.69016
SOYPMAY12A6D4F84A5,Renee Rosnes,So In Love,100.89,7,0,4,-19.697,396.32934
SOUYAQM12A8C13802C,Kyle Riabko,Doesn't Get Much Better,102.034,11,0,4,-4.618,211.53914
SOCFLRU12AB018B0E2,KALIMBA,Al Final,65.246,10,1,4,-5.985,297.63873
SOHNNXG12AB0187669,Charley Pride,Help Me Make It Through the Night,76.98,0,1,4,-13.551,172.09424
SOOIWMK12A6D4F6972,Eliane Elias,The Beat Of My Heart,83.219,10,0,4,-21.304,138.39628
SOITOFS12A81C21D00,Gipsy Kings,Camino,91.846,2,0,4,-11.273,303.09832
SOTDRNJ12A8C137751,Deitrick Haddon,Stir The Gift,139.543,7,1,4,-7.077,199.07873
SOESPJF12A8C134EEC,Pascal Obispo,La Prétention De Rien,130.026,9,0,4,-6.709,237.63546
SOHJRBH12AC468973C,Johnny Copeland,Make My Home Where I Hang My Hat,94.552,5,1,4,-13.03,206.00118
SOZTFAZ12A8AE46630,Janis Joplin,Maybe,151.717,8,1,3,-12.494,246.72608
SOHHJZW12A8C141B19,Sonny Terry / Brownie McGhee,Backwater Blues,117.106,4,1,3,-17.516,383.16363
SODGRKA12A8C1436EB,Sick On The Bus,Who R Ya,181.573,7,1,4,-3.977,178.65098
SOMVECE12A8C131335,Mylon LeFevre,Without Him (Ryman Gospel Reunion Version),208.304,7,1,3,-11.899,146.9122
SOCBUYU12A8C13D518,K'Naan,Smile,163.44,4,0,3,-8.138,249.12934
SOYPFVA12A8C139A7A,The Chap,They Have a Name,149.978,8,1,4,-12.919,145.50159
SOOZMNA12AB018470F,JC Lodge,Let's Make Love,168.135,1,1,4,-6.379,217.65179
SOAYXCJ12AB0183822,Kelly Clarkson,Cry,142.137,10,1,3,-4.256,214.5171
SOKLZTC12A8C141362,Dale Hawkins,Wish I Hadn't Called Home,42.897,2,1,4,-14.359,114.65098
SOWRNJC12AB0184DA1,T-Bone Walker,I'm Still In Love With You,81.073,1,1,1,-16.964,171.83302
SOFKVBE12A58A77159,The Products,Punkrock Livin',169.801,4,1,1,-5.984,117.2371
SOHYWWR12A6D4FBED8,The Florida Boys,When He Was On The Cross [I Was On His Mind],70.286,8,1,4,-10.849,210.88608
SOGTRVF12A8C1363B5,Dolly Parton,I'm Thinking Tonight Of My Blue Eyes,168.897,7,1,4,-15.149,171.80689
SOVPWRB12A6D4FB0C3,Dr. Elmo,Happy Halloween Anniversary,65.637,9,1,4,-10.649,151.84934
SORTZRZ12AB0185C09,Z.Z. Hill,It Ain't No Use,87.009,0,1,4,-18.22,189.46567
SOGAALD12A6D4F58F2,The Mars Volta,Caviglia,203.314,2,1,5,-20.934,165.72036
SOJBYZE12AB018EB1E,The Radio Dept,Mad About the Boy,124.968,2,1,4,-11.953,207.20281
SOMUMTW12A6701C7B8,Aerosmith,Cryin',105.804,9,1,3,-3.947,308.76689
SOSCJED12AB018B692,Todos,Los Brillantes Ojos del Angel (sparked Angel Eyes),154.048,9,0,4,-14.79,224.39138
SOJXBTY12AB0187E55,Y&T,Mean Streak,165.712,4,1,4,-9.462,285.1522
SOTFUBR12A8C13E3EC,Faithless,Mass Destruction,88.74,7,1,4,-5.509,259.86567
SOFYNGP12A8C13AB56,Fontaine Sisters,Silver Bells,84.138,7,1,1,-7.35,199.00036
SOFWBHN12AB0185D25,Evergreen Terrace,We're Always Losing Blood,158.976,4,1,4,-3.862,241.44934
SOLLFHP12A58A77467,David & Steve Gordon,Yoga de Sensualite,89.977,6,1,4,-12.162,480.80934
SOLJYSI12AB0182A80,Zbigniew Preisner,Morning at the hotel,82.264,0,1,5,-16.891,146.46812
SOIFHON12AB0185C5F,The Game / Nas,Letter To The King,104.666,4,0,1,-8.216,345.59955
SOLQGKC12AB0187983,Giorgos Tsalikis,Polles Fores,166.93,0,1,1,-5.251,78.05342
SOKVNIC12A58A7B805,W.A.S.P.,When The Levee Breaks,144.252,3,1,4,-4.024,426.78812
SONYQUL12AB0188C4D,Los Munequitos de Matanzas,El Chisme De La Cuchara,102.366,1,1,3,-12.99,184.21506
SOHXHIA12AC9072E10,Sharon Shannon_ Carol Keogh,Summer Sands (feat. Carol Keogh),85.999,8,1,4,-9.565,199.88853
SODWAMH12AAF3B385E,The Jordanaires,Break My Mind,131.395,7,1,1,-12.789,134.21669
SOSBWPG12A8C135B62,The Oak Ridge Boys,God's Hands,67.863,5,1,3,-14.535,154.8273
SOAZXJW12A58A7C4DE,Scar Symmetry,Abstracted,97.687,3,0,4,-3.869,204.95628
SOIIRHU12AF72A4D7C,The Verve Pipe,La La,87.146,11,0,4,-7.899,249.28608
SOBZZEQ12AB018802D,T-Bone,T-Bone,171.52,7,1,1,-5.819,164.70159
SOUQZLK12AC468B143,Skeeter Davis,My Sweet Loving Man,130.196,4,1,4,-6.957,116.89751
SOFJPIM12A8C13B6E7,Daler Mehndi,Gora Gora Badan,140.026,3,0,4,-3.819,237.92281
SOVHCTD12AC9E154F7,Ruben Cossani,Piroschka,68.798,5,1,1,-25.471,10.68363
SOPNFOE12A8AE48AC9,Beres Hammond Feat. Natural Black,Let The Good Times Roll,146.238,4,0,4,-4.845,223.4771
SOWLWCO12AB018B0AA,Ashbrg,Night Shift,94.234,4,0,4,-10.496,164.57098
SOAUFFQ12A8C134623,Simon & Garfunkel,Patterns,107.593,7,1,4,-14.299,182.56934
SOKTGAA12AB01891A8,Indica,Rock N' Roll,145.05,0,1,4,-7.546,461.11302
SOVCQXW12AB017E43D,Steve Chou,Sheng Li Hu Huan,136.06,0,1,4,-6.902,217.91302
SOGFMCG12AC468E4F1,The Charms,See you on Sunday,84.017,9,1,5,-7.235,163.99628
SOHZXJH12A6D4F3B87,Étienne Daho,Le plaisir de perdre (live 1989),172.789,2,1,4,-9.816,261.22404
SOFSJFF12AB018432C,Marcie Blane,Wer Einmal 'A' Gesagt (What Does A Girl Do?),86.708,2,1,4,-9.462,136.38485
SOGTFWG12A8C1323A7,Super Cat,Them No Care,157.5,6,1,4,-7.616,215.66649
SOPHSZY12A8C1332D8,Anna Meliti,Lefkes Selides,89.021,2,0,4,-9.405,208.50893
SOZLOKC12A8AE46C5C,Ramses,Trop De...,165.526,2,1,4,-8.988,156.76036
SOPPWWP12A8C138DD8,Vilma Palma e Vampiros,Bye Bye,197.232,6,1,4,-7.088,344.86812
SOYNIGU12AB018A341,Ron Goodwin,The Milky Way,91.349,0,1,4,-17.84,185.46893
SOOGOAQ12A8AE48C0F,Los Titanes,Dejaria Todo,92.884,2,1,4,-6.139,235.93751
SOAWDBP12A8C144CB2,Syl Johnson,Diamond In The Rough,144.344,4,0,4,-8.242,176.74404
SOIFOJR12AB018C940,Pariah,Resilience,170.063,2,1,4,-6.217,501.83791
SOPQIRY12AB01824FE,Las Niñas,Ojú!!! (Nettlephonic Remix),99.551,11,0,4,-5.518,203.02322
SOKWJCX12AB018542C,Chico Hamilton,Denise (Jeremy Carlstedt Funk Variation),88.98,6,0,4,-8.264,270.602
SOESGIR12A8AE4855D,Chico,Have U Own Things,127.839,10,0,3,-7.91,179.09506
SONNXNM12A8C135EC1,Electric O & Ishkan,The Three X's,88.985,6,1,4,-9.464,304.09098
SOZWAMN12AB018234D,RUN-DMC Featuring Jagged Edge,Let's Stay Together (Together Forever),108.069,2,0,4,-8.689,197.77261
SOWWYSD12A8C13BD9B,Converge,To the Lions,110.631,8,1,4,-3.884,220.49914
SONOMUN12A67020B06,City High,The Only One I Trust,92.922,2,0,3,-10.426,256.33914
SOWBHUE12AB0180BDF,Johnny Otis,Head Hunter,141.662,10,0,4,-12.418,182.46485
SOCJBTQ12A6D4FA539,Leon Berry,Waltzing Matilda,123.816,3,1,4,-9.612,171.59791
SOFLELE12A8C13B2B4,Dr. Elmo,E-mail From Nigeria,97.972,5,0,5,-13.557,203.78077
SOAAEHR12A6D4FB060,Soundgarden,Slaves & Bulldozers,131.272,0,1,4,-9.306,415.81669
SOXOPDV12A8C133674,Vorstadtkinder,Los!,179.82,7,1,4,-4.07,291.21261
SOOEERU12AAA15E794,Leo Gandelman,Saxambando,63.316,5,0,1,-12.998,119.09179
SONEFMV12AC3DF6DB7,David Saylor,Ven a Mi,124.062,11,0,4,-6.143,252.13342
SOOEXUJ12A6701E77F,Nick Cave & The Bad Seeds,Loverman,137.589,5,0,4,-7.971,382.01424
SODLDIV12A6D4F9B96,Milk Inc.,No Angel (radio/album),140.972,1,0,4,-6.263,239.82975
SOABVPU12AB018AA22,Delroy Wilson,Conquer Me,151.498,8,1,4,-9.068,180.53179
SORFQCM12AC3DF9530,YGGDRASIL,Nordfjorloftet,132.261,11,1,1,-14.636,190.69342
SOKRHQK12AB018CCC0,Kat Deluna / Akon,Push Push,130.073,11,0,4,-4.87,188.96934
SOWIGGR12A6D4F6CC4,N.W.A.,Bonus Beats (2002 Digital Remaster),96.171,0,1,4,-9.385,183.14404
SOKERIO12AB018A550,6CycleMind,Across The Universe,74.068,1,1,4,-7.604,267.38893
SOECCRJ12AB017F089,Catherine Howe,Where Would You Start? (From Harry),121.452,9,1,4,-14.166,257.14893
SOCDRTL12AB017E541,Doyle Bramhall,Chateau Strut,147.066,1,1,4,-8.693,235.59791
SOJODUO12A6D4F69CD,Slick Rick,Kill Niggaz,92.551,4,1,3,-6.669,169.69098
SOPDFZR12AB018875F,Rihanna,Breakin' Dishes,127.908,11,0,4,-6.194,199.6273
SOKXYUW12A8C140229,Beyoncé feat. Slim Thug,Check On It,110.695,11,0,5,-4.293,211.17342
SODESIY12A6701FD88,The Firesign Theatre,We Heart Billville (LP Version),57.308,2,1,4,-17.074,108.25098
SOEXVLC12AB018AAE6,Fudge Tunnel,Gut Rot,80.624,9,1,5,-12.422,235.7024
SOCJLPU12AB01890F6,Der Plan,Was Ich Von Mir Denke,99.348,11,0,4,-17.241,213.91628
SOTNZAE12A8C1331F1,Los Muñequitos De Matanzas,Te Ando Buscando,91.943,10,0,5,-11.133,301.19138
SORHVYD12A8C138C56,Megadrums,Suar Agung,104.803,6,1,1,-18.674,314.17424
SOEOVBX12AB0189E1C,Maria & Margot Hellwig/Thomas Lehrberger,La Montanara,84.22,5,1,3,-9.252,192.78322
SOGHJQO12AB0185566,Carlos Embales - Cutumba,A una mamita,98.377,1,1,3,-16.292,418.2722
SOKJVBZ12A8C13C27E,Sun Yan-Zi,That's The Way It Is,86.06,1,1,5,-7.547,215.53587
SONFFRT12AB0188599,Cobra Killer,The Universe is in the Oven,97.433,2,1,4,-6.857,233.40363
SOUGAWG12A8C13616B,Michael Gettel,Wind And Water,152.935,6,0,4,-15.941,308.87138
SOBCQXN12AB01889DB,Eddie Cano,Barsanova Brown (Album Version),124.726,5,0,5,-13.259,129.12281
SOOMZXC12A6D4FA2AD,Tex Williams,Smoke! Smoke! Smoke! (That Cigarette),84.851,9,1,5,-11.992,174.73261
SONSHOY12A8C13E81D,Prince & Tevin Campbell,Round and Round ( LP Version ),107.469,7,1,4,-10.485,235.78077
SOVCJCE12A8A9D59F4,The Marx Brothers,Florida By the Sea - The Cocoanuts,91.722,8,1,3,-12.73,128.23465
SOAPICM12A81C228EB,Lynette Schultz,Take Me Down To LA,154.734,9,1,1,-7.911,250.98404
SOBWJDG12AB0182BA7,The Cannanes,Winding Down Again,161.045,7,1,4,-12.704,188.31628
SOTMILP12A8C13D2CC,Pantanito,Aceite,112.995,11,0,4,-7.622,51.12118
SODPCGN12A8C13A4AF,Los Originales De San Juan,Domingo Valdovinos,112.442,7,1,3,-8.196,181.86404
SORTCHS12AB017E07C,Paul Thorn,Mood Ring,159.894,7,1,4,-8.146,236.53832
SOLICRS12AB0186198,The Fray,Absolute,140.577,3,1,4,-5.432,227.082
SOIFDWL12A6D4F8A98,Fun Lovin' Criminals,We Have All The Time In The World,91.833,9,1,4,-9.472,221.33506
SOUYCQF12A58A7DCD4,Pitch Black,Smpty spaces missing units,106.683,1,1,1,-20.269,379.66322
SOMYIML12A8C140E3F,Janet Paschal/Charlotte Ritchie/David Phelps,It Won't Rain Always,103.47,4,1,4,-24.057,202.4224
SOSACTG12A8C144B2B,The Fureys,The Anniversary Waltz,89.236,11,0,3,-18.302,240.74404
SOWKBEA12AB0180A0A,Pedro Aznar,Amor De Juventud,127.279,7,1,4,-16.223,368.3522
SOWXUHS12AB01888EE,Gloriana,Bambenella d' 'o mercato,112.681,10,0,4,-14.441,196.30975
SODMJQQ12CF4E25877,Stevie Ray Vaughan And Double Trouble,Mary Had A Little Lamb,122.546,8,1,4,-14.373,166.73914
SOMQFTE12AB0188B21,Jope Ruonansuu,Matti Ja Teppo,127.968,4,0,4,-7.714,216.63302
SOOSFFJ12A8AE46BA1,Jane's Addiction,Ain't No Right ( LP Version ),139.211,11,1,4,-10.451,214.54322
SOENDEG12AB01887F5,Tyrone Taylor,Heavy Waist Line,102.637,11,0,5,-11.879,161.61914
SOSXRMA12A8C142E43,Los Traileros Del Norte,Andale,94.895,0,1,4,-8.263,152.89424
SOTXLGG12AB01870EB,James Taylor,Brighten Your Night With My Day,79.499,9,1,4,-26.024,153.28608
SOMNEWY12A8C1448D2,Nino Nardini,Bumbling Along,88.678,0,1,1,-8.837,33.20118
SOVXXAI12AB0186C66,Carlos Jimenez_ J Elvira_ Oliversam,La vida (Jp Candela & Vlada Asanin club mix),0.0,5,0,3,-11.861,367.46404
SOSUEYB12A6D4FBF7E,Andreas Dorau,So Ist Das Nun Mal,84.994,7,1,1,-11.188,312.94649
SOOGNYW12AB0184EB6,Séamus Ennis,Happy To Meet & Sorry To Part,130.402,1,1,4,-17.17,150.56934
SOURQCZ12AC468CA6C,Roy Brown,Travelin' Blues,159.356,1,1,3,-15.93,229.51138
SOCVHTO12A8C1354C6,AZ,Pleas Made Against Stasis,36.802,0,0,1,-24.904,134.81751
SOKSINK12A8C13CB9B,Spongebob Squarepants,Het Spongebob Squarepants Lied,125.261,7,1,4,-8.597,144.61342
SOYNFCY12AB0182632,Blind Boy Fuller,Big Leg Woman Gets My Pay,172.703,2,0,4,-18.745,162.29832
SOFIORO12A6701E97A,Nirvana,Aneurysm,137.231,7,1,4,-4.734,271.69914
SOWOAZS12A8C14159D,Santana,Interplanetary Party,84.014,9,0,1,-4.146,246.72608
SOIJNPP12AB0186036,Arthur Tracy,So Do I,123.924,0,1,7,-19.212,165.642
SOBXHFD12A8C13B1B9,Roger Sanchez,Lost,127.929,7,0,5,-11.049,532.37506
SOUBPPN12A67AD85BB,"Clarence ""Gatemouth"" Brown",Someday My Luck Will Change,89.015,5,0,3,-9.888,333.37424
SOILLHT12AB0186215,Candy Lo,Ma Zui,105.78,2,1,4,-8.006,247.58812
SOEPMHW12AB018859A,Leningrad Cowboys,Ulan Bator Girls,169.938,9,1,4,-7.497,195.5522
SORJLST12AB017F540,Pete Philly & Perquisite,Eager (Live),104.57,11,0,4,-7.307,269.40036
SOJCXNZ12A8C143C36,Cross Country,In The Midnight Hour,81.95,4,1,1,-13.485,193.64526
SOWAXWW12A8C139F60,Mr Brown,The Roof Song,79.993,11,1,4,-7.176,266.44853
SOOVRAK12AB017CB42,Epitaph,Ride The Storm,81.887,4,0,4,-5.67,247.14404
SOVFFVM12AB0186705,Wendo Kolosoy,Marie Marie,81.249,0,1,3,-6.819,397.76608
SOITNRQ12AB01884D3,Juan Diego Flórez / Orquesta Sinfónica de Madrid / Jesús López-Cobos,Vos plaintes_ vos regrets_ augmentent mon supplice,70.886,7,1,7,-22.694,35.44771
SOJHYOF12A8C131DDE,Jaci Velasquez,Nothing But Sky [Outro] (Album Version),104.064,10,1,4,-7.255,62.27546
SONDPLZ12A8C13270C,Charley Patton,Mississippi Boweavil Blues,114.177,6,1,7,-14.873,191.11138
SOKYJYU12AB0186429,The Fray,You Found Me,151.983,11,1,4,-6.093,240.56118
SOQACBY12AB0187937,Buju Banton,Excerpt Of A Speech By Marcus Mosiah Garvey,104.775,1,1,5,-21.569,56.842
SONIUGT12A8C1403F3,Manjul,Any Wich Way (Freedom Must Come),155.012,1,1,4,-11.675,226.21995
SOBVPQV12AB018353C,Bersuit Vergarabat,Se Viene,148.412,7,1,4,-3.935,220.29016
SOAVAUP12AB0181301,The Police,King Of Pain,86.693,7,1,5,-5.03,318.01424
SOHWAHE12A8C13DDD1,Dub Pistols feat. TK & JMS,Open (Koobas Koobatronmix),108.998,1,0,4,-6.357,238.18404
SOAOJRS12A8C13C698,Jerry Lewis,Shine On Your Shoes,71.913,3,1,4,-10.386,136.93342
SOQZDKB12A58A78F4A,Warrant,All Night Long,94.401,1,1,4,-5.244,161.54077
SODPLFO12A58A79F84,Loop Guru,The Mystery Epoch,109.319,9,1,7,-13.798,70.26893
SOSWGFX12A6D4FA2B1,Tex Williams,Wild Card,150.486,0,1,1,-12.271,140.79955
SOTCFVP12A8C13636A,Columbia Symphony Orchestra;Igor Stravinsky,The Firebird/Apparition de L'Oiseau de Feu_ poursuivi par Ivan Tsarévitch,71.998,4,0,1,-22.177,135.88853
SOLWALE12A8C13F621,Jo-El Sonnier,Amazing Grace,123.472,0,1,3,-10.73,192.67873
SOLGODL12AB017CD18,Roy Drusky,Three Hearts In A Tangle,92.851,10,1,1,-23.611,167.70567
SOHASMZ12A8AE48671,Annie Lennox,Erased,167.997,7,0,4,-7.787,280.00608
SOXSPET12AB0183111,Pumpkin Buzzard,Captain Fury,140.044,2,1,4,-6.621,56.29342
SOVGRXC12A6D4F94A8,Brenda Lee,Against My Will (LP Version),118.297,2,1,3,-12.992,205.13914
SOPCERW12AB018A2B5,Cirrus,She kills,110.507,4,1,4,-6.827,210.05016
SOAPYOS12A8C133890,Ann Hampton Callaway;Laura Benanti;Michael Gruber;Everett Bradley,Stompin' at the Savoy,194.039,5,0,3,-12.183,217.73016
SOPPYSE12A8C140533,Terry Callier,Holdin' On,95.861,0,1,4,-10.859,327.05261
SODERUM12AAA15D6D3,Percy Faith & His Orchestra,Standing On The Corner,124.246,7,0,1,-9.965,168.07138
SOKFNCF12A8C13CC7B,Malefaction,Forever,231.145,7,1,4,-4.135,53.36771
SOEXTIX12A8AE4946D,Jacques Higelin,Coup De Lune (Remasterisé En 2007),120.356,7,0,3,-8.253,253.09995
SOTVLSG12AB0183BF4,Michelle Wright,Go Tell It On The Mountain,134.089,7,1,4,-6.234,171.4673
SOLAWQF12A58A7B176,Kanye West,Skit #2 (Kanye West/Late Registration),60.046,1,1,1,-12.368,31.32036
SOCZJFC12A6D4F7C3F,Maurice Chevalier,Je Vous Revois_ Madame (Flm ''Le Vagabond Bien Aimé''),86.762,4,1,7,-17.321,178.99057
SODBQYW12A6D4F6CFA,Beres Hammond,Call On The Father,155.769,4,0,4,-8.574,229.51138
SOJBGIF12A58A7DA69,The London Theatre Orchestra,Amthran Na Bh Fiann (Ireland),98.465,10,1,4,-13.826,175.59465
SOIEAMX12A8C137AED,Hotwire,Colorblind,125.367,10,1,1,-4.658,223.63383
SOQIMOE12A58A7A85E,Percy Faith,Under The Bridges Of Paris,158.009,0,1,3,-21.141,166.05995
SOIKTRT12A8C13999E,Os Gaiteiros de Soutelo,Estroupele-Troupele. Muiñeira,115.42,8,1,3,-12.36,152.94649
SOGDEPN12AB018C5C0,Gyptian,Harda They Come,155.112,7,1,4,-5.264,165.85098
SOXDXMS12A8AE454DD,Plasmatics,Lightning Breaks,134.102,0,1,4,-5.936,168.25424
SOWGJJK12A58A7DB2C,Madilu System,Bruno Dika,85.316,2,1,1,-3.878,395.04934
SONZNVN12A6D4F6D28,John Van Tongeren,Salvation,150.111,0,1,3,-8.592,45.37424
SOXNKKP12AB017B31F,Toby Love featuring Julio Voltio,We Got It (Cadillac),121.004,5,0,4,-5.865,278.12526
SOFELMB12A8AE48525,Johnny Cash,A Boy Named Sue,115.62,10,1,4,-6.021,216.81587
SOQBGKC12AB0184F05,KALIMBA,Nunca Sabras,77.722,4,1,4,-6.062,229.14567
SOKLIMD12A8C145AC3,Aaron Watson,Whiskey on the Fire,130.985,2,1,4,-8.81,171.10159
SOFMZFX12AB018437A,Tullycraft,Bee Sting Stings,137.54,2,1,5,-7.174,201.24689
SOEROGE12A6D4FACDD,Panzer AG,bereit,0.0,1,1,0,-4.309,233.27302
SOXLBKT12A8C14285E,Rockin' Dopsie_ Jr._ The Zydeco Twisters,Funky Butt,91.737,7,1,4,-8.112,212.87138
SOIQITW12AB018827D,Doug MacLeod,Take Your Leave Of Me Baby,92.911,7,1,4,-12.529,267.59791
SOZVKHH12A8AE471B6,Mariano Yanani,Could You Be Love,103.952,5,0,4,-17.943,216.65914
SOVPUVS12A6D4F7988,Shawn Colvin,These Four Walls,165.597,9,1,5,-8.446,177.18812
SOYRWCZ12A58A7F91B,Ray Barretto,Guarare (Live At The Beacon Theatre),98.453,8,1,4,-8.869,538.06975
SOYQRQE12AB0187B52,Scarlet's Remains,1492,170.702,0,1,4,-8.039,215.90159
SORVKAX12A8C1343AA,K-OS,Man I Used To Be,104.128,7,0,4,-8.613,304.16934
SOCQUSZ12A8C1421AE,Tony Malone And The Rapparees,The west's awake,65.287,7,1,3,-15.511,267.85914
SOKPXAZ12A58A802CF,The Lord Weird Slough Feg,Baltech's Lament,97.045,6,1,3,-6.172,252.62975
SOEOKUY12AB0186AF6,London Theatre Orchestra,If Ever I Would Leave You,74.531,10,1,4,-18.822,163.65669
SOKYRWT12AB01815B9,Yolandita Monge,Páginas del Alma,100.68,2,0,4,-10.451,183.90159
SOFLPJR12A8C134166,T.O.K.,Saturday,97.997,2,1,4,-6.927,225.72363
SODSOBX12AC4686B4D,U.K. Subs,Warhead (Live in Croatia_ 1993),161.172,0,1,4,-16.531,241.99791
SONCTXN12A8C134A81,Sophie B. Hawkins,Did We Not Choose Each Other,146.775,11,1,4,-8.6,265.06404
SOUTSZU12AB0185C96,Maria Muldaur,It Feels Like Rain,87.702,5,0,3,-17.684,411.01016
SOSUZKN12AB0182AED,The Lord Henry,So So So,96.967,0,1,4,-7.689,240.84853
SOUOXQJ12A58A7E777,Glad,Immortal_ Invisible,68.826,7,1,3,-14.042,174.52363
SOUHACE12A8C140623,Way Out West,Banzai Washout,182.487,9,0,4,-6.272,155.89832
SOCMIQN12A8C1414C0,Mikey Dread,Quest for Oneness,157.983,11,1,4,-9.791,184.47628
SOGCPID12A8C139F54,Jo-El Sonnier,Mardi Gras Mambo (Cajun Mardi Gras Album Version),90.017,9,1,5,-8.529,180.61016
SOQLJBF12A8C13942A,Alice Cooper,Caught In A Dream (Album Version),137.258,9,1,1,-12.693,189.90975
SOPVTMB12AB0189152,Rancid,The Bravest Kids (Acoustic),102.394,7,1,4,-5.28,94.01424
SOKBGFX12AB0188810,Old Man's Child,Life Deprived,164.595,1,1,4,-5.52,288.44363
SODTZIR12A8C13025B,QBO,Magico,205.739,11,0,4,-4.867,189.6224
SOYMMRW12A8AE4625D,Christina Aguilera,Genio Atrapado,84.655,5,0,3,-3.676,278.04689
SORIZXJ12A6D4FB83C,Los Traileros Del Norte,Dolor,83.953,9,1,4,-8.35,185.12934
SOBFWMT12AAA8C5AC5,Los Ninos De Sara,Espana tiene sabor,120.971,6,1,4,-9.578,223.7122
SOISUCV12A8C133542,Guitar Slim,When The Sun Goes Down,95.643,8,1,3,-18.662,151.64036
SOOFAMF12A6D4F5D2F,Simple Minds,See The Lights (2002 Digital Remaster),125.344,1,1,4,-7.968,261.8771
SOGFVYV12A58A7E25C,Connie Smith,Cincinnati Ohio,138.657,11,1,4,-12.469,125.17832
SOSNWQV12A8C13B736,Nancy Walker,I'm Kinda Partial To His Puss (from My Square Laddie),43.485,5,1,4,-15.61,215.95383
SOROOHN12A8C13AE44,A Different Breed of Killer,The Cleansing Apparatus,192.725,6,1,7,-5.029,187.24526
SOAERZM12A8C13CA55,Little Milton,Little Bluebird,167.665,0,0,3,-14.245,394.762
SOAOYFX12AB018686C,Galactic,[Hidden Track],121.26,1,1,1,-7.724,89.67791
SOAWCYO12A8151DF97,Franz Ferdinand,Do You Want To,124.01,0,1,4,-3.509,214.9873
SOEYPBL12A8C1357C7,Aswad,Ina Your Rights,167.312,2,0,1,-8.777,280.94649
SOLANWU12A8C141D4D,Rance Allen Group,The Painter,100.288,0,1,4,-13.318,199.13098
SOXGKJJ12AB0183C53,Michael Stanley Band,Bop Till You Drop,174.271,11,0,4,-12.88,264.04526
SOAUCRB12AB0181238,Nouvelle,Céu do Brasil,220.026,2,1,7,-14.659,229.51138
SOODJPE12AB01815F8,Kanye West,School Spirit Skit 2,201.792,8,1,5,-13.928,46.602
SOGRGML12A8C136D75,Sonny Terry & Brownie McGhee,Ain't No Tellin',103.302,3,1,4,-17.55,173.47873
SOLTJIM12A3F1EAEE1,Bill Cosby,Hold On I'm A Comin' (Album Version),117.047,0,1,4,-11.186,156.39465
SOHVIKX12A58A7D0ED,MIMS Featuring J. Holiday,Be My Hustla (Explicit) (Feat. J. Holiday),132.844,5,0,3,-5.808,225.51465
SOKFUPW12A6D4FB2BB,James Darren,P.S. I Love You (LP Version),56.977,3,1,4,-12.917,172.25098
SOJIURA12AB018989C,Darden Smith,Midnight Train,154.403,3,1,4,-8.666,226.32444
SOUGKFV12AB0184F4B,Glen Washington,Strangers In The Night,153.602,11,0,4,-4.859,201.56036
SOGOAGM12AB017E99E,RUN-DMC vs. Jason Nevins,It's Like That,129.07,0,1,4,-6.748,250.06975
SOIGZOE12AB017F37D,Los Fabulosos Cadillacs,Vos Sabes,114.72,6,0,3,-6.393,189.88363
SOJDQMV12AB0182752,Alfredo Kraus - Orquesta de Conciertos de Madrid - Pablo Sorozábal,El último romántico: romanza de tenor,92.475,4,1,3,-13.608,243.48689
SOJDURH12AB018847F,Izzy,Irapijerkifly,96.049,1,1,4,-16.51,212.32281
SOXWHXX12AB018E307,Albert Préjean,Une java,178.596,2,1,3,-11.963,190.17098
SONGBWJ12A58A7AB4D,Generation X,Rock 'n' Roll,187.222,2,1,4,-8.957,183.84934
SOQNFQI12AB018882C,Jimmy Wakely,Mine All Mine,92.596,9,1,5,-16.626,178.1024
SOZYQQT12A8C13B4EA,Django Asül,Agenda Zwei Null Eins Null,87.279,9,1,4,-11.876,365.73995
SOLCYFR12A6701D233,Guns N' Roses,You're Crazy,167.927,1,0,4,-2.246,284.99546
SOXFSTR12A8AE463B0,Muse,The Small Print,161.631,2,1,4,-3.589,209.00526
SOGQDUA12A67021132,Georgia Satellites,I Dunno (LP Version),166.323,9,1,4,-11.865,190.40608
SOFTUGY12A6D4F2B95,Vivian,Easily,165.019,7,1,4,-5.714,212.37506
SOAQHFF12A8C139DD9,Pretty Boy Floyd,Shut Up,132.025,7,0,4,-9.074,236.042
SOKGHWU12A6D4FB9F8,KT Tunstall,Paper Aeroplane (Live From 'Drastic Fantastic' Tour),99.379,2,1,4,-18.054,282.5922
SODOOMF12AB018D375,Glad,This is My Father's World/For the Beauty of the Earth,115.487,6,1,4,-12.998,234.762
SOPEEDH12A58A7C407,Dntel,Termites in the Bathtub,120.162,4,0,4,-12.796,264.77669
SOGNTZY12AC4689F04,Orlando Pops Orchestra and Andrew Lane,Main Theme from Jaws,108.895,2,1,3,-23.145,430.94159
SOLUHDN12A8C13714D,Dennis O'Neill,Oh! quand je dors,80.77,4,1,1,-25.056,384.62649
SODLBPC12A8C13E618,Talib Kweli,Say Something [featuring Jean Grae] (Album Version),190.008,10,0,4,-6.434,222.11873
SOCLEZT12A8C13CE4A,Orbital,Farenheit 303,123.992,6,0,4,-15.046,504.47628
SOWWTHH12A81C237FE,Glen Campbell,After The Glitter Fades (LP Version),155.839,4,1,4,-17.913,166.39955
SODFTEM12AF72A8D40,L.A. Guns,Wanted Dead Or Alive,150.056,7,1,4,-13.051,302.52363
SOTCXIY12AB0183D7A,Michèle Arnaud,La vie d'artiste,111.152,3,1,1,-12.859,163.05587
SOOIAPQ12AB018E44A,Gerald Clayton,Scrimmage,76.425,4,0,4,-14.232,393.63873
SOKJNAP12A81C22CAA,Kaija Koo,Viimeinen lento,167.857,1,1,3,-9.933,182.33424
SOHLFGQ12AB0186CAD,Gene Simmons,Drinkin' Wine - Original,103.301,7,1,4,-12.567,162.01098
SOHTQAS12A6701C7BA,Aerosmith,Crazy,162.343,6,0,3,-4.277,319.73832
SOJAKEW12AB017D93A,Ned Miller,From a Jack To a King,99.334,3,1,1,-10.112,131.83955
SOJZXAM12AB0180ED6,The Shangri-Las,Out in the Streets,105.832,6,0,4,-11.219,161.48853
SODNUZL12AB017B1E8,Assassin,Str8 M.O.B.,180.008,9,0,4,-6.694,230.47791
SOIDULJ12AB017BDBA,Herbst9_ Z'ev,Reinvigorated (Maschinenkult_ Pt. 1),162.781,0,1,1,-13.785,501.55057
SOLCNJN12A6D4F7740,MxPx,You Found Me,101.106,11,0,1,-5.41,151.24853
SOYNMFH12A6D4F50E2,Héroes del Silencio,Oración (Directo),110.576,11,0,4,-4.884,249.86077
SORJXMA12A8C13924B,Herbert Von Karajan,Conc Orchestre Sz.116/Allegretto (2eme Mvt),205.694,6,0,4,-26.44,387.44771
SOMABKL12A8C138314,John Tchicai,Drunnhvita Elevator,105.096,1,1,7,-39.325,191.92118
SOYWESB12A8C1412F3,Dale Hawkins,Pretty Little Thing,85.794,9,1,1,-9.503,168.59383
SOCQBOB12A67AE23D8,Gabriel Yared,Chile con carne,89.871,11,1,4,-21.032,194.82077
SOAKPEL12A6D4FC126,Line Renaud,En Écoutant Mon Coeur Chanter,66.974,6,1,1,-8.546,171.96363
SOSJWRY12A8C1416DB,Bruce Rowland,Mountain Theme,120.664,7,1,4,-21.141,113.99791
SOGMQYW12AB018C302,Johnny Winter,Shed So Many Tears,111.716,7,1,3,-15.086,135.99302
SOUPORI12AB0189C84,Rui Da Silva,Lixuneanos (Original Mix),129.927,3,1,4,-8.229,635.92444
SOQHNCH12A8C13DDFC,5th Ward Boyz,Ho Shit (Chopped&Screwed),130.729,2,1,4,-6.712,261.11955
SOXAWVI12AAF3B5338,Mae West,Little Bar Butterfly,123.204,1,1,4,-11.131,95.08526
SOYHMPJ12AAF3B387B,Call To Preserve,Hope For The Fallen,158.018,5,0,1,-1.672,175.22893
SOVNIAU12A6D4F7C63,Inspector 9,Not Missing You,121.892,5,0,4,-10.032,267.91138
SOUYBZV12AC468E677,The Jackson Southernaires,Show Some Sign,142.523,5,0,4,-7.926,273.68444
SOWRHSP12A58A77A73,Commander Cody And His Lost Planet Airmen,Too Much Fun,106.925,9,1,4,-12.484,205.71383
SOLVDDZ12A8C13570B,Asleep At The Wheel,The Son Shines Down On Me,104.098,11,1,3,-17.127,243.98322
SOJOICW12A8C13B533,Sandy Lam,Shi Guang Ben Shi Wu Zui,139.213,11,1,4,-10.782,220.15955
SOLAFCK12AB0187E57,deadboy & the Elephantmen,No Rainbow,161.68,6,1,3,-10.752,275.46077
SOABYBF12A8C138A09,Klaus Badelt,Severe Severing,246.593,9,0,4,-22.28,592.56118
SODTFNP12A8C1383EE,Anthony Cruz,Sin Ti,178.721,5,1,4,-13.159,324.98893
SOTOZVC12AB01870D1,Marcus Miller,3 Deuces,100.135,0,0,4,-12.878,382.95465
SOCHSZG12A6D4F7CD7,The Police,So Lonely,156.957,7,1,4,-8.282,289.64526
SODCSUB12AC90716E6,Ebba Forsberg,Ta Min Vals (Take This Waltz),47.754,5,1,4,-12.98,367.80363
SOMBTZH12A8C13BB75,Del The Funky Homosapien,Corner Story,87.955,4,0,4,-7.531,242.85995
SOFQVYJ12AB017FBBF,Aurlus Mabélé,Frères de sang (feat. Meiway),125.916,0,1,4,-4.355,356.88444
SOWKEFC12A6D4FB2BE,James Darren,Your Smile (LP Version),192.114,10,1,4,-11.828,155.6371
SOMJOYB12AB0185BC5,Leon Lai,Mei Tian Ai Ni Duo Yi Xie,119.999,0,1,4,-5.651,255.00689
SOMPMVQ12A58A78C8E,Tha Alkaholiks,Only When I'm Drunk,104.458,7,1,4,-8.006,217.36444
SOJTIAL12AB018BCC1,Capital Tax,Slide In - Slide Out,100.198,9,1,4,-8.902,252.1073
SOZNLII12AB017EA4B,Michael Stanley Band,Spanish Nights,92.161,7,1,4,-11.768,346.56608
SOTJTQO12AB0183126,Moist,Far Beyond The Endless,131.98,2,1,4,-9.795,360.98567
SOSGFCZ12AB0188410,Tony Joe White,If I Ever Saw A Good Thing (Album Version),150.031,9,1,4,-11.166,201.03791
SORPENK12A8C142C88,Otis Taylor,Talking About It Blues,148.022,9,1,4,-11.002,285.72689
SORCTMT12A58291950,Akon,Lonely,90.069,1,1,4,-10.87,211.66975
SOKLOWV12A6D4F74BC,M.A. Numminen,KOOKOSP}HKIN} - I'VE GOT A LOVELY BUNCH OF COCONUTS-,134.972,7,1,1,-4.792,168.51546
SOINVOE12AB0183171,Johnny Cash,Hank & Joe and Me,154.619,1,1,4,-21.916,127.99955
SOWTHTG12AB0180B28,The Sensational Alex Harvey Band,Framed,92.461,5,1,3,-9.253,536.0322
SOMPRSK12A8C13993E,Harald Kloser,Jane's Theme,84.269,6,0,3,-18.765,178.1024
SOBCGNG12A81C23752,Fountains Of Wayne,You Gotta Go,85.047,0,1,4,-3.594,126.87628
SOQUWUE12A8C139B47,Angela Stewart,Ready For The Love,142.674,6,1,4,-11.91,211.33016
SOENANC12A8C134906,Dons,Best Kept Secret,124.031,0,1,4,-5.08,240.22159
SOZIMCK12AB0187B6E,Since The Flood,Guardian Angel,174.281,1,1,4,-2.517,194.92526
SODRQRZ12A58A7BBC4,The Business,Class Compromise (&History's Glory),115.586,0,1,1,-4.162,144.77016
SOIAMPB12AB018AB06,Del Horno,Once,189.331,7,1,3,-6.153,521.89995
SOCOLDY12A6701E98B,Aerosmith,Same Old Song And Dance,133.596,0,1,4,-5.686,357.53751
SODUZTQ12A8AE48067,Dells,Why Do You Have to Go,108.926,0,1,4,-12.057,159.05914
SOUATHD12A8C133C77,Nestor Torres,Luna Latina,148.426,2,0,4,-9.498,330.23955
SORJGVR12A58A7C3C8,Dilated Peoples Featuring Devin The Dude,Poisonous (Edited) (Feat. Devin The Dude),178.13,4,0,7,-5.703,221.28281
SOBTWLJ12A58A7DDD2,Gym Class Heroes,To Bob Ross With Love (Album Version),93.408,6,0,4,-7.468,158.64118
SOBGMQS12A8C1371A8,Stellar Kart,I Give Up (Album Version),162.024,1,1,4,-3.631,171.25832
SOSRAUR12A8C13F697,Johnny Copeland,Jambalaya (On The Bayou),87.231,10,0,3,-11.336,221.962
SOESGZE12AB018994E,Bon Jovi,The Distance,89.008,6,1,4,-5.125,345.96526
SOORYUV12AB0183C3E,Beenie Man,Cross The Bridge,118.101,2,1,3,-11.677,219.402
SOMSVWH12A67AE1252,Eric Burdon,Comeback,166.748,2,1,1,-6.818,125.51791
SOYCABE12A8C142BD5,FFH,You And Only You,116.446,0,0,4,-5.038,215.50975
SOMMGDG12AB018376F,DJ Phiene,Thump Thump Da Box,165.048,0,1,4,-3.547,190.22322
SONAMOI12AB0182AA1,Hanoi Rocks,Mental Beat,135.648,0,1,4,-4.456,304.22159
SODQNJB12A6D4F66A0,Viki Mosholiou,I Adara_ To Lenaki Ki I Rinio (Fuss_ Lenaki And Rinio) (2006 Digital Remaster),99.611,0,1,5,-7.637,218.14812
SOGKXIV12AAF3B5E4D,Guitar Slim,Won't You Spread Some Flowers On My Grave,121.526,4,1,1,-15.209,181.39383
SOVYUVO12A8C13CF24,Max Stalling,Scars and Souvenirs Intro,112.629,6,0,7,-12.29,43.85914
SOZTNJU12AB018A581,6CycleMind,Talkin' Bout A Revolution,84.27,1,1,4,-10.45,278.38649
SOKAVYA12AB0188454,AFI,Too Shy To Scream,94.937,8,1,4,-4.606,176.61342
SOJFLGV12A8C141AB3,Magnatune Compilation,I Don't Care If You Lie (C Layne),80.031,9,1,7,-10.317,184.76363
SOKECHN12AB0185200,Jessica Myrberg,I Love Rock n´ Roll,95.972,1,1,4,-4.878,172.7473
SOOGPJF12A8C13F9EF,Shriekback,Squanderer,70.074,8,1,3,-5.968,234.68363
SOTQJBV12AB018A0A9,Kruger,Narechenny Izgoem,140.254,1,0,4,-9.15,407.50975
SOTUDJY12AC9070E78,Solas,Lament for Frankie,47.934,3,1,1,-22.187,192.67873
SOZMHAO12A8C141C2A,Dora The Explorer,Boots The Monkey!,153.033,2,1,5,-8.52,39.73179
SOOYYGD12A8C131830,Russell Malone,Sugar Buzz,86.172,1,1,4,-13.763,286.6673
SOHZTTU12AB0188323,Kingston Trio,Good News,139.38,8,1,1,-12.145,118.69995
SOTFEMQ12A8C13713C,Michael Gettel,Turning Of A Key,95.046,5,1,4,-16.229,272.22159
SODHQLP12A6D4FA6FA,Diego Vasallo,Dos imposibles,128.061,7,1,4,-6.146,225.4624
SOAYSDV12AB0186EE0,Grandmaster Flash,The King,93.856,0,1,4,-16.323,197.79873
SOZAJPJ12AAF3B3872,The Jordanaires,Games People Play,166.199,10,0,4,-13.482,163.23873
SOHTTCC12A8C134381,H-Town,Champagne Bubble Bath,65.971,5,0,3,-5.979,241.71057
SOYGZPA12AB0188EF2,Singing Melody,You're All I Need,109.045,7,1,4,-6.007,224.02567
SOYCYPP12AB0185E21,Seventh Day Slumber,Lead Me To The Cross (Acoustic),150.089,6,1,4,-6.183,287.73832
SOPHUZW12A58A7BD02,Estrellas Cubanas,Fiel Enamorado,203.419,0,1,4,-5.569,329.97832
SODKZHX12AB0180CC7,Joell Ortiz,Warfare,115.933,7,1,4,-7.559,167.88853
SOZVWSE12A6D4F7ADA,Nik & Jay,Gir Dig Mer,125.028,10,1,4,-6.012,207.67302
SOKROPT12A8C141885,Ayo,These Days,82.723,4,0,4,-18.328,288.31302
SODSIZV12AB018A3AB,Stern,Ouverture,120.052,7,1,4,-12.907,283.27138
SOKCXFJ12A8C1350EC,Blind Blake,Dry Bone Shuffle,140.178,10,1,1,-16.923,199.1571
SOLPZUJ12A81C21413,Angela Dimitriou,Mi Mas Agapas,109.695,8,0,4,-8.07,215.562
SOKIDZN12A67020D2D,The Who,Slip Kid,151.796,2,0,4,-9.003,271.69914
SOLVMKY12A8C13A5AE,Andy & Lucas,Dame Un Besito (Version Salsa),103.984,0,1,4,-6.7,270.94159
SORLYBE12AF72AD168,The Fray,She Is,144.239,10,1,4,-6.132,227.60444
SOHZDWZ12A8C136FBD,Vicious Mary,Keysage,88.984,2,0,4,-11.902,229.22404
SORSTYX12A6D4FB4FB,Marco Beltrami,Franks Plea,120.484,5,1,4,-19.306,160.78322
SOQELHR12AC4689565,Oscar Lima,If You Wanna Be My Friend,85.195,10,0,3,-8.66,218.72281
SOPFOCW12A8C134550,Trafik,Le Beeatch,128.012,10,0,4,-7.671,372.94975
SOGWIIH12A8C137323,Deodato,Somewhere Out There (Album Version),136.177,10,1,4,-9.372,283.0624
SOFKSJC12A8C13483C,Harry Gregson-Williams,Sanchez Family,160.038,9,1,3,-15.118,284.682
SORLELP12AB017F1F9,Gus Viseur,Quinze mai,211.974,6,0,3,-14.669,193.38404
SOPEBJN12AB0188E0A,Gran Coquivacoa,Gaita Pueblera,167.567,9,0,3,-11.837,163.47383
SORPZVB12A6D4F9D44,Ray Barretto,I Think About You (LP Version),134.211,0,1,4,-11.15,272.95302
SOXEXQD12A58A7E72F,MICHAEL WHITE,Matriarch (LP Version),112.289,4,0,4,-13.879,158.56281
SOIDDGN12AB018371D,Thomas Battenstein,Plage de Belle Maison,133.166,9,1,3,-27.706,237.50485
SOMYZTG12A67020D51,The Jam,Bricks And Mortar,145.115,1,1,1,-9.696,157.3873
SORGFZA12A8C13EF1E,Rockit,Stuck On Rewind,91.951,1,1,4,-10.157,219.66322
SOQXUCZ12AB0187B3C,KRS-One,Freestyle Ministry (server Verbals),95.285,10,0,4,-4.178,136.95955
SOJTLYI12A58A7B730,Lorna,He Dreams Of Spaceships,84.054,0,1,1,-11.108,273.34485
SOHVUVA12A8C13E1A9,Bob McKenzie / Doug McKenzie,This Is Our Album_ Eh?,77.718,11,0,3,-28.096,224.46975
SOEWNIU12A58A7B68B,Constance Demby,Moving On,153.942,4,1,7,-13.129,285.75302
SOXNVDF12A8C1343BA,David Robertson,Love Is An Uphill Climb  (),127.686,7,1,4,-11.584,285.04771
SOBHWFA12AB018E88D,Blingtones,South Side Rep Your Hood (Ringtone_ Sonnerie),153.803,8,1,4,-11.883,39.05261
SOMVWOV12AAF3B3883,Call To Preserve,Open your Eyes,115.09,4,1,1,-2.045,199.78404
SODANYE12AB0182941,R. Carlos Nakai,Red Wind (World),142.151,7,0,4,-24.997,551.81016
SOBXRGX12A8C138B59,Jose Luis Perales,¿Y Cómo Es Él?,76.449,10,1,1,-13.47,247.01342
SOBGEJO12A8C1402F3,Birds of Prey,To My Victim's Families,117.463,1,1,4,-4.914,162.48118
SOKYMFL12AF72A25AA,Nick Cave & The Bad Seeds,Sleeping Annaleah (2009 Digital Remaster),125.112,7,1,1,-10.168,196.62322
SOMUGVG12AB0188002,Unwritten Law,Up All Night (Acoustic Live Album Version),111.943,3,1,4,-7.742,174.10567
SOCAHVE12AC3DFA206,Juan Carmona,Juncales,156.833,10,1,4,-8.218,369.89342
SOLZJMM12AB0182830,Laurindo Almeida / Charlie Byrd,Tanguero,116.181,7,0,4,-19.884,232.6722
SOQFBNJ12AB017FFD0,Wednesday 13's Frankenstein Drag Queens From Planet 13,197666 w/ Special Guest The Confederate Crusader (Album Version),183.512,9,0,1,-4.625,146.85995
SOYJKGB12AB01877C7,David & Steve Gordon,Evenglow,64.634,2,0,3,-28.431,311.35302
SOSXRQG12A8C1325D6,Willy DeVille,Louise,60.646,7,1,1,-8.975,282.30485
SOSSXDE12A58A7DD66,Washboard Sam,Big Woman,177.878,0,1,4,-17.36,171.62404
SOGJPMB12A8C13A9DB,Cut Copy,Unforgettable Season,129.975,10,1,4,-3.592,195.21261
SOEYHBE12AB01848F6,Maroon 5,This Love,114.998,10,0,4,-6.04,177.52771
SOXBEKP12A6D4F979E,N.W.A.,Approach To Danger (Edited),189.801,6,1,4,-5.032,165.19791
SOGHASM12A8C140D10,Tarheel Slim,Somebody Changed the Lock,174.52,6,1,1,-24.72,153.62567
SOGAISJ12AB0180168,Memphis Minnie,My Butcher Man,107.452,1,1,3,-16.536,180.29669
SOZSRHD12AB0189A2C,Little Jr. Parker,Mother-In-Law Blues,101.914,4,1,3,-14.925,154.8273
SORYGBM12AB0186F25,Dan Moretti,Dreams - Original,84.791,5,1,4,-10.474,341.49832
SOEDKVK12AC468B6B5,Jesus Jones,Move Mountains (BBC In Concert),119.729,2,1,4,-10.248,269.29587
SOCBINM12AC468678F,Speech,Have Fun Prelude,72.845,1,1,3,-19.406,24.92036
SOMBHKR12A58A7CAD3,Billy Higgins,Peace,206.609,8,1,4,-11.92,314.40934
SOTETFB12A8C13BDE9,Army of the Pharoahs,Listen Up,92.099,6,0,4,-8.316,242.25914
SOETKNB12A6D4FCC6A,Smokin' Joe Kubek & Bnois King,Tell Me Why,115.863,9,0,4,-6.854,221.3873
SOUNBSH12AB01888C0,Junior M. A. F. I. A.,We Don't Need It (Amended Album Version),129.58,1,1,5,-8.007,258.37669
SORYYCT12A8C13FFAE,A Static Lullaby,The Everlasting Gaze (A Static Lullaby),150.075,2,1,4,-6.571,241.10975
SOAIOOJ12A8C1385D2,Phantom Planet,After Hours,113.874,4,1,4,-5.482,164.12689
SOANMAB12AF72A2AAD,50 Cent / Mobb Deep,Outta Control,91.981,11,1,4,-5.804,247.77098
SOBOUAF12A8C13CE4A,Pegy Zina,Psihi Mou Moni,125.027,9,0,3,-8.189,196.362
SONZCGY12A8C1403C1,Mario Rosenstock,Mercedes Benz,181.731,5,1,5,-5.396,55.66649
SOTWXMH12AB0180E01,Shangri Las,So Much Love,132.149,9,1,1,-15.636,134.68689
SOKDCSL12A8C13B736,DJ Deeon,Rubber Track,95.571,7,1,3,-14.696,211.09506
SOKZRVN12A8C13F948,Suicide,Night Time,185.46,0,1,3,-5.537,394.73587
SOGNPYN12A6D4F9078,Apache Indian,Real People (Cybernetic Dub),97.994,10,0,4,-6.136,286.77179
SOQGNNY12A6D4F5619,The Four Pennies,Juliet,101.308,6,1,1,-9.427,144.14322
SOURIGQ12AB017FCA3,Jah Wobble & Bill Laswell,Subcode,155.193,7,1,4,-12.997,463.35955
SONSQLD12A6310D960,Nick Cave & The Bad Seeds,Where Do We Go Now But Nowhere,122.002,7,0,3,-18.942,345.75628
SOMSMYI12A58A7C1EA,Five Fingers of Funk,Let It Flow (Feat. Gauran-T and Freaky Frederali),111.924,2,0,1,-9.999,177.00526
SOEHODD12A6D4F9FFF,Leon Russell,Hummingbird,86.994,5,1,4,-12.893,226.21995
SOFXBFL12AB01873CE,Blind Willie McTell,Let Me Play With Yo' YoYo,170.462,1,1,4,-16.227,188.21179
SOBUDNE12AB018E772,Big Star,Thirteen [Live at Lafayette's Music Room_ Memphis_ TN_ January 1973],103.28,7,0,4,-10.132,181.26322
SOWYWXS12AC468889C,Jimmie Davis,It Makes No Difference,118.977,4,1,3,-17.33,183.87546
SOSQVWS12A8C13695C,Leana,Pack Your Bags (Jake Benson Club Mix),132.995,1,1,4,-10.228,425.92608
SOHYWLZ12A6D4FBB22,Soulwax,Much Against Everyone'S Advice (Dave Bascombe Radio Mix),137.328,7,1,1,-8.099,171.4673
SONPIOB12AB0189AFC,Vonray,Part Of Me (LP Version),108.011,8,1,4,-5.472,230.08608
SOWWUUZ12A6D4FA8CA,Dionne Warwick,I've Been Loving You Too Long (LP Version),126.54,10,1,3,-12.992,214.38649
SOFGKES12AB018930D,Les Ogres De Barback,Femme du guerrier,209.384,7,0,3,-10.032,278.12526
SOHLXPY12A8C1319B6,John Fogerty,Don't You Wish It Was True,124.505,4,1,4,-5.187,250.95791
SOWHJWV12A6D4F843E,Anne Dudley,Victims of the occupation,95.777,1,0,7,-18.671,94.69342
SOSBLDO12A8C13792D,Ivan Parker,Close To The Well (Live),84.922,10,0,4,-11.83,163.05587
SOAWIMZ12A6D4F7755,Darwin Hobbs,Worshipper's Medley,111.417,1,1,5,-7.087,621.7922
SOHMJRA12AB0186A48,THE AD LIBS,Johnny My Boy - Original,127.356,11,1,4,-8.693,163.99628
SOBKZAH12AB01849A1,Sofia Karlsson,Andra sidan,152.338,3,1,4,-16.757,172.93016
SOQSAXZ12AB0186CE8,Uriah Heep,Falling In Love,165.976,5,1,4,-8.535,184.55465
SOBNBUT12A8C1444F3,Eric Burdon,Leo's place,138.593,7,1,4,-12.733,246.5171
SOMWBPP12A6D4F7B23,Korn,Coming Undone (Sleazy Days Rock Electro Remix) (Acid Planet Remix -- France),150.017,7,1,4,-3.533,200.80281
SOXOLXL12AB0180979,Jill Paquette,Sometimes Yes_ Sometimes No,144.027,6,1,4,-9.922,199.70567
SOPXSEX12A8C13E4CE,PRE,Greasers,142.107,9,1,1,-3.972,92.70812
SOAZUSH12A58A7A561,Lyrics Born,Stop Complaining/Remix/Jam,110.925,7,1,4,-5.407,445.49179
SOTBMWN12A6D4F58CD,Humanzi,Fix The Cracks,158.972,0,0,4,-6.114,274.99057
SOPHQUV12A8C130BF8,David Tao,Love Can,148.02,6,0,4,-6.806,261.82485
SOBZIBE12A58A7FF40,P.O.D.,Wildfire (Album Version),146.063,2,0,4,-4.436,195.81342
SOYVZLL12AAF3B2276,Julie Zenatti,A Quoi Ca Sert,134.882,9,0,4,-5.559,201.66485
SOPUSHG12AB0185454,Bob Wills,Linda Lou,109.657,3,1,1,-14.928,151.69261
SOAVSMQ12A8C1326AC,Chaotica,Hypergasm,140.007,9,0,4,-10.589,235.07546
SONQCXQ12AB017BBAE,Pelle Carlberg,I Love You_ You Imbecile,155.07,7,1,4,-4.403,174.81098
SOJIGFG12A6D4F7781,Eddy Raven,In A Letter To You (Digitally Remastered 98),129.266,8,1,4,-10.008,202.52689
SOLRAOY12A6D4F7452,Remmy Ongala,Pamella,123.669,7,1,4,-12.532,325.3024
SOKZYNC12AB01869B2,Gabriela Anders,Love Is So Unkind (Album Version),148.119,0,0,4,-9.394,228.07465
SOXDCWZ12AB0184FF6,Carl Crack,Sonnenfreunde,107.054,8,1,3,-14.159,78.96771
SOPDZXV12A58A77173,Parachute Band,Thine Is The Kingdom,87.967,9,1,4,-4.747,285.36118
SOSXSPA12A58A7C152,Michael Stanley Band,He Can't Love you,151.716,0,1,4,-10.922,216.34567
SOUUQYO12A8C13A285,Hunters,Ho Sake To,130.051,11,1,4,-8.027,342.38649
SOOZVPD12AB018A3DF,Jason & The Scorchers,Mother Of Greed,122.025,0,1,4,-4.3,252.49914
SOXXODX12A8C13F040,Claire Elzière,Les frelons (Live),163.066,5,1,1,-13.4,92.89098
SOKGWST12A8C13971B,Mötley Crüe,Afraid,124.024,0,1,4,-5.668,248.21506
SOTIJLO12AB018066C,Sivuca & Camerata Brasílica,A Doce Canção de Nélida,152.282,0,0,4,-15.085,220.39465
SOFMGPZ12A8C1383B1,Greater Vision,I Was Blind But Now I See,105.06,5,1,4,-7.084,187.89832
SOTMCZC12A6D4FBD74,Theodore Shapiro,Gun Pull,131.409,7,1,1,-32.166,109.84444
SOIQNTY12A6D4F5FE9,Bill Murk,Amazing Grace,126.664,7,1,4,-9.237,219.14077
SOZMZZO12AB0180F1B,Marco Beltrami,The Wrapper,202.578,5,1,1,-26.527,168.30649
SOTXWVG12A8C13BDFC,Jere McAllister,Let the Music Use You (Next Generation Mix),126.319,10,0,4,-11.283,460.43383
SOQKDST12AB017E321,Nando Lauria,Sonho (Dream),143.212,2,1,1,-23.172,350.56281
SOMMDLC12AB0184BEE,Emotion Code,Flip Over And Upsidedown,120.002,0,1,4,-6.412,594.99057
SOEDFSM12AB0187587,Faith Hill & Tim McGraw,Let's Make Love (Album Version),146.85,5,1,4,-8.355,252.89098
SOPPYJL12A8C1436F7,Jimmy McCracklin,Street Loafin' Woman,96.2,4,0,7,-26.246,179.35628
SOMULQW12A6D4F6371,Jesse Malin,Broken Radio,129.953,4,1,4,-7.95,219.19302
SOYMDFH12A8C13CEEF,Fredi,Tule illoin,166.555,2,1,4,-13.691,181.36771
SOZKQWY12A6D4FA5E6,Tito Puente,Flight To Jordan,135.374,8,1,4,-14.445,356.41424
SOFIBPT12A6D4F65E1,Daniel Johnston,Rock Around The Christmas Tree,133.142,4,1,4,-7.324,130.55955
SOMLGKF12AB017DF3C,Radiohead,Vegetable (Live),115.906,7,1,4,-9.958,188.31628
SOWUARL12AC468AC3C,Mister Ries,So It Goes,150.009,8,1,4,-14.113,191.7122
SOCQFBK12A6D4F86DB,Twila Paris,Come Emmanuel (House Of Worship Album Version),88.618,11,1,4,-11.416,207.41179
SOAMLOF12A6D4F8AE4,The Motors,Love Round The Corner,154.167,4,1,4,-6.433,161.64526
SOJQLDK12AC468E6C5,Art Ensemble Of Chicago,Horn Webb,121.611,0,1,5,-15.339,164.77995
SOVCXUP12AB017E0E6,Ill Harmonics,Contagious,95.954,1,1,4,-8.602,267.88526
SOANMBZ12AAF3B5204,Jimmy McCracklin,Give My Heart A Break aka You Don't Seem To Understand,147.633,10,1,4,-9.517,180.87138
SOVRPJN12A8C1399AE,Dropkick Murphys,Amazing Grace (Album Version),183.684,3,1,4,-5.232,158.64118
SONUSLF12A6D4F7769,Leona Naess,Star Signs,129.887,4,1,4,-14.507,292.88444
SOQYKUT12A8C143BC7,Set Your Goals,summer jam,99.024,8,1,4,-3.242,185.86077
SOAYQTC12AB0182A48,Jeff Wahl,India,150.081,2,1,3,-25.416,124.682
SOMRXYJ12AB0185687,Solitaire,Blue Lights Flashing,120.27,9,1,4,-5.769,260.70159
SOMRFYQ12A8C1325B2,Shelby Lynne,Pretend,100.848,4,1,4,-17.514,167.07873
SOMVCFU12A8C141903,Circular,Calm,91.397,0,1,1,-22.786,429.29587
SOXXEJT12A58A7D55E,Bullethole,Now I Know,168.009,1,1,5,-6.001,226.66404
SOTKNLA12AB01826E7,Lady GaGa,Poker Face,86.499,3,1,4,-11.323,243.33016
SOWMQNJ12A8AE471EE,Tracy Byrd,Just Let Me Be In Love,96.068,0,0,4,-7.695,227.57832
SOIPQBF12AB018C890,Vrse Murphy,Wrong Decision (Instrumental),99.106,6,1,4,-12.123,234.23955
SOWTTOG12A8C13ED7C,The Dee Jays,I'll Never Get Over You,133.974,9,1,4,-5.19,123.16689
SOUALWG12AB0188588,Nerf Herder,Golfshirt Pt. 2,135.083,7,1,4,-6.077,147.43465
SOXMWPM12AB0185A0A,YGGDRASIL,Nordmark,104.186,7,0,3,-7.317,328.69832
SOKQHTW12A6D4F95B3,Moraes Moreira,Ares Populares/Asa Branca,193.99,2,1,4,-12.793,193.41016
SOYMECD12AB0186797,Prozak,Its Too Late Now,200.004,0,0,4,-4.449,195.42159
SOEIGCK12A8C13B5D7,Blackbyrds,Do It_ Fluid,194.922,5,0,7,-7.863,325.92934
SODSHVF12A8AE481D2,Shaggy,Criteria,99.994,9,1,4,-6.658,223.4771
SOLLARE12A8C136DF8,Los Fabulosos Cadillacs,La Vida,106.798,0,0,4,-4.537,192.07791
SOWKBWM12AB01857A4,Big Rich featuring Devo,This Is How We Live: Northern Cali,94.378,1,1,4,-6.887,204.43383
SOBMUGA12A8C13A751,Johann Köhnich,Die Gesellschaft,124.015,1,1,1,-15.972,376.05832
SOWNDMV12AC9072EE7,Anthony Watson,Missing You,120.211,2,0,4,-6.941,248.29342
SOQUEMR12A6D4FAD07,Mix Mob,Who's 2 Blame,90.621,9,1,4,-9.079,237.45261
SOTGRAB12A6D4FA555,Flexy,Toca Me (Album Version),126.034,8,0,4,-5.779,241.97179
SOFAKTP12A8C13D296,FU-Schnickens,Visions (20/20),90.846,6,1,4,-11.041,313.80853
SOHKTJX12AB0185A8D,Sugar Minott,A True,152.91,1,1,4,-7.651,206.78485
SOYPEPK12A8C141727,Birmingham Jubilee Singers,Rollin' Down To Jordan,90.942,1,1,1,-17.839,200.17587
SOQLWTW12A8C13EA1F,Christos Dantis,24.000 Baci,166.138,11,0,4,-7.604,128.83546
SOUXUTH12A58A79E1F,Valient Thorr,Problem Solver,91.858,1,0,4,-6.641,200.64608
SOZXJQK12AB018547A,Lizzy Borden,Psychopath,145.883,9,1,7,-8.38,234.91873
SOQZBVF12A8C13813A,Northern State,Last Night,129.352,6,1,5,-7.492,208.09098
SOFUPPL12A8C143A06,Johnny Copeland,Circumstances,120.765,4,0,3,-11.61,305.6322
SOFDVPO12A6D4F703C,Brenda Lee,Everybody Loves Me But You,107.073,7,1,3,-15.603,151.03955
SOGKJVN12A6D4F7C75,Patience Dabany,Abagui Alobi,124.293,5,1,4,-10.672,369.162
SOEKOOF12A8C145EBD,Marcio Faraco,Sarapatel Humano,134.777,0,1,4,-13.485,293.43302
SOQATPT12AB0189A22,Patrick Saint-Eloi,Mo lanmou,106.633,9,1,3,-10.797,199.05261
SODFGNK12AB0184C02,Akissa,Le Vivre Pour Le Croire,112.864,11,1,5,-5.805,253.70077
SOZMQND12A58A7DBE1,Marty Robbins,A Castle In The Sky,119.324,4,1,4,-10.427,181.41995
SOXMMST12AB017F420,Eric B. & Rakim,Follow The Leader,219.94,10,0,7,-9.406,335.01995
SOPQXKA12AB01861CA,Vince Guaraldi,Room At The Bottom,74.255,5,1,1,-24.669,270.75873
SOOIAPL12AB018C4FE,Humanzi,Amsterdamaged,120.948,8,1,4,-9.253,242.99057
SOTOMJM12A8C134AA2,Aerosmith,Milkcow Blues,103.976,7,1,4,-10.672,255.65995
SOCJJDX12A8C13E745,Aswad,Rudeboy,199.826,1,0,7,-10.789,258.42893
SOOXNKG12A58A7C6BC,Cindy Morgan,Someone Believes In You - Album Version,92.411,0,1,4,-13.316,287.05914
SOJIVAI12AC468E08E,DJ X-Change,Shawty Say,160.045,10,0,4,-6.363,199.73179
SOBYHQA12AB0185B69,Mighty Mighty Bosstones,Do Somethin' Crazy,186.6,4,0,4,-9.769,147.46077
SOSZDPD12A6D4F6ECA,Isabelle Adjani,Entre Autre Pas En Traître,130.273,7,0,4,-16.755,179.77424
